datetime,actual_kw,predicted_kw
2010-10-26 21:30:00,0.31080002,0.38033205
2010-10-26 21:45:00,0.22626667,0.39040208
2010-10-26 22:00:00,0.2944,0.41766566
2010-10-26 22:15:00,0.27426666,0.4204205
2010-10-26 22:30:00,0.26000002,0.39787897
2010-10-26 22:45:00,0.27186668,0.37814793
2010-10-26 23:00:00,0.29479998,0.37604424
2010-10-26 23:15:00,0.26213333,0.34540483
2010-10-26 23:30:00,0.24826668,0.35537326
2010-10-26 23:45:00,0.32586667,0.34300795
2010-10-27 00:00:00,0.22346665,0.3234105
2010-10-27 00:15:00,0.28,0.32888615
2010-10-27 00:30:00,0.2625333,0.3603657
2010-10-27 00:45:00,0.2853333,0.3047514
2010-10-27 01:00:00,0.20746666,0.3147658
2010-10-27 01:15:00,0.34186664,0.31601262
2010-10-27 01:30:00,0.21893333,0.31504053
2010-10-27 01:45:00,0.2624,0.3052227
2010-10-27 02:00:00,0.29026666,0.32247278
2010-10-27 02:15:00,0.25826666,0.30938745
2010-10-27 02:30:00,0.24679999,0.31028813
2010-10-27 02:45:00,0.28466666,0.32284725
2010-10-27 03:00:00,0.26973334,0.3085265
2010-10-27 03:15:00,0.22773333,0.31252623
2010-10-27 03:30:00,0.31413332,0.32319158
2010-10-27 03:45:00,0.23546667,0.3224309
2010-10-27 04:00:00,0.27986667,0.3057324
2010-10-27 04:15:00,0.23320001,0.32902485
2010-10-27 04:30:00,0.31266668,0.31094995
2010-10-27 04:45:00,0.20253332,0.30733153
2010-10-27 05:00:00,0.30013332,0.30882484
2010-10-27 05:15:00,0.2496,0.3092952
2010-10-27 05:30:00,0.2593333,0.29302722
2010-10-27 05:45:00,0.24613333,0.30803025
2010-10-27 06:00:00,0.29906666,0.32593462
2010-10-27 06:15:00,0.24693333,0.32781866
2010-10-27 06:30:00,0.23893332,0.37934923
2010-10-27 06:45:00,0.31080002,0.37069288
2010-10-27 07:00:00,0.2248,0.3451863
2010-10-27 07:15:00,0.2628,0.32332164
2010-10-27 07:30:00,0.29106668,0.3464531
2010-10-27 07:45:00,0.27266666,0.3364557
2010-10-27 08:00:00,0.21000001,0.3599345
2010-10-27 08:15:00,0.3392,0.3370353
2010-10-27 08:30:00,0.20040001,0.3401765
2010-10-27 08:45:00,0.2824,0.34190166
2010-10-27 09:00:00,0.25586668,0.32298762
2010-10-27 09:15:00,0.27773333,0.30931965
2010-10-27 09:30:00,0.27493334,0.31570798
2010-10-27 09:45:00,0.5492,0.3111149
2010-10-27 10:00:00,0.27306664,0.41028887
2010-10-27 10:15:00,0.32079998,0.3665586
2010-10-27 10:30:00,0.3169333,0.35215622
2010-10-27 10:45:00,0.24599998,0.3339695
2010-10-27 11:00:00,0.25853333,0.3413094
2010-10-27 11:15:00,0.29626667,0.3416345
2010-10-27 11:30:00,0.2705333,0.3310772
2010-10-27 11:45:00,0.22279999,0.31790057
2010-10-27 12:00:00,0.32146665,0.32512638
2010-10-27 12:15:00,0.2324,0.31077668
2010-10-27 12:30:00,0.28853333,0.30766392
2010-10-27 12:45:00,0.4362667,0.32368213
2010-10-27 13:00:00,0.35333332,0.3489876
2010-10-27 13:15:00,0.20466666,0.3451935
2010-10-27 13:30:00,0.2868,0.35188735
2010-10-27 13:45:00,0.29066667,0.34599236
2010-10-27 14:00:00,0.2717333,0.32942474
2010-10-27 14:15:00,0.384,0.32699677
2010-10-27 14:30:00,0.33453333,0.34902507
2010-10-27 14:45:00,0.23866667,0.33862507
2010-10-27 15:00:00,0.266,0.33493504
2010-10-27 15:15:00,0.31506667,0.3338929
2010-10-27 15:30:00,0.2496,0.30927703
2010-10-27 15:45:00,0.25626665,0.3043567
2010-10-27 16:00:00,0.30973333,0.31662157
2010-10-27 16:15:00,0.27066666,0.30705366
2010-10-27 16:30:00,0.2272,0.30246687
2010-10-27 16:45:00,0.34933332,0.31780702
2010-10-27 17:00:00,0.22693333,0.31483206
2010-10-27 17:15:00,0.2909333,0.30033717
2010-10-27 17:30:00,0.25226668,0.32217202
2010-10-27 17:45:00,0.3316,0.30518195
2010-10-27 18:00:00,0.27533334,0.3130811
2010-10-27 18:15:00,0.37866667,0.32399288
2010-10-27 18:30:00,0.40106666,0.32622337
2010-10-27 18:45:00,0.5148,0.34397528
2010-10-27 19:00:00,0.46093333,0.4445053
2010-10-27 19:15:00,0.5958666,0.4113766
2010-10-27 19:30:00,0.7433333,0.47291854
2010-10-27 19:45:00,0.456,0.5570126
2010-10-27 20:00:00,0.566,0.50720686
2010-10-27 20:15:00,0.46266663,0.5355831
2010-10-27 20:30:00,0.5146666,0.50763136
2010-10-27 20:45:00,0.90253335,0.522479
2010-10-27 21:00:00,1.1366667,0.6876954
2010-10-27 21:15:00,0.5124,0.8518729
2010-10-27 21:30:00,0.3128,0.70120376
2010-10-27 21:45:00,0.28453335,0.5834352
2010-10-27 22:00:00,0.36933333,0.4893102
2010-10-27 22:15:00,0.2681333,0.45484087
2010-10-27 22:30:00,0.28253332,0.4212903
2010-10-27 22:45:00,0.3308,0.39259976
2010-10-27 23:00:00,0.26893333,0.3834745
2010-10-27 23:15:00,0.26293334,0.36862916
2010-10-27 23:30:00,0.3169333,0.3495096
2010-10-27 23:45:00,0.76439995,0.34813032
2010-10-28 00:00:00,0.7013333,0.5192911
2010-10-28 00:15:00,0.96666664,0.5547855
2010-10-28 00:30:00,0.5644,0.65189743
2010-10-28 00:45:00,0.67,0.5465644
2010-10-28 01:00:00,0.6338666,0.5416779
2010-10-28 01:15:00,0.6512,0.5410735
2010-10-28 01:30:00,0.57386667,0.5422279
2010-10-28 01:45:00,0.70253336,0.5063352
2010-10-28 02:00:00,0.5797333,0.57116264
2010-10-28 02:15:00,0.63199997,0.5203426
2010-10-28 02:30:00,0.6417333,0.55366284
2010-10-28 02:45:00,0.62479997,0.5676858
2010-10-28 03:00:00,0.5956,0.5671017
2010-10-28 03:15:00,0.6618667,0.54859257
2010-10-28 03:30:00,0.6174667,0.5525235
2010-10-28 03:45:00,0.5956,0.55882
2010-10-28 04:00:00,0.67440003,0.52410865
2010-10-28 04:15:00,0.59720004,0.5823549
2010-10-28 04:30:00,0.6328,0.5476789
2010-10-28 04:45:00,0.63133335,0.55546284
2010-10-28 05:00:00,0.63920003,0.56538653
2010-10-28 05:15:00,0.55546665,0.5518034
2010-10-28 05:30:00,0.3624,0.4923917
2010-10-28 05:45:00,0.236,0.44686478
2010-10-28 06:00:00,0.30493334,0.39674127
2010-10-28 06:15:00,0.29773334,0.36646047
2010-10-28 06:30:00,0.33826667,0.34601116
2010-10-28 06:45:00,0.32066664,0.33922777
2010-10-28 07:00:00,0.39173332,0.34008625
2010-10-28 07:15:00,0.26399997,0.34712812
2010-10-28 07:30:00,0.24719998,0.35245138
2010-10-28 07:45:00,0.29399997,0.34545478
2010-10-28 08:00:00,0.25946662,0.3560693
2010-10-28 08:15:00,0.25266662,0.33291435
2010-10-28 08:30:00,0.34359995,0.3290175
2010-10-28 08:45:00,1.0676,0.33594733
2010-10-28 09:00:00,0.66253334,0.58645654
2010-10-28 09:15:00,1.0002667,0.5667824
2010-10-28 09:30:00,0.5464,0.6486301
2010-10-28 09:45:00,0.28599998,0.5938542
2010-10-28 10:00:00,0.21133333,0.44555795
2010-10-28 10:15:00,0.33333334,0.39524052
2010-10-28 10:30:00,0.214,0.3746318
2010-10-28 10:45:00,0.26893333,0.368856
2010-10-28 11:00:00,0.2776,0.37114125
2010-10-28 11:15:00,0.25666666,0.34524477
2010-10-28 11:30:00,0.23946667,0.35860458
2010-10-28 11:45:00,0.3048,0.35354444
2010-10-28 12:00:00,0.25213334,0.32938665
2010-10-28 12:15:00,0.23493332,0.33262998
2010-10-28 12:30:00,0.32106668,0.32663664
2010-10-28 12:45:00,0.22666666,0.3314803
2010-10-28 13:00:00,0.27146667,0.30718789
2010-10-28 13:15:00,0.28773335,0.3332345
2010-10-28 13:30:00,0.27853334,0.32780033
2010-10-28 13:45:00,0.20386668,0.31460238
2010-10-28 14:00:00,0.34946668,0.32917485
2010-10-28 14:15:00,0.20533332,0.32047826
2010-10-28 14:30:00,0.27786666,0.3032215
2010-10-28 14:45:00,0.27013335,0.31641898
2010-10-28 15:00:00,0.28426665,0.31113636
2010-10-28 15:15:00,0.22586666,0.31127745
2010-10-28 15:30:00,0.31226668,0.31100604
2010-10-28 15:45:00,0.25333333,0.31301823
2010-10-28 16:00:00,0.2532,0.30014396
2010-10-28 16:15:00,0.29106668,0.31716487
2010-10-28 16:30:00,0.26493332,0.30508018
2010-10-28 16:45:00,0.25906667,0.31405708
2010-10-28 17:00:00,0.2708,0.3159521
2010-10-28 17:15:00,0.31239998,0.31696463
2010-10-28 17:30:00,0.62160003,0.30924073
2010-10-28 17:45:00,0.7176,0.45285302
2010-10-28 18:00:00,0.63186663,0.53759855
2010-10-28 18:15:00,0.5104,0.57124525
2010-10-28 18:30:00,0.2364,0.5344413
2010-10-28 18:45:00,0.5224,0.47777346
2010-10-28 19:00:00,0.2889333,0.4876461
2010-10-28 19:15:00,0.30306664,0.43258783
2010-10-28 19:30:00,0.22173332,0.41300878
2010-10-28 19:45:00,0.3396,0.381456
2010-10-28 20:00:00,0.2448,0.36769497
2010-10-28 20:15:00,0.2810667,0.36005622
2010-10-28 20:30:00,0.27479997,0.37970024
2010-10-28 20:45:00,0.30146664,0.3807112
2010-10-28 21:00:00,0.23266667,0.36157504
2010-10-28 21:15:00,0.30053332,0.33594245
2010-10-28 21:30:00,0.27306664,0.33466786
2010-10-28 21:45:00,0.25466666,0.3052029
2010-10-28 22:00:00,0.28173333,0.32006067
2010-10-28 22:15:00,0.29866666,0.3182769
2010-10-28 22:30:00,0.25599998,0.3177691
2010-10-28 22:45:00,0.26319999,0.32075134
2010-10-28 23:00:00,0.32320002,0.33035603
2010-10-28 23:15:00,0.236,0.3183299
2010-10-28 23:30:00,0.28426665,0.3448701
2010-10-28 23:45:00,0.2788,0.34705395
2010-10-29 00:00:00,0.27906665,0.32074958
2010-10-29 00:15:00,0.22866665,0.32250154
2010-10-29 00:30:00,0.33946666,0.3096812
2010-10-29 00:45:00,0.20306666,0.31232357
2010-10-29 01:00:00,0.29946667,0.30475944
2010-10-29 01:15:00,0.26319999,0.31956467
2010-10-29 01:30:00,0.29053333,0.3030653
2010-10-29 01:45:00,0.2128,0.31003416
2010-10-29 02:00:00,0.34253332,0.31446898
2010-10-29 02:15:00,0.21973333,0.31634212
2010-10-29 02:30:00,0.25959998,0.30470598
2010-10-29 02:45:00,0.296,0.3235488
2010-10-29 03:00:00,0.25466666,0.3201126
2010-10-29 03:15:00,0.236,0.31411222
2010-10-29 03:30:00,0.30666667,0.32527015
2010-10-29 03:45:00,0.25466666,0.31591094
2010-10-29 04:00:00,0.23666666,0.30924898
2010-10-29 04:15:00,0.3164,0.32765213
2010-10-29 04:30:00,0.2328,0.3244611
2010-10-29 04:45:00,0.27159998,0.3176151
2010-10-29 05:00:00,0.2609333,0.32455292
2010-10-29 05:15:00,0.2866667,0.3136247
2010-10-29 05:30:00,0.208,0.29629233
2010-10-29 05:45:00,0.32546666,0.29209477
2010-10-29 06:00:00,0.22440001,0.30908343
2010-10-29 06:15:00,0.28653333,0.2957831
2010-10-29 06:30:00,0.2504,0.35152832
2010-10-29 06:45:00,0.302,0.32830346
2010-10-29 07:00:00,0.2228,0.33637595
2010-10-29 07:15:00,0.29733333,0.3284904
2010-10-29 07:30:00,0.26266667,0.3224134
2010-10-29 07:45:00,0.25493333,0.3277995
2010-10-29 08:00:00,0.26053333,0.3250354
2010-10-29 08:15:00,0.28893334,0.31945035
2010-10-29 08:30:00,0.24826667,0.34701353
2010-10-29 08:45:00,0.24506666,0.37413803
2010-10-29 09:00:00,0.30146664,0.3331052
2010-10-29 09:15:00,0.39333335,0.32720357
2010-10-29 09:30:00,0.7362667,0.31470877
2010-10-29 09:45:00,1.0124,0.50455195
2010-10-29 10:00:00,0.61279994,0.5814305
2010-10-29 10:15:00,0.47733334,0.5660048
2010-10-29 10:30:00,0.55413336,0.462349
2010-10-29 10:45:00,0.53346664,0.45405644
2010-10-29 11:00:00,0.5589333,0.4763834
2010-10-29 11:15:00,0.48333332,0.4891285
2010-10-29 11:30:00,0.5850667,0.4410973
2010-10-29 11:45:00,0.50373334,0.4930075
2010-10-29 12:00:00,0.6269334,0.4517002
2010-10-29 12:15:00,0.40399995,0.5281771
2010-10-29 12:30:00,0.54906666,0.4493834
2010-10-29 12:45:00,0.2864,0.49466124
2010-10-29 13:00:00,0.28173333,0.41336796
2010-10-29 13:15:00,0.30346668,0.39026436
2010-10-29 13:30:00,0.22453333,0.3489158
2010-10-29 13:45:00,0.61426663,0.34219748
2010-10-29 14:00:00,0.70040005,0.46509385
2010-10-29 14:15:00,0.2556,0.49907434
2010-10-29 14:30:00,0.23973338,0.42857668
2010-10-29 14:45:00,0.33359998,0.3822221
2010-10-29 15:00:00,0.7801333,0.3390588
2010-10-29 15:15:00,0.3096,0.4855142
2010-10-29 15:30:00,0.24066666,0.4194682
2010-10-29 15:45:00,0.33573332,0.3870687
2010-10-29 16:00:00,0.20666666,0.35076675
2010-10-29 16:15:00,0.34746665,0.3416349
2010-10-29 16:30:00,0.37839997,0.3374278
2010-10-29 16:45:00,0.4218667,0.33895558
2010-10-29 17:00:00,0.47586668,0.36727425
2010-10-29 17:15:00,0.64933336,0.42649963
2010-10-29 17:30:00,0.5078667,0.5630653
2010-10-29 17:45:00,0.51346666,0.51375103
2010-10-29 18:00:00,0.3744,0.529473
2010-10-29 18:15:00,0.50053334,0.44864142
2010-10-29 18:30:00,0.35653335,0.44517243
2010-10-29 18:45:00,0.33186665,0.4118877
2010-10-29 19:00:00,0.25280002,0.39907283
2010-10-29 19:15:00,0.25186667,0.37777916
2010-10-29 19:30:00,0.30773336,0.3511165
2010-10-29 19:45:00,0.2821333,0.3316411
2010-10-29 20:00:00,0.2616,0.31878582
2010-10-29 20:15:00,0.27666667,0.352276
2010-10-29 20:30:00,0.30213335,0.32011038
2010-10-29 20:45:00,0.22973333,0.32698002
2010-10-29 21:00:00,0.30173334,0.33070168
2010-10-29 21:15:00,0.262,0.32993412
2010-10-29 21:30:00,0.2764,0.3084552
2010-10-29 21:45:00,0.23719999,0.31204036
2010-10-29 22:00:00,0.33053333,0.31762806
2010-10-29 22:15:00,0.20746666,0.31367904
2010-10-29 22:30:00,0.31199998,0.31785432
2010-10-29 22:45:00,0.24786666,0.3402399
2010-10-29 23:00:00,0.28359997,0.31807363
2010-10-29 23:15:00,0.24173333,0.3193551
2010-10-29 23:30:00,0.31546667,0.3176603
2010-10-29 23:45:00,0.2316,0.31266057
2010-10-30 00:00:00,0.27893335,0.30192202
2010-10-30 00:15:00,0.28373334,0.31608105
2010-10-30 00:30:00,0.24813333,0.2911788
2010-10-30 00:45:00,0.2676,0.2915815
2010-10-30 01:00:00,0.28186667,0.2926472
2010-10-30 01:15:00,0.2484,0.29427472
2010-10-30 01:30:00,0.23693332,0.29066998
2010-10-30 01:45:00,0.316,0.29684243
2010-10-30 02:00:00,0.22266665,0.2919532
2010-10-30 02:15:00,0.28213328,0.2893564
2010-10-30 02:30:00,0.26426667,0.30786923
2010-10-30 02:45:00,0.28013334,0.2828287
2010-10-30 03:00:00,0.20213333,0.29555228
2010-10-30 03:15:00,0.33773333,0.28386274
2010-10-30 03:30:00,0.19826667,0.29646352
2010-10-30 03:45:00,0.2816,0.27621868
2010-10-30 04:00:00,0.27386665,0.29877198
2010-10-30 04:15:00,0.26533332,0.28296104
2010-10-30 04:30:00,0.22386667,0.30409464
2010-10-30 04:45:00,0.31626666,0.28917655
2010-10-30 05:00:00,0.23666666,0.30140498
2010-10-30 05:15:00,0.2444,0.27793482
2010-10-30 05:30:00,0.30013332,0.291794
2010-10-30 05:45:00,0.24,0.282381
2010-10-30 06:00:00,0.2564,0.2973903
2010-10-30 06:15:00,0.29453334,0.31272253
2010-10-30 06:30:00,0.2676,0.30058345
2010-10-30 06:45:00,0.21413332,0.30754206
2010-10-30 07:00:00,0.32333332,0.32303664
2010-10-30 07:15:00,0.22079998,0.30719468
2010-10-30 07:30:00,0.27400002,0.3043338
2010-10-30 07:45:00,0.2448,0.30875796
2010-10-30 08:00:00,0.29799998,0.30317065
2010-10-30 08:15:00,0.19680001,0.3086324
2010-10-30 08:30:00,0.3244,0.31008288
2010-10-30 08:45:00,0.22213334,0.32350796
2010-10-30 09:00:00,0.27906665,0.3061896
2010-10-30 09:15:00,0.24880001,0.32750446
2010-10-30 09:30:00,0.29066664,0.31191406
2010-10-30 09:45:00,0.22426666,0.34349924
2010-10-30 10:00:00,0.29680002,0.2977352
2010-10-30 10:15:00,0.47853333,0.31036407
2010-10-30 10:30:00,0.35386664,0.39337313
2010-10-30 10:45:00,0.47799996,0.36553982
2010-10-30 11:00:00,0.5512,0.41188306
2010-10-30 11:15:00,0.44213334,0.47213718
2010-10-30 11:30:00,0.34226668,0.4382623
2010-10-30 11:45:00,0.27080002,0.41034892
2010-10-30 12:00:00,0.62773335,0.38175955
2010-10-30 12:15:00,0.83986664,0.47084782
2010-10-30 12:30:00,0.45626667,0.55210215
2010-10-30 12:45:00,0.46466666,0.48787665
2010-10-30 13:00:00,0.37413332,0.4450245
2010-10-30 13:15:00,0.42426667,0.41780898
2010-10-30 13:30:00,0.4264,0.43068534
2010-10-30 13:45:00,0.42159998,0.43102857
2010-10-30 14:00:00,0.4432,0.4350842
2010-10-30 14:15:00,0.46119994,0.43299243
2010-10-30 14:30:00,0.24733333,0.43941408
2010-10-30 14:45:00,0.32466665,0.42422712
2010-10-30 15:00:00,0.39253336,0.39718774
2010-10-30 15:15:00,0.39333332,0.3798603
2010-10-30 15:30:00,0.27853334,0.38298106
2010-10-30 15:45:00,0.33653328,0.3817003
2010-10-30 16:00:00,0.3225333,0.365092
2010-10-30 16:15:00,0.30733335,0.36059162
2010-10-30 16:30:00,0.32453334,0.3594482
2010-10-30 16:45:00,0.31933334,0.35830018
2010-10-30 17:00:00,0.28466666,0.36876333
2010-10-30 17:15:00,0.29680002,0.36274922
2010-10-30 17:30:00,0.31946665,0.37252653
2010-10-30 17:45:00,0.24346666,0.3613267
2010-10-30 18:00:00,0.33146667,0.36022863
2010-10-30 18:15:00,0.26146665,0.3620401
2010-10-30 18:30:00,0.30053332,0.32344165
2010-10-30 18:45:00,0.26293334,0.33573046
2010-10-30 19:00:00,0.3281333,0.31394017
2010-10-30 19:15:00,0.22786666,0.31813568
2010-10-30 19:30:00,0.33413333,0.32497025
2010-10-30 19:45:00,0.27,0.32326373
2010-10-30 20:00:00,0.28666666,0.3262941
2010-10-30 20:15:00,0.29146665,0.325868
2010-10-30 20:30:00,0.29479998,0.3271463
2010-10-30 20:45:00,0.26000002,0.30926526
2010-10-30 21:00:00,0.2992,0.3399442
2010-10-30 21:15:00,0.2992,0.3286522
2010-10-30 21:30:00,0.8210667,0.32521096
2010-10-30 21:45:00,1.5699999,0.5152652
2010-10-30 22:00:00,1.1110667,0.7272396
2010-10-30 22:15:00,0.48773333,0.85432374
2010-10-30 22:30:00,0.3913333,0.67587006
2010-10-30 22:45:00,0.4628,0.5294769
2010-10-30 23:00:00,0.416,0.49988604
2010-10-30 23:15:00,0.40439996,0.445012
2010-10-30 23:30:00,0.47093335,0.42961517
2010-10-30 23:45:00,0.29253334,0.43406343
2010-10-31 00:00:00,0.27159998,0.41749996
2010-10-31 00:15:00,0.26706666,0.3769526
2010-10-31 00:30:00,0.2954667,0.34958297
2010-10-31 00:45:00,0.21613333,0.3394947
2010-10-31 01:00:00,0.32506666,0.33010614
2010-10-31 01:15:00,0.21893333,0.3241546
2010-10-31 01:30:00,0.28066668,0.32047248
2010-10-31 01:45:00,0.23746666,0.3182357
2010-10-31 02:00:00,0.30533332,0.31058797
2010-10-31 02:15:00,0.20066667,0.31095636
2010-10-31 02:30:00,0.31093332,0.31663612
2010-10-31 02:45:00,0.2384,0.31642553
2010-10-31 03:00:00,0.2728,0.30420724
2010-10-31 03:15:00,0.2372,0.31672063
2010-10-31 03:30:00,0.30586666,0.30321902
2010-10-31 03:45:00,0.22653334,0.31052256
2010-10-31 04:00:00,0.2709333,0.30966964
2010-10-31 04:15:00,0.27893335,0.3034991
2010-10-31 04:30:00,0.25266665,0.29636455
2010-10-31 04:45:00,0.24159999,0.31477854
2010-10-31 05:00:00,0.30613333,0.3053426
2010-10-31 05:15:00,0.23373334,0.31111285
2010-10-31 05:30:00,0.24373333,0.27844146
2010-10-31 05:45:00,0.30546665,0.28191552
2010-10-31 06:00:00,0.23693332,0.2903648
2010-10-31 06:15:00,0.25239998,0.29140413
2010-10-31 06:30:00,0.28626668,0.31267455
2010-10-31 06:45:00,0.2765333,0.29389665
2010-10-31 07:00:00,0.3488,0.30829573
2010-10-31 07:15:00,0.432,0.3080483
2010-10-31 07:30:00,0.2356,0.36656755
2010-10-31 07:45:00,0.2605333,0.34825015
2010-10-31 08:00:00,0.2636,0.347107
2010-10-31 08:15:00,0.27479997,0.31638426
2010-10-31 08:30:00,0.41519997,0.31892577
2010-10-31 08:45:00,0.50626665,0.3576999
2010-10-31 09:00:00,0.37146664,0.44235054
2010-10-31 09:15:00,0.44133332,0.3948321
2010-10-31 09:30:00,0.54253334,0.43672198
2010-10-31 09:45:00,0.58466667,0.48981085
2010-10-31 10:00:00,0.22413333,0.5156313
2010-10-31 10:15:00,0.32333332,0.46125558
2010-10-31 10:30:00,0.3590667,0.4203492
2010-10-31 10:45:00,0.29160005,0.38190863
2010-10-31 11:00:00,0.36506665,0.3951963
2010-10-31 11:15:00,0.42693332,0.37903777
2010-10-31 11:30:00,0.42173332,0.39421853
2010-10-31 11:45:00,0.51093334,0.4088492
2010-10-31 12:00:00,0.48986664,0.48079127
2010-10-31 12:15:00,0.69133323,0.47175893
2010-10-31 12:30:00,0.7138666,0.5579619
2010-10-31 12:45:00,0.8492,0.59534335
2010-10-31 13:00:00,0.4302667,0.6467431
2010-10-31 13:15:00,0.5785333,0.5538099
2010-10-31 13:30:00,0.44799995,0.5374036
2010-10-31 13:45:00,0.47613332,0.48060256
2010-10-31 14:00:00,0.48199996,0.486048
2010-10-31 14:15:00,0.4696,0.45286664
2010-10-31 14:30:00,0.48133332,0.44153702
2010-10-31 14:45:00,0.5736,0.44616586
2010-10-31 15:00:00,1.8749334,0.5026253
2010-10-31 15:15:00,0.95813334,0.7429873
2010-10-31 15:30:00,0.6756,0.80336934
2010-10-31 15:45:00,0.8454666,0.7377561
2010-10-31 16:00:00,0.5910666,0.7045429
2010-10-31 16:15:00,0.65999997,0.62011576
2010-10-31 16:30:00,0.6285333,0.6344909
2010-10-31 16:45:00,0.65973336,0.6041241
2010-10-31 17:00:00,0.63573337,0.615119
2010-10-31 17:15:00,0.7186667,0.62523043
2010-10-31 17:30:00,0.6,0.63804895
2010-10-31 17:45:00,0.6581333,0.5949216
2010-10-31 18:00:00,0.71346664,0.61615527
2010-10-31 18:15:00,0.64586663,0.64196265
2010-10-31 18:30:00,0.45093334,0.61490333
2010-10-31 18:45:00,0.5476,0.5579284
2010-10-31 19:00:00,0.52906674,0.5344558
2010-10-31 19:15:00,0.6394666,0.5359306
2010-10-31 19:30:00,0.96946657,0.5770077
2010-10-31 19:45:00,0.9536,0.7398529
2010-10-31 20:00:00,1.1606667,0.79959625
2010-10-31 20:15:00,1.2830666,0.94479835
2010-10-31 20:30:00,1.0502667,1.1036483
2010-10-31 20:45:00,1.4491999,1.0866703
2010-10-31 21:00:00,1.3030667,1.2029284
2010-10-31 21:15:00,1.3463999,1.2458181
2010-10-31 21:30:00,0.9266666,1.2642239
2010-10-31 21:45:00,0.84786665,1.0604985
2010-10-31 22:00:00,0.6997334,0.82856995
2010-10-31 22:15:00,0.35626665,0.6761567
2010-10-31 22:30:00,0.27813333,0.5327855
2010-10-31 22:45:00,0.2776,0.43441296
2010-10-31 23:00:00,0.32346666,0.36959645
2010-10-31 23:15:00,0.23253332,0.33711427
2010-10-31 23:30:00,0.32386667,0.32409343
2010-10-31 23:45:00,0.2556,0.3325213
2010-11-01 00:00:00,0.28786665,0.29112658
2010-11-01 00:15:00,0.24453332,0.30079624
2010-11-01 00:30:00,0.304,0.29070604
2010-11-01 00:45:00,0.20853333,0.28755182
2010-11-01 01:00:00,0.3369333,0.28634733
2010-11-01 01:15:00,0.22853333,0.29047823
2010-11-01 01:30:00,0.27253333,0.28110632
2010-11-01 01:45:00,0.28186667,0.29002178
2010-11-01 02:00:00,0.26426667,0.28918153
2010-11-01 02:15:00,0.23666666,0.28874695
2010-11-01 02:30:00,0.30973333,0.28847694
2010-11-01 02:45:00,0.24893333,0.28583717
2010-11-01 03:00:00,0.23986667,0.27978843
2010-11-01 03:15:00,0.31333333,0.30165046
2010-11-01 03:30:00,0.22493333,0.28226525
2010-11-01 03:45:00,0.2724,0.28229222
2010-11-01 04:00:00,0.27413332,0.29421663
2010-11-01 04:15:00,0.28106663,0.28511825
2010-11-01 04:30:00,0.20906667,0.28375873
2010-11-01 04:45:00,0.33146667,0.28586477
2010-11-01 05:00:00,0.19919999,0.2921396
2010-11-01 05:15:00,0.2872,0.27728257
2010-11-01 05:30:00,0.26373333,0.2941854
2010-11-01 05:45:00,0.27506667,0.28092816
2010-11-01 06:00:00,0.23013334,0.3104896
2010-11-01 06:15:00,0.31573334,0.32762375
2010-11-01 06:30:00,0.2652,0.33270237
2010-11-01 06:45:00,1.0426667,0.3379724
2010-11-01 07:00:00,1.1694666,0.5935017
2010-11-01 07:15:00,0.8585333,0.7520951
2010-11-01 07:30:00,1.012,0.7145093
2010-11-01 07:45:00,0.9748,0.7454284
2010-11-01 08:00:00,0.3272,0.6738721
2010-11-01 08:15:00,0.23093332,0.5081131
2010-11-01 08:30:00,0.30946666,0.41890347
2010-11-01 08:45:00,0.23119996,0.38399947
2010-11-01 09:00:00,0.27826664,0.34089822
2010-11-01 09:15:00,0.25066665,0.3519646
2010-11-01 09:30:00,0.29533333,0.32996854
2010-11-01 09:45:00,0.20386668,0.34717825
2010-11-01 10:00:00,0.32786664,0.32411233
2010-11-01 10:15:00,0.2324,0.32068622
2010-11-01 10:30:00,0.2728,0.30861315
2010-11-01 10:45:00,0.2636,0.3230966
2010-11-01 11:00:00,0.2805333,0.3178541
2010-11-01 11:15:00,0.2304,0.32733187
2010-11-01 11:30:00,0.29906663,0.32853302
2010-11-01 11:45:00,0.2605333,0.3187606
2010-11-01 12:00:00,0.2468,0.3088185
2010-11-01 12:15:00,0.3,0.31232637
2010-11-01 12:30:00,0.24893333,0.3173667
2010-11-01 12:45:00,0.2593333,0.31078443
2010-11-01 13:00:00,0.25506666,0.3171899
2010-11-01 13:15:00,0.29479998,0.32009202
2010-11-01 13:30:00,0.21226667,0.32359406
2010-11-01 13:45:00,0.30666667,0.32033628
2010-11-01 14:00:00,0.2316,0.32804513
2010-11-01 14:15:00,0.27519998,0.31598267
2010-11-01 14:30:00,0.298,0.32091278
2010-11-01 14:45:00,0.41426665,0.3222522
2010-11-01 15:00:00,0.19666667,0.36557052
2010-11-01 15:15:00,0.27586666,0.35914811
2010-11-01 15:30:00,0.254,0.34431013
2010-11-01 15:45:00,0.27706668,0.34767762
2010-11-01 16:00:00,0.2156,0.34038025
2010-11-01 16:15:00,0.3244,0.3175151
2010-11-01 16:30:00,0.21959999,0.32750344
2010-11-01 16:45:00,0.26013333,0.31297806
2010-11-01 17:00:00,0.2810667,0.34309506
2010-11-01 17:15:00,0.24759999,0.34275532
2010-11-01 17:30:00,0.24173333,0.32701188
2010-11-01 17:45:00,0.2936,0.32975405
2010-11-01 18:00:00,0.25466666,0.3349802
2010-11-01 18:15:00,0.5084,0.34255844
2010-11-01 18:30:00,0.63986665,0.4726795
2010-11-01 18:45:00,0.60466665,0.56211364
2010-11-01 19:00:00,1.0216,0.62740445
2010-11-01 19:15:00,1.2350667,0.8655367
2010-11-01 19:30:00,0.9249333,0.97155595
2010-11-01 19:45:00,1.6737332,1.0156792
2010-11-01 20:00:00,1.2384,1.1386793
2010-11-01 20:15:00,1.0392,1.1796801
2010-11-01 20:30:00,0.99866664,1.0711378
2010-11-01 20:45:00,0.73359996,1.0363497
2010-11-01 21:00:00,0.76719993,0.88589734
2010-11-01 21:15:00,0.79226667,0.79332924
2010-11-01 21:30:00,0.7912,0.7032651
2010-11-01 21:45:00,0.9005333,0.6915257
2010-11-01 22:00:00,1.0962666,0.7339614
2010-11-01 22:15:00,0.6384,0.84077305
2010-11-01 22:30:00,0.45999998,0.65846366
2010-11-01 22:45:00,0.34613332,0.5138288
2010-11-01 23:00:00,0.23573333,0.43026486
2010-11-01 23:15:00,0.3408,0.37775284
2010-11-01 23:30:00,0.24399999,0.3621708
2010-11-01 23:45:00,0.25666666,0.3357087
2010-11-02 00:00:00,0.32013333,0.3197065
2010-11-02 00:15:00,0.23413333,0.31333056
2010-11-02 00:30:00,0.27266666,0.30580252
2010-11-02 00:45:00,0.28066668,0.30901113
2010-11-02 01:00:00,0.27733332,0.3003574
2010-11-02 01:15:00,0.21426667,0.30238613
2010-11-02 01:30:00,0.3272,0.29715458
2010-11-02 01:45:00,0.21533333,0.29462618
2010-11-02 02:00:00,0.27733332,0.29608965
2010-11-02 02:15:00,0.27613336,0.30338007
2010-11-02 02:30:00,0.25,0.29815957
2010-11-02 02:45:00,0.26293334,0.2885945
2010-11-02 03:00:00,0.28093332,0.2901958
2010-11-02 03:15:00,0.25746667,0.2929668
2010-11-02 03:30:00,0.24266666,0.2985172
2010-11-02 03:45:00,0.31199998,0.29503074
2010-11-02 04:00:00,0.21000001,0.30539122
2010-11-02 04:15:00,0.29786667,0.2900268
2010-11-02 04:30:00,0.24133332,0.30695173
2010-11-02 04:45:00,0.28013334,0.31024525
2010-11-02 05:00:00,0.21613333,0.3105677
2010-11-02 05:15:00,0.3152,0.31798545
2010-11-02 05:30:00,0.21746667,0.3193881
2010-11-02 05:45:00,0.27093333,0.334898
2010-11-02 06:00:00,0.2812,0.36407715
2010-11-02 06:15:00,0.25106665,0.3776265
2010-11-02 06:30:00,0.24746664,0.45525122
2010-11-02 06:45:00,1.0553333,0.59346604
2010-11-02 07:00:00,0.40706667,0.75802064
2010-11-02 07:15:00,0.3969333,0.61380875
2010-11-02 07:30:00,0.4544,0.5537868
2010-11-02 07:45:00,0.3052,0.47836244
2010-11-02 08:00:00,0.5466667,0.39591283
2010-11-02 08:15:00,0.61186665,0.47295874
2010-11-02 08:30:00,1.194,0.52624464
2010-11-02 08:45:00,0.8324,0.69940627
2010-11-02 09:00:00,0.5502666,0.6326433
2010-11-02 09:15:00,0.52879995,0.5157109
2010-11-02 09:30:00,0.98106664,0.48895615
2010-11-02 09:45:00,1.2417333,0.69080496
2010-11-02 10:00:00,1.2861333,0.7882198
2010-11-02 10:15:00,0.8346666,0.82659405
2010-11-02 10:30:00,0.83119994,0.6832384
2010-11-02 10:45:00,0.31813332,0.6529613
2010-11-02 11:00:00,0.5678666,0.48299733
2010-11-02 11:15:00,0.2316,0.48905775
2010-11-02 11:30:00,0.31613332,0.41233528
2010-11-02 11:45:00,0.20773332,0.37673074
2010-11-02 12:00:00,0.33013332,0.34836414
2010-11-02 12:15:00,0.30159998,0.33880827
2010-11-02 12:30:00,0.2496,0.32370138
2010-11-02 12:45:00,0.25586665,0.33127004
2010-11-02 13:00:00,0.28119996,0.3203303
2010-11-02 13:15:00,0.27266663,0.30248895
2010-11-02 13:30:00,0.21146666,0.3040721
2010-11-02 13:45:00,0.32520002,0.31356418
2010-11-02 14:00:00,0.23639998,0.30877823
2010-11-02 14:15:00,0.24093333,0.3044552
2010-11-02 14:30:00,0.32159996,0.324112
2010-11-02 14:45:00,0.22266667,0.30126244
2010-11-02 15:00:00,0.27759996,0.31895733
2010-11-02 15:15:00,0.26626664,0.31912735
2010-11-02 15:30:00,0.27253336,0.29180977
2010-11-02 15:45:00,0.23946667,0.30645028
2010-11-02 16:00:00,0.28399998,0.29583523
2010-11-02 16:15:00,0.274,0.2995699
2010-11-02 16:30:00,0.21586666,0.2992538
2010-11-02 16:45:00,0.31146666,0.3112054
2010-11-02 17:00:00,0.23346666,0.31361496
2010-11-02 17:15:00,0.4581333,0.31009984
2010-11-02 17:30:00,0.59720004,0.38792002
2010-11-02 17:45:00,0.6088,0.4890173
2010-11-02 18:00:00,0.59679997,0.5972881
2010-11-02 18:15:00,0.5665333,0.6253724
2010-11-02 18:30:00,0.65320003,0.64320886
2010-11-02 18:45:00,0.55186665,0.6797467
2010-11-02 19:00:00,0.66826665,0.6882521
2010-11-02 19:15:00,0.93226665,0.7287013
2010-11-02 19:30:00,0.9972,0.85919034
2010-11-02 19:45:00,0.63413334,0.9154106
2010-11-02 20:00:00,0.99733335,0.83484113
2010-11-02 20:15:00,0.68466663,0.91227525
2010-11-02 20:30:00,0.6864,0.7890242
2010-11-02 20:45:00,1.3421333,0.75184745
2010-11-02 21:00:00,1.4552001,0.9703915
2010-11-02 21:15:00,1.3336002,1.0548621
2010-11-02 21:30:00,1.2724,1.157004
2010-11-02 21:45:00,1.3310667,1.1622843
2010-11-02 22:00:00,1.3101333,1.1360674
2010-11-02 22:15:00,1.0518667,1.0886575
2010-11-02 22:30:00,1.0552,0.9107079
2010-11-02 22:45:00,0.86226666,0.8607961
2010-11-02 23:00:00,0.8666667,0.7367952
2010-11-02 23:15:00,0.38466665,0.6621173
2010-11-02 23:30:00,0.41653335,0.45970753
2010-11-02 23:45:00,0.26293334,0.41440836
2010-11-03 00:00:00,0.31226668,0.35558417
2010-11-03 00:15:00,0.28293332,0.34576932
2010-11-03 00:30:00,0.2448,0.3095275
2010-11-03 00:45:00,0.28933334,0.30552503
2010-11-03 01:00:00,0.24666667,0.30092588
2010-11-03 01:15:00,0.27253333,0.28765243
2010-11-03 01:30:00,0.22546667,0.2849324
2010-11-03 01:45:00,0.29786667,0.280045
2010-11-03 02:00:00,0.23053333,0.2795872
2010-11-03 02:15:00,0.26386666,0.27569044
2010-11-03 02:30:00,0.28466666,0.2793503
2010-11-03 02:45:00,0.22346666,0.27071363
2010-11-03 03:00:00,0.2805333,0.27536547
2010-11-03 03:15:00,0.2505333,0.27641127
2010-11-03 03:30:00,0.2756,0.27283594
2010-11-03 03:45:00,0.23239996,0.27323055
2010-11-03 04:00:00,0.3024,0.2785024
2010-11-03 04:15:00,0.2448,0.27437326
2010-11-03 04:30:00,0.23813334,0.27162287
2010-11-03 04:45:00,0.31066665,0.27979243
2010-11-03 05:00:00,0.21493334,0.2768314
2010-11-03 05:15:00,0.2708,0.2793939
2010-11-03 05:30:00,0.25906667,0.27758062
2010-11-03 05:45:00,0.27133334,0.27542642
2010-11-03 06:00:00,0.2408,0.2959641
2010-11-03 06:15:00,0.3,0.32171485
2010-11-03 06:30:00,0.25173333,0.35176226
2010-11-03 06:45:00,0.76493335,0.45005614
2010-11-03 07:00:00,0.51879996,0.6110895
2010-11-03 07:15:00,0.29213333,0.5863508
2010-11-03 07:30:00,0.5028,0.508106
2010-11-03 07:45:00,0.3964,0.52673566
2010-11-03 08:00:00,0.36,0.45994887
2010-11-03 08:15:00,0.56133336,0.43053487
2010-11-03 08:30:00,0.6838666,0.54077625
2010-11-03 08:45:00,0.47733334,0.60474557
2010-11-03 09:00:00,0.66146666,0.5694702
2010-11-03 09:15:00,0.9925333,0.6187993
2010-11-03 09:30:00,0.6857334,0.74952984
2010-11-03 09:45:00,0.6734666,0.69289184
2010-11-03 10:00:00,0.37053332,0.6153649
2010-11-03 10:15:00,0.6185333,0.46766913
2010-11-03 10:30:00,0.40586665,0.49886993
2010-11-03 10:45:00,0.4489333,0.42555296
2010-11-03 11:00:00,0.30733332,0.44298327
2010-11-03 11:15:00,0.29146665,0.40577835
2010-11-03 11:30:00,0.3902667,0.37493464
2010-11-03 11:45:00,0.6828,0.36558464
2010-11-03 12:00:00,0.4153333,0.47865936
2010-11-03 12:15:00,0.4781333,0.4302473
2010-11-03 12:30:00,0.42186663,0.44266358
2010-11-03 12:45:00,0.30013332,0.4224787
2010-11-03 13:00:00,0.3024,0.3944385
2010-11-03 13:15:00,0.36666662,0.3738054
2010-11-03 13:30:00,0.2816,0.3558993
2010-11-03 13:45:00,0.3084,0.35089773
2010-11-03 14:00:00,0.29186666,0.35331804
2010-11-03 14:15:00,0.3488,0.34378347
2010-11-03 14:30:00,0.27480003,0.33207572
2010-11-03 14:45:00,0.3546667,0.32638896
2010-11-03 15:00:00,0.30066663,0.3444746
2010-11-03 15:15:00,0.26533332,0.327721
2010-11-03 15:30:00,0.34439996,0.33346108
2010-11-03 15:45:00,0.26999998,0.3291625
2010-11-03 16:00:00,0.31466666,0.3245434
2010-11-03 16:15:00,0.27266666,0.3292313
2010-11-03 16:30:00,0.33413333,0.33239573
2010-11-03 16:45:00,0.2724,0.3323355
2010-11-03 17:00:00,0.28,0.33853564
2010-11-03 17:15:00,0.34653333,0.34389558
2010-11-03 17:30:00,0.3628,0.34498158
2010-11-03 17:45:00,0.8848,0.35535145
2010-11-03 18:00:00,0.844,0.6009733
2010-11-03 18:15:00,0.78853333,0.6620645
2010-11-03 18:30:00,0.73426664,0.66511065
2010-11-03 18:45:00,0.35546666,0.70283526
2010-11-03 19:00:00,0.71466666,0.63074064
2010-11-03 19:15:00,0.7668,0.70990634
2010-11-03 19:30:00,1.0325333,0.77715474
2010-11-03 19:45:00,1.0453334,1.0030513
2010-11-03 20:00:00,0.6658667,1.0587385
2010-11-03 20:15:00,0.58706665,0.8843197
2010-11-03 20:30:00,1.2005333,0.7908317
2010-11-03 20:45:00,1.2490667,1.0566994
2010-11-03 21:00:00,1.7092001,1.169859
2010-11-03 21:15:00,1.8740001,1.2423403
2010-11-03 21:30:00,1.9485333,1.3685826
2010-11-03 21:45:00,1.9590666,1.4182391
2010-11-03 22:00:00,1.5817333,1.4321326
2010-11-03 22:15:00,1.3130667,1.2992231
2010-11-03 22:30:00,0.9477333,1.205418
2010-11-03 22:45:00,0.84213334,0.9660467
2010-11-03 23:00:00,0.76666665,0.7447875
2010-11-03 23:15:00,0.73413336,0.65204
2010-11-03 23:30:00,0.31893334,0.60157645
2010-11-03 23:45:00,0.3928,0.45273188
2010-11-04 00:00:00,0.30639997,0.39316916
2010-11-04 00:15:00,0.27906665,0.36897016
2010-11-04 00:30:00,0.3764,0.34091967
2010-11-04 00:45:00,0.26013333,0.33557603
2010-11-04 01:00:00,0.31506667,0.32012612
2010-11-04 01:15:00,0.28919998,0.32551003
2010-11-04 01:30:00,0.30533332,0.30904442
2010-11-04 01:45:00,0.23706667,0.32266724
2010-11-04 02:00:00,0.26026666,0.30125028
2010-11-04 02:15:00,0.2941333,0.29725775
2010-11-04 02:30:00,0.21506667,0.30137944
2010-11-04 02:45:00,0.27493334,0.29439116
2010-11-04 03:00:00,0.262,0.2968722
2010-11-04 03:15:00,0.27440003,0.2894572
2010-11-04 03:30:00,0.22573332,0.28696176
2010-11-04 03:45:00,0.30786663,0.29863536
2010-11-04 04:00:00,0.24759994,0.28906208
2010-11-04 04:15:00,0.23133332,0.29132858
2010-11-04 04:30:00,0.30746666,0.29894248
2010-11-04 04:45:00,0.2172,0.30497497
2010-11-04 05:00:00,0.28039998,0.29229867
2010-11-04 05:15:00,0.23333333,0.31145838
2010-11-04 05:30:00,0.2908,0.27237663
2010-11-04 05:45:00,0.23253332,0.27684185
2010-11-04 06:00:00,0.26173335,0.30900052
2010-11-04 06:15:00,0.29786667,0.30950165
2010-11-04 06:30:00,0.78933334,0.330393
2010-11-04 06:45:00,0.44786665,0.6347342
2010-11-04 07:00:00,0.42266667,0.524487
2010-11-04 07:15:00,0.61573327,0.5220318
2010-11-04 07:30:00,0.4117333,0.6091372
2010-11-04 07:45:00,0.43359998,0.47483853
2010-11-04 08:00:00,0.5568,0.46593797
2010-11-04 08:15:00,0.7614667,0.50846696
2010-11-04 08:30:00,0.672,0.63682115
2010-11-04 08:45:00,0.59066665,0.67318827
2010-11-04 09:00:00,0.31853333,0.63426906
2010-11-04 09:15:00,0.3021333,0.56009275
2010-11-04 09:30:00,0.29466668,0.43938023
2010-11-04 09:45:00,0.21693331,0.39416438
2010-11-04 10:00:00,0.3205333,0.3640348
2010-11-04 10:15:00,0.23906666,0.34619546
2010-11-04 10:30:00,0.23586665,0.32188585
2010-11-04 10:45:00,0.3104,0.33410552
2010-11-04 11:00:00,0.22546667,0.31935194
2010-11-04 11:15:00,0.29946667,0.3123418
2010-11-04 11:30:00,0.27080002,0.33076575
2010-11-04 11:45:00,0.47613332,0.3142825
2010-11-04 12:00:00,0.45319998,0.39484826
2010-11-04 12:15:00,0.48920003,0.38793108
2010-11-04 12:30:00,0.48653328,0.42649776
2010-11-04 12:45:00,0.32679996,0.4273271
2010-11-04 13:00:00,0.2992,0.3964875
2010-11-04 13:15:00,0.28253332,0.38310623
2010-11-04 13:30:00,0.3028,0.34928417
2010-11-04 13:45:00,0.23613334,0.34645942
2010-11-04 14:00:00,0.6221333,0.33695713
2010-11-04 14:15:00,0.32320002,0.4527977
2010-11-04 14:30:00,0.26186666,0.35978964
2010-11-04 14:45:00,0.46666667,0.36092305
2010-11-04 15:00:00,0.39226666,0.39593664
2010-11-04 15:15:00,0.43853334,0.37567577
2010-11-04 15:30:00,0.448,0.3956418
2010-11-04 15:45:00,0.43559998,0.42732802
2010-11-04 16:00:00,0.26373333,0.40941253
2010-11-04 16:15:00,0.332,0.40754163
2010-11-04 16:30:00,0.23266667,0.4002558
2010-11-04 16:45:00,0.25226668,0.37346694
2010-11-04 17:00:00,0.28386667,0.37940052
2010-11-04 17:15:00,0.26,0.36114585
2010-11-04 17:30:00,0.33946666,0.38394552
2010-11-04 17:45:00,0.67186666,0.394221
2010-11-04 18:00:00,1.0318667,0.54304177
2010-11-04 18:15:00,1.1470667,0.7822502
2010-11-04 18:30:00,1.2696,0.8798188
2010-11-04 18:45:00,1.1702667,1.0112759
2010-11-04 19:00:00,1.1804,1.1362507
2010-11-04 19:15:00,0.7724,1.184298
2010-11-04 19:30:00,0.74906665,0.979397
2010-11-04 19:45:00,0.76159996,0.9031143
2010-11-04 20:00:00,0.7624,0.84106714
2010-11-04 20:15:00,0.79866666,0.85149896
2010-11-04 20:30:00,0.7281333,0.8943064
2010-11-04 20:45:00,0.71106666,0.8837251
2010-11-04 21:00:00,0.87906665,0.8553563
2010-11-04 21:15:00,0.7874667,0.8949634
2010-11-04 21:30:00,0.8009333,0.850455
2010-11-04 21:45:00,0.81626666,0.8295391
2010-11-04 22:00:00,0.8397333,0.77079564
2010-11-04 22:15:00,0.92333335,0.69980454
2010-11-04 22:30:00,0.7844,0.7239731
2010-11-04 22:45:00,0.8152,0.6455092
2010-11-04 23:00:00,0.45666665,0.63935757
2010-11-04 23:15:00,0.3773333,0.4907049
2010-11-04 23:30:00,0.27613333,0.42599633
2010-11-04 23:45:00,0.25786668,0.36958808
2010-11-05 00:00:00,0.2372,0.33522427
2010-11-05 00:15:00,0.2964,0.30542433
2010-11-05 00:30:00,0.25746667,0.295961
2010-11-05 00:45:00,0.21733333,0.28645286
2010-11-05 01:00:00,0.33479998,0.28804466
2010-11-05 01:15:00,0.20253332,0.27419287
2010-11-05 01:30:00,0.27159998,0.2705984
2010-11-05 01:45:00,0.24973334,0.277451
2010-11-05 02:00:00,0.2756,0.2688364
2010-11-05 02:15:00,0.23493333,0.26633954
2010-11-05 02:30:00,0.268,0.27054876
2010-11-05 02:45:00,0.2810667,0.26406363
2010-11-05 03:00:00,0.22826667,0.2648038
2010-11-05 03:15:00,0.27920002,0.2702059
2010-11-05 03:30:00,0.2504,0.26834098
2010-11-05 03:45:00,0.27199998,0.2656541
2010-11-05 04:00:00,0.2128,0.26589635
2010-11-05 04:15:00,0.3217333,0.27196884
2010-11-05 04:30:00,0.23746663,0.26976782
2010-11-05 04:45:00,0.23839997,0.26837283
2010-11-05 05:00:00,0.2997333,0.27489775
2010-11-05 05:15:00,0.226,0.27450484
2010-11-05 05:30:00,0.26706666,0.27578562
2010-11-05 05:45:00,0.24213333,0.286599
2010-11-05 06:00:00,0.29733333,0.30086592
2010-11-05 06:15:00,0.21533333,0.32480958
2010-11-05 06:30:00,1.5374666,0.36870062
2010-11-05 06:45:00,0.6901333,0.7099114
2010-11-05 07:00:00,0.7222666,0.6974798
2010-11-05 07:15:00,0.30866665,0.6459216
2010-11-05 07:30:00,0.38066667,0.52081716
2010-11-05 07:45:00,0.36146668,0.44918725
2010-11-05 08:00:00,0.46439996,0.3919042
2010-11-05 08:15:00,0.6616,0.43065932
2010-11-05 08:30:00,0.6192,0.53178835
2010-11-05 08:45:00,0.53746665,0.5384355
2010-11-05 09:00:00,0.28946668,0.49107715
2010-11-05 09:15:00,0.24053335,0.4461035
2010-11-05 09:30:00,0.24346666,0.4148449
2010-11-05 09:45:00,0.27853334,0.40177694
2010-11-05 10:00:00,0.27813333,0.35205007
2010-11-05 10:15:00,0.21359998,0.344287
2010-11-05 10:30:00,0.30639994,0.34121004
2010-11-05 10:45:00,0.23693337,0.32985073
2010-11-05 11:00:00,0.2692,0.32425508
2010-11-05 11:15:00,0.24799998,0.31972906
2010-11-05 11:30:00,0.2801333,0.3132012
2010-11-05 11:45:00,0.2772,0.320884
2010-11-05 12:00:00,0.9126667,0.32862693
2010-11-05 12:15:00,0.5117333,0.5394004
2010-11-05 12:30:00,0.42346665,0.4858831
2010-11-05 12:45:00,0.40746668,0.41169497
2010-11-05 13:00:00,0.4948,0.40624034
2010-11-05 13:15:00,0.6853333,0.41943714
2010-11-05 13:30:00,0.36973333,0.51153845
2010-11-05 13:45:00,0.7754667,0.4513385
2010-11-05 14:00:00,0.22026666,0.55491346
2010-11-05 14:15:00,0.27306664,0.42259464
2010-11-05 14:30:00,0.27093333,0.41171506
2010-11-05 14:45:00,0.28693333,0.36218575
2010-11-05 15:00:00,0.21733332,0.39454877
2010-11-05 15:15:00,0.3245333,0.32277766
2010-11-05 15:30:00,0.2697333,0.32959962
2010-11-05 15:45:00,0.24786665,0.29689425
2010-11-05 16:00:00,0.30426663,0.31883463
2010-11-05 16:15:00,0.3313333,0.3169453
2010-11-05 16:30:00,0.3726667,0.31837285
2010-11-05 16:45:00,0.32520002,0.3560177
2010-11-05 17:00:00,0.3586667,0.3669779
2010-11-05 17:15:00,0.20026666,0.39732164
2010-11-05 17:30:00,0.31306666,0.41091684
2010-11-05 17:45:00,0.28253332,0.43049863
2010-11-05 18:00:00,0.268,0.43016008
2010-11-05 18:15:00,0.35653335,0.43780822
2010-11-05 18:30:00,0.6602667,0.43526778
2010-11-05 18:45:00,0.54959995,0.5908444
2010-11-05 19:00:00,0.51,0.6197305
2010-11-05 19:15:00,0.77706665,0.58332723
2010-11-05 19:30:00,1.2434667,0.72914606
2010-11-05 19:45:00,1.1075999,0.9420356
2010-11-05 20:00:00,1.0237333,1.0369464
2010-11-05 20:15:00,1.0770667,1.0000643
2010-11-05 20:30:00,1.3108,1.102911
2010-11-05 20:45:00,0.99226665,1.1556176
2010-11-05 21:00:00,1.2143999,1.1137203
2010-11-05 21:15:00,1.3546666,1.1609241
2010-11-05 21:30:00,1.3224,1.1672117
2010-11-05 21:45:00,0.9964,1.2160512
2010-11-05 22:00:00,0.8877333,1.0122044
2010-11-05 22:15:00,1.0352,0.83751184
2010-11-05 22:30:00,0.95600003,0.79847664
2010-11-05 22:45:00,1.6860001,0.76575106
2010-11-05 23:00:00,1.3286667,0.9171716
2010-11-05 23:15:00,1.2097334,0.98023623
2010-11-05 23:30:00,1.2548001,0.94455934
2010-11-05 23:45:00,1.1910667,0.9603275
2010-11-06 00:00:00,1.1861333,0.92233217
2010-11-06 00:15:00,0.848,0.96546215
2010-11-06 00:30:00,0.8994667,0.739512
2010-11-06 00:45:00,0.85413337,0.70131785
2010-11-06 01:00:00,1.3501334,0.6455686
2010-11-06 01:15:00,1.2329333,0.8173956
2010-11-06 01:30:00,0.6308,0.9305405
2010-11-06 01:45:00,0.4534667,0.7659625
2010-11-06 02:00:00,0.2513333,0.5333901
2010-11-06 02:15:00,0.33693328,0.44475973
2010-11-06 02:30:00,0.23146664,0.36923957
2010-11-06 02:45:00,0.30786666,0.33039472
2010-11-06 03:00:00,0.29359996,0.31650934
2010-11-06 03:15:00,0.23613332,0.3230831
2010-11-06 03:30:00,0.3108,0.30049008
2010-11-06 03:45:00,0.25746667,0.288882
2010-11-06 04:00:00,0.2912,0.27539778
2010-11-06 04:15:00,0.26306665,0.28868636
2010-11-06 04:30:00,0.308,0.27790886
2010-11-06 04:45:00,0.23453334,0.28102306
2010-11-06 05:00:00,0.32266665,0.27543926
2010-11-06 05:15:00,0.25186667,0.27690083
2010-11-06 05:30:00,0.25546667,0.27847016
2010-11-06 05:45:00,0.32106668,0.29644877
2010-11-06 06:00:00,0.24906665,0.31311345
2010-11-06 06:15:00,0.28653333,0.3455306
2010-11-06 06:30:00,0.27253333,0.44249573
2010-11-06 06:45:00,0.30653334,0.37992778
2010-11-06 07:00:00,0.20493333,0.3830127
2010-11-06 07:15:00,0.33746666,0.34114528
2010-11-06 07:30:00,0.24066666,0.37506244
2010-11-06 07:45:00,0.26573333,0.35736683
2010-11-06 08:00:00,0.418,0.34945655
2010-11-06 08:15:00,0.5436,0.41113022
2010-11-06 08:30:00,0.32866666,0.51758665
2010-11-06 08:45:00,0.30306667,0.43392298
2010-11-06 09:00:00,0.45386666,0.41400263
2010-11-06 09:15:00,0.74813336,0.4197065
2010-11-06 09:30:00,0.35946664,0.55152893
2010-11-06 09:45:00,0.6314667,0.48482597
2010-11-06 10:00:00,0.8332001,0.5307585
2010-11-06 10:15:00,0.41106665,0.6134304
2010-11-06 10:30:00,0.276,0.48529968
2010-11-06 10:45:00,0.4748,0.41945314
2010-11-06 11:00:00,0.5313333,0.45688012
2010-11-06 11:15:00,0.34346664,0.47708192
2010-11-06 11:30:00,0.30986664,0.41725075
2010-11-06 11:45:00,0.36293334,0.41052407
2010-11-06 12:00:00,0.26733333,0.41539222
2010-11-06 12:15:00,0.29333335,0.39647678
2010-11-06 12:30:00,0.2505333,0.36699694
2010-11-06 12:45:00,0.33799997,0.35291818
2010-11-06 13:00:00,0.31053334,0.33314544
2010-11-06 13:15:00,0.23639998,0.33580658
2010-11-06 13:30:00,0.33519998,0.3407651
2010-11-06 13:45:00,0.2749333,0.3342186
2010-11-06 14:00:00,0.29146665,0.3269274
2010-11-06 14:15:00,0.2689333,0.34051752
2010-11-06 14:30:00,0.3396,0.3273058
2010-11-06 14:45:00,0.2532,0.321096
2010-11-06 15:00:00,0.29253337,0.33334747
2010-11-06 15:15:00,0.31266668,0.33101863
2010-11-06 15:30:00,0.26919997,0.32257533
2010-11-06 15:45:00,0.25453332,0.32439533
2010-11-06 16:00:00,0.3424,0.33887246
2010-11-06 16:15:00,0.24453333,0.32285807
2010-11-06 16:30:00,0.26253334,0.31671154
2010-11-06 16:45:00,0.30546665,0.33396518
2010-11-06 17:00:00,0.27493334,0.31828594
2010-11-06 17:15:00,0.2288,0.32082453
2010-11-06 17:30:00,0.32773334,0.33881077
2010-11-06 17:45:00,0.2408,0.33716607
2010-11-06 18:00:00,0.2784,0.34457368
2010-11-06 18:15:00,0.25266665,0.35828215
2010-11-06 18:30:00,0.31453332,0.3754688
2010-11-06 18:45:00,0.21679999,0.3480409
2010-11-06 19:00:00,0.30533332,0.3868287
2010-11-06 19:15:00,0.26386666,0.40249467
2010-11-06 19:30:00,0.25346667,0.423656
2010-11-06 19:45:00,0.27479997,0.4410725
2010-11-06 20:00:00,0.2824,0.41147774
2010-11-06 20:15:00,0.27453333,0.42846388
2010-11-06 20:30:00,0.2184,0.46008143
2010-11-06 20:45:00,0.51626664,0.4609408
2010-11-06 21:00:00,0.9165333,0.53671026
2010-11-06 21:15:00,0.55626667,0.81810886
2010-11-06 21:30:00,0.52173334,0.7951971
2010-11-06 21:45:00,0.46559998,0.7912845
2010-11-06 22:00:00,0.5101333,0.77856535
2010-11-06 22:15:00,0.7285334,0.68198466
2010-11-06 22:30:00,0.5244,0.71747994
2010-11-06 22:45:00,0.31413332,0.70116544
2010-11-06 23:00:00,0.374,0.59409046
2010-11-06 23:15:00,0.27026665,0.49745694
2010-11-06 23:30:00,0.31546667,0.4607071
2010-11-06 23:45:00,0.39506668,0.41485783
2010-11-07 00:00:00,0.33333334,0.37405148
2010-11-07 00:15:00,0.32986668,0.3538622
2010-11-07 00:30:00,0.29893336,0.35921717
2010-11-07 00:45:00,0.3676,0.33857173
2010-11-07 01:00:00,0.27893335,0.34577483
2010-11-07 01:15:00,0.7581333,0.33158723
2010-11-07 01:30:00,0.40773335,0.45413795
2010-11-07 01:45:00,0.30453333,0.38508216
2010-11-07 02:00:00,0.33786666,0.36293277
2010-11-07 02:15:00,0.32986668,0.34255794
2010-11-07 02:30:00,0.31786668,0.3218399
2010-11-07 02:45:00,0.25093332,0.31642053
2010-11-07 03:00:00,0.37026665,0.31451452
2010-11-07 03:15:00,0.24333334,0.30766028
2010-11-07 03:30:00,0.2824,0.30053806
2010-11-07 03:45:00,0.3092,0.3043814
2010-11-07 04:00:00,0.2516,0.28947875
2010-11-07 04:15:00,0.2604,0.28772196
2010-11-07 04:30:00,0.28039998,0.2969218
2010-11-07 04:45:00,0.2792,0.2819739
2010-11-07 05:00:00,0.20466666,0.28234345
2010-11-07 05:15:00,0.3144,0.28601977
2010-11-07 05:30:00,0.23013334,0.2814706
2010-11-07 05:45:00,0.26826668,0.2745158
2010-11-07 06:00:00,0.2436,0.3031714
2010-11-07 06:15:00,0.308,0.2952127
2010-11-07 06:30:00,0.2428,0.31255728
2010-11-07 06:45:00,0.24106666,0.32988667
2010-11-07 07:00:00,0.32173333,0.34141108
2010-11-07 07:15:00,0.2164,0.3341663
2010-11-07 07:30:00,0.2724,0.32540414
2010-11-07 07:45:00,0.24826667,0.33280978
2010-11-07 08:00:00,0.2866667,0.32837173
2010-11-07 08:15:00,0.28586668,0.3325608
2010-11-07 08:30:00,0.55840003,0.355121
2010-11-07 08:45:00,0.32066667,0.46561217
2010-11-07 09:00:00,0.2608,0.38930452
2010-11-07 09:15:00,0.27466667,0.40150544
2010-11-07 09:30:00,0.38586667,0.37937716
2010-11-07 09:45:00,0.37320003,0.3742916
2010-11-07 10:00:00,0.59746665,0.3641507
2010-11-07 10:15:00,0.57773334,0.4596526
2010-11-07 10:30:00,0.5836,0.48839074
2010-11-07 10:45:00,0.5132,0.48829442
2010-11-07 11:00:00,0.55053335,0.47233936
2010-11-07 11:15:00,0.5672,0.47085395
2010-11-07 11:30:00,0.4184,0.48866424
2010-11-07 11:45:00,0.3521333,0.46295556
2010-11-07 12:00:00,0.49666664,0.4357568
2010-11-07 12:15:00,0.56133336,0.44291186
2010-11-07 12:30:00,0.66426665,0.47626117
2010-11-07 12:45:00,0.5205333,0.53971815
2010-11-07 13:00:00,0.63573337,0.51113415
2010-11-07 13:15:00,0.54693335,0.5319811
2010-11-07 13:30:00,0.4721333,0.5046171
2010-11-07 13:45:00,0.50759995,0.47339854
2010-11-07 14:00:00,0.52853334,0.475177
2010-11-07 14:15:00,0.5258666,0.48984325
2010-11-07 14:30:00,0.45226663,0.48428234
2010-11-07 14:45:00,0.5254667,0.47168452
2010-11-07 15:00:00,0.5192,0.49138594
2010-11-07 15:15:00,0.5354666,0.50334305
2010-11-07 15:30:00,0.43466666,0.51347864
2010-11-07 15:45:00,0.5110667,0.47893843
2010-11-07 16:00:00,0.43333334,0.48486012
2010-11-07 16:15:00,0.35106665,0.4525506
2010-11-07 16:30:00,0.34346667,0.4232437
2010-11-07 16:45:00,0.4228,0.40637228
2010-11-07 17:00:00,0.3536,0.40418372
2010-11-07 17:15:00,0.35573334,0.39937052
2010-11-07 17:30:00,0.39626664,0.39343786
2010-11-07 17:45:00,0.3392,0.40317664
2010-11-07 18:00:00,0.3322667,0.41117927
2010-11-07 18:15:00,0.3992,0.40139773
2010-11-07 18:30:00,0.35853332,0.39318755
2010-11-07 18:45:00,0.3954667,0.3932162
2010-11-07 19:00:00,0.46680003,0.4316122
2010-11-07 19:15:00,0.84453326,0.4795202
2010-11-07 19:30:00,1.1616,0.7115483
2010-11-07 19:45:00,0.7050667,0.9212377
2010-11-07 20:00:00,0.9266667,0.828846
2010-11-07 20:15:00,0.8308,0.97552705
2010-11-07 20:30:00,0.7497333,0.91719705
2010-11-07 20:45:00,0.8136,0.8597629
2010-11-07 21:00:00,0.8952001,0.88881075
2010-11-07 21:15:00,0.90999997,0.95822674
2010-11-07 21:30:00,0.83320004,0.91227585
2010-11-07 21:45:00,0.85866666,0.84094536
2010-11-07 22:00:00,0.806,0.7988794
2010-11-07 22:15:00,0.3498667,0.73708737
2010-11-07 22:30:00,0.31906664,0.5492428
2010-11-07 22:45:00,0.37,0.4661556
2010-11-07 23:00:00,0.28466666,0.38959184
2010-11-07 23:15:00,0.2584,0.3891702
2010-11-07 23:30:00,0.36986667,0.36494637
2010-11-07 23:45:00,0.27506667,0.3526567
2010-11-08 00:00:00,0.27106667,0.32197312
2010-11-08 00:15:00,0.36866665,0.31689495
2010-11-08 00:30:00,0.24386667,0.3149078
2010-11-08 00:45:00,0.3016,0.30455238
2010-11-08 01:00:00,0.29720002,0.32152674
2010-11-08 01:15:00,0.29746667,0.31441948
2010-11-08 01:30:00,0.23973332,0.2954449
2010-11-08 01:45:00,0.36106667,0.29772222
2010-11-08 02:00:00,0.23626666,0.29464665
2010-11-08 02:15:00,0.2952,0.2859293
2010-11-08 02:30:00,0.28786665,0.29394415
2010-11-08 02:45:00,0.30639997,0.29037195
2010-11-08 03:00:00,0.22746666,0.28787762
2010-11-08 03:15:00,0.36159998,0.28414646
2010-11-08 03:30:00,0.2372,0.2851294
2010-11-08 03:45:00,0.2805333,0.28312162
2010-11-08 04:00:00,0.3008,0.28819448
2010-11-08 04:15:00,0.26973334,0.27895415
2010-11-08 04:30:00,0.26146665,0.27893654
2010-11-08 04:45:00,0.304,0.28090364
2010-11-08 05:00:00,0.27493334,0.2779482
2010-11-08 05:15:00,0.23066665,0.2783784
2010-11-08 05:30:00,0.34146664,0.28566015
2010-11-08 05:45:00,0.21773334,0.28374168
2010-11-08 06:00:00,0.28773335,0.29296944
2010-11-08 06:15:00,0.29786667,0.31261948
2010-11-08 06:30:00,0.26653332,0.33978048
2010-11-08 06:45:00,0.88786674,0.4182355
2010-11-08 07:00:00,0.6961333,0.6188959
2010-11-08 07:15:00,0.56226665,0.6257339
2010-11-08 07:30:00,0.68439996,0.57659554
2010-11-08 07:45:00,0.8878667,0.59282714
2010-11-08 08:00:00,0.26999998,0.63760096
2010-11-08 08:15:00,0.29253334,0.48049828
2010-11-08 08:30:00,0.2781333,0.42242584
2010-11-08 08:45:00,0.2876,0.3721816
2010-11-08 09:00:00,0.2385333,0.35031518
2010-11-08 09:15:00,0.3109333,0.35153022
2010-11-08 09:30:00,0.26639998,0.32479998
2010-11-08 09:45:00,0.25093332,0.3221945
2010-11-08 10:00:00,0.3101333,0.33995977
2010-11-08 10:15:00,0.2605333,0.3227241
2010-11-08 10:30:00,0.29893336,0.31585228
2010-11-08 10:45:00,0.27679998,0.3345209
2010-11-08 11:00:00,0.3429333,0.31731403
2010-11-08 11:15:00,0.24519998,0.3217413
2010-11-08 11:30:00,0.34826666,0.32522246
2010-11-08 11:45:00,0.28199998,0.3395724
2010-11-08 12:00:00,0.30306664,0.3368199
2010-11-08 12:15:00,0.2764,0.34180585
2010-11-08 12:30:00,0.3284,0.33370262
2010-11-08 12:45:00,0.28466666,0.33053744
2010-11-08 13:00:00,0.2996,0.32983375
2010-11-08 13:15:00,0.33760002,0.33799496
2010-11-08 13:30:00,0.28893334,0.32862866
2010-11-08 13:45:00,0.3132,0.3252484
2010-11-08 14:00:00,0.7774667,0.33697146
2010-11-08 14:15:00,0.49293333,0.48979363
2010-11-08 14:30:00,0.35706666,0.44206405
2010-11-08 14:45:00,0.4892,0.41476566
2010-11-08 15:00:00,0.35480002,0.4425566
2010-11-08 15:15:00,0.4272,0.40463322
2010-11-08 15:30:00,0.38386667,0.40325546
2010-11-08 15:45:00,0.29893333,0.39425263
2010-11-08 16:00:00,0.2696,0.39022613
2010-11-08 16:15:00,0.36613333,0.37714797
2010-11-08 16:30:00,0.2876,0.36283663
2010-11-08 16:45:00,0.3168,0.34694827
2010-11-08 17:00:00,0.36626667,0.35385877
2010-11-08 17:15:00,0.29693332,0.34853524
2010-11-08 17:30:00,0.31546667,0.35003346
2010-11-08 17:45:00,0.35226667,0.36243442
2010-11-08 18:00:00,0.39200002,0.36282167
2010-11-08 18:15:00,0.28173333,0.39453477
2010-11-08 18:30:00,0.41866666,0.42874214
2010-11-08 18:45:00,0.3638667,0.45445278
2010-11-08 19:00:00,0.61906666,0.4854788
2010-11-08 19:15:00,1.0069333,0.6194587
2010-11-08 19:30:00,1.0968,0.94086874
2010-11-08 19:45:00,0.7632,1.0065634
2010-11-08 20:00:00,1.3473333,0.98158467
2010-11-08 20:15:00,1.4029334,0.9971943
2010-11-08 20:30:00,1.1863999,1.1867058
2010-11-08 20:45:00,0.974,1.1546204
2010-11-08 21:00:00,1.1314666,1.093126
2010-11-08 21:15:00,2.2602665,1.1437877
2010-11-08 21:30:00,2.3661335,1.2856607
2010-11-08 21:45:00,1.4329333,1.36205
2010-11-08 22:00:00,0.7269333,1.2612015
2010-11-08 22:15:00,0.43973333,0.9071728
2010-11-08 22:30:00,0.41146663,0.6256642
2010-11-08 22:45:00,0.34466666,0.49738744
2010-11-08 23:00:00,0.25999996,0.41686994
2010-11-08 23:15:00,0.4017333,0.38333687
2010-11-08 23:30:00,0.24706666,0.3466413
2010-11-08 23:45:00,0.2712,0.34317788
2010-11-09 00:00:00,0.31346667,0.3435066
2010-11-09 00:15:00,0.26666662,0.31156865
2010-11-09 00:30:00,0.27066666,0.29922044
2010-11-09 00:45:00,0.29226667,0.30372864
2010-11-09 01:00:00,0.29653332,0.29054916
2010-11-09 01:15:00,0.23040003,0.29179147
2010-11-09 01:30:00,0.3364,0.29985702
2010-11-09 01:45:00,0.24320002,0.29450202
2010-11-09 02:00:00,0.30226663,0.27865067
2010-11-09 02:15:00,0.258,0.29177308
2010-11-09 02:30:00,0.32786667,0.2809368
2010-11-09 02:45:00,0.24653333,0.28362602
2010-11-09 03:00:00,0.2844,0.28051752
2010-11-09 03:15:00,0.30493334,0.28722346
2010-11-09 03:30:00,0.25813332,0.27930593
2010-11-09 03:45:00,0.27013335,0.2806581
2010-11-09 04:00:00,0.3008,0.28303668
2010-11-09 04:15:00,0.28346667,0.27995905
2010-11-09 04:30:00,0.22453333,0.27630547
2010-11-09 04:45:00,0.35133332,0.2846586
2010-11-09 05:00:00,0.21786667,0.28097823
2010-11-09 05:15:00,0.28946668,0.27933764
2010-11-09 05:30:00,0.26586667,0.29353052
2010-11-09 05:45:00,0.3004,0.28334033
2010-11-09 06:00:00,0.24986666,0.31683904
2010-11-09 06:15:00,0.3904,0.32272145
2010-11-09 06:30:00,1.0446666,0.42590702
2010-11-09 06:45:00,0.7788,0.7775136
2010-11-09 07:00:00,0.9448,0.74167234
2010-11-09 07:15:00,0.77639997,0.7619857
2010-11-09 07:30:00,0.3854667,0.71118146
2010-11-09 07:45:00,0.5249334,0.53934807
2010-11-09 08:00:00,0.66146666,0.48190627
2010-11-09 08:15:00,0.69586664,0.54776794
2010-11-09 08:30:00,0.68920004,0.60455793
2010-11-09 08:45:00,0.7662667,0.60630804
2010-11-09 09:00:00,0.29080003,0.61835223
2010-11-09 09:15:00,0.2456,0.5236391
2010-11-09 09:30:00,0.3044,0.45671794
2010-11-09 09:45:00,0.28866667,0.40458927
2010-11-09 10:00:00,0.83093333,0.37270844
2010-11-09 10:15:00,0.28586668,0.5329202
2010-11-09 10:30:00,0.2781333,0.42308474
2010-11-09 10:45:00,0.52306664,0.38907406
2010-11-09 11:00:00,0.6624,0.4443499
2010-11-09 11:15:00,0.42706662,0.51383805
2010-11-09 11:30:00,0.4416,0.43220672
2010-11-09 11:45:00,0.3372,0.42420593
2010-11-09 12:00:00,0.3764,0.4055424
2010-11-09 12:15:00,0.27786666,0.3840449
2010-11-09 12:30:00,0.43493333,0.38172835
2010-11-09 12:45:00,1.0924,0.39193156
2010-11-09 13:00:00,1.49,0.6010964
2010-11-09 13:15:00,0.9058667,0.75233775
2010-11-09 13:30:00,0.42439997,0.72360754
2010-11-09 13:45:00,0.97613335,0.5928325
2010-11-09 14:00:00,0.32906666,0.6976033
2010-11-09 14:15:00,0.48293334,0.5023521
2010-11-09 14:30:00,0.36306667,0.48828715
2010-11-09 14:45:00,0.42146668,0.41111925
2010-11-09 15:00:00,0.39733332,0.41449627
2010-11-09 15:15:00,0.42186663,0.40479246
2010-11-09 15:30:00,0.33146667,0.41340414
2010-11-09 15:45:00,0.45933333,0.40436086
2010-11-09 16:00:00,0.47826666,0.42787743
2010-11-09 16:15:00,0.778,0.432556
2010-11-09 16:30:00,0.7222666,0.57356834
2010-11-09 16:45:00,0.7941333,0.60190487
2010-11-09 17:00:00,0.6910667,0.6522166
2010-11-09 17:15:00,0.80013335,0.6499605
2010-11-09 17:30:00,0.7124,0.71438104
2010-11-09 17:45:00,0.9784,0.69803214
2010-11-09 18:00:00,1.0014666,0.85801196
2010-11-09 18:15:00,1.1146666,0.9718923
2010-11-09 18:30:00,1.0189334,1.0691022
2010-11-09 18:45:00,1.1434667,1.0894563
2010-11-09 19:00:00,1.4821334,1.1734419
2010-11-09 19:15:00,1.0394666,1.2994477
2010-11-09 19:30:00,0.85466665,1.2171613
2010-11-09 19:45:00,1.2814667,1.0416256
2010-11-09 20:00:00,1.2377334,1.2564613
2010-11-09 20:15:00,1.24,1.2709336
2010-11-09 20:30:00,0.96746665,1.3062307
2010-11-09 20:45:00,0.63906664,1.1773791
2010-11-09 21:00:00,0.5384,1.0091382
2010-11-09 21:15:00,0.6278667,0.8514177
2010-11-09 21:30:00,0.34693334,0.7564711
2010-11-09 21:45:00,0.37826666,0.6270327
2010-11-09 22:00:00,0.31986666,0.5325902
2010-11-09 22:15:00,0.42999998,0.49431932
2010-11-09 22:30:00,0.31666666,0.43937108
2010-11-09 22:45:00,0.43426666,0.43481982
2010-11-09 23:00:00,0.78346664,0.4184624
2010-11-09 23:15:00,0.4632,0.53667426
2010-11-09 23:30:00,0.4064,0.46082386
2010-11-09 23:45:00,0.31733334,0.4388362
2010-11-10 00:00:00,0.23333333,0.38701484
2010-11-10 00:15:00,0.25120002,0.36821553
2010-11-10 00:30:00,0.3052,0.32310787
2010-11-10 00:45:00,0.24786666,0.3031233
2010-11-10 01:00:00,0.2505333,0.30162102
2010-11-10 01:15:00,0.30053332,0.3148786
2010-11-10 01:30:00,0.26053333,0.289974
2010-11-10 01:45:00,0.23706666,0.28323245
2010-11-10 02:00:00,0.31853333,0.28542316
2010-11-10 02:15:00,0.23173334,0.27768907
2010-11-10 02:30:00,0.27920002,0.27566275
2010-11-10 02:45:00,0.2764,0.28308642
2010-11-10 03:00:00,0.28079998,0.27516085
2010-11-10 03:15:00,0.2216,0.28032917
2010-11-10 03:30:00,0.32493335,0.27904877
2010-11-10 03:45:00,0.22426668,0.27812544
2010-11-10 04:00:00,0.28653333,0.27145693
2010-11-10 04:15:00,0.24426667,0.28535387
2010-11-10 04:30:00,0.30586666,0.27341813
2010-11-10 04:45:00,0.21493334,0.28384995
2010-11-10 05:00:00,0.3052,0.27837756
2010-11-10 05:15:00,0.24106666,0.2983168
2010-11-10 05:30:00,0.28413334,0.28591117
2010-11-10 05:45:00,0.22466666,0.29607388
2010-11-10 06:00:00,0.33306664,0.3336312
2010-11-10 06:15:00,0.21706668,0.36278394
2010-11-10 06:30:00,1.1700001,0.486796
2010-11-10 06:45:00,0.82773334,0.73394686
2010-11-10 07:00:00,0.9136,0.7207845
2010-11-10 07:15:00,0.8705333,0.7426772
2010-11-10 07:30:00,0.8810666,0.7307307
2010-11-10 07:45:00,0.5241334,0.6998624
2010-11-10 08:00:00,0.36066666,0.558935
2010-11-10 08:15:00,0.3905334,0.47221938
2010-11-10 08:30:00,0.5970667,0.43266994
2010-11-10 08:45:00,0.37453333,0.4963047
2010-11-10 09:00:00,0.46040002,0.45906478
2010-11-10 09:15:00,0.44186667,0.46358415
2010-11-10 09:30:00,0.53279996,0.44555998
2010-11-10 09:45:00,0.5121333,0.48535904
2010-11-10 10:00:00,0.50479996,0.4783461
2010-11-10 10:15:00,0.4061333,0.4870255
2010-11-10 10:30:00,0.28626665,0.44292668
2010-11-10 10:45:00,0.2866666,0.43105334
2010-11-10 11:00:00,0.26079997,0.40733236
2010-11-10 11:15:00,0.36279997,0.36625895
2010-11-10 11:30:00,0.5509333,0.3543789
2010-11-10 11:45:00,0.5517333,0.4738174
2010-11-10 12:00:00,0.492,0.5085682
2010-11-10 12:15:00,1.1490667,0.4938544
2010-11-10 12:30:00,0.48493332,0.694821
2010-11-10 12:45:00,0.5621334,0.6260734
2010-11-10 13:00:00,0.28453332,0.5839046
2010-11-10 13:15:00,0.2816,0.49051282
2010-11-10 13:30:00,0.22626665,0.43430698
2010-11-10 13:45:00,0.32693332,0.41269425
2010-11-10 14:00:00,0.23973335,0.35405016
2010-11-10 14:15:00,0.37946662,0.33744642
2010-11-10 14:30:00,0.29493335,0.35286504
2010-11-10 14:45:00,0.28,0.33040965
2010-11-10 15:00:00,0.24906667,0.34575227
2010-11-10 15:15:00,0.2784,0.33671275
2010-11-10 15:30:00,0.28786665,0.32932603
2010-11-10 15:45:00,0.23746665,0.33312625
2010-11-10 16:00:00,0.28546667,0.3396771
2010-11-10 16:15:00,0.2737333,0.3335982
2010-11-10 16:30:00,0.26266667,0.32860324
2010-11-10 16:45:00,0.23359998,0.34584677
2010-11-10 17:00:00,0.47399992,0.3423171
2010-11-10 17:15:00,0.21840003,0.44011164
2010-11-10 17:30:00,0.34853336,0.4072397
2010-11-10 17:45:00,0.3713333,0.47185364
2010-11-10 18:00:00,0.386,0.5046497
2010-11-10 18:15:00,0.33106664,0.53605086
2010-11-10 18:30:00,0.51159996,0.5251608
2010-11-10 18:45:00,0.39106664,0.5406819
2010-11-10 19:00:00,0.46506664,0.60132563
2010-11-10 19:15:00,0.3336,0.64683634
2010-11-10 19:30:00,0.53186667,0.60972786
2010-11-10 19:45:00,0.5461333,0.6119772
2010-11-10 20:00:00,0.77680004,0.62295085
2010-11-10 20:15:00,0.7082666,0.7741293
2010-11-10 20:30:00,1.5765332,0.7522351
2010-11-10 20:45:00,0.9589333,0.93811315
2010-11-10 21:00:00,1.2329333,1.0294352
2010-11-10 21:15:00,1.5156001,1.1397742
2010-11-10 21:30:00,1.5509334,1.2076335
2010-11-10 21:45:00,1.4681334,1.235163
2010-11-10 22:00:00,1.3818667,1.1857142
2010-11-10 22:15:00,1.3534666,1.1363515
2010-11-10 22:30:00,1.3746667,1.0663114
2010-11-10 22:45:00,1.39,1.0958005
2010-11-10 23:00:00,0.814,1.1088456
2010-11-10 23:15:00,0.59426665,0.78454727
2010-11-10 23:30:00,0.37973335,0.615497
2010-11-10 23:45:00,0.30413333,0.4544935
2010-11-11 00:00:00,0.23733334,0.39996117
2010-11-11 00:15:00,0.32986668,0.33591217
2010-11-11 00:30:00,0.21066666,0.30730653
2010-11-11 00:45:00,0.29893333,0.30619055
2010-11-11 01:00:00,0.2564,0.29714128
2010-11-11 01:15:00,0.29013336,0.3033795
2010-11-11 01:30:00,0.22093333,0.2847285
2010-11-11 01:45:00,0.33373335,0.28207484
2010-11-11 02:00:00,0.23173334,0.275427
2010-11-11 02:15:00,0.2784,0.2753744
2010-11-11 02:30:00,0.29733333,0.2807195
2010-11-11 02:45:00,0.27213332,0.28023407
2010-11-11 03:00:00,0.24826667,0.27388647
2010-11-11 03:15:00,0.3224,0.27720976
2010-11-11 03:30:00,0.26013333,0.27371335
2010-11-11 03:45:00,0.2524,0.26958123
2010-11-11 04:00:00,0.31026667,0.28643456
2010-11-11 04:15:00,0.26226667,0.27401108
2010-11-11 04:30:00,0.26586667,0.27168578
2010-11-11 04:45:00,0.27706668,0.28845707
2010-11-11 05:00:00,0.28786665,0.2782186
2010-11-11 05:15:00,0.23426667,0.27725762
2010-11-11 05:30:00,0.30946666,0.28303832
2010-11-11 05:45:00,0.26319999,0.2873985
2010-11-11 06:00:00,0.28093332,0.3049994
2010-11-11 06:15:00,0.2452,0.33561465
2010-11-11 06:30:00,0.32546666,0.5079427
2010-11-11 06:45:00,0.21826667,0.44129172
2010-11-11 07:00:00,0.29906666,0.49251634
2010-11-11 07:15:00,0.2604,0.49770713
2010-11-11 07:30:00,0.28626668,0.4598952
2010-11-11 07:45:00,0.20573333,0.413669
2010-11-11 08:00:00,1.0476,0.40057167
2010-11-11 08:15:00,0.32573333,0.6597591
2010-11-11 08:30:00,0.38,0.5372441
2010-11-11 08:45:00,0.2792,0.44258502
2010-11-11 09:00:00,0.4088,0.38941756
2010-11-11 09:15:00,0.22933334,0.38646188
2010-11-11 09:30:00,0.37666667,0.36684597
2010-11-11 09:45:00,0.29386666,0.36154357
2010-11-11 10:00:00,0.31666666,0.36473683
2010-11-11 10:15:00,0.47026667,0.3554526
2010-11-11 10:30:00,0.48386666,0.39589906
2010-11-11 10:45:00,0.47759998,0.41861656
2010-11-11 11:00:00,0.34226665,0.43302572
2010-11-11 11:15:00,0.33746666,0.4178483
2010-11-11 11:30:00,0.2746667,0.39690882
2010-11-11 11:45:00,0.26466665,0.38753906
2010-11-11 12:00:00,0.29133332,0.3733467
2010-11-11 12:15:00,0.28906664,0.37282604
2010-11-11 12:30:00,0.24893332,0.33671054
2010-11-11 12:45:00,0.30746666,0.32859203
2010-11-11 13:00:00,0.27773336,0.3263487
2010-11-11 13:15:00,0.28226668,0.30994716
2010-11-11 13:30:00,0.24119999,0.3228605
2010-11-11 13:45:00,0.33706665,0.31656247
2010-11-11 14:00:00,0.22506668,0.33458692
2010-11-11 14:15:00,0.2997333,0.31445193
2010-11-11 14:30:00,0.2812,0.31736606
2010-11-11 14:45:00,0.30093333,0.32509857
2010-11-11 15:00:00,0.22306667,0.31847
2010-11-11 15:15:00,0.35760003,0.32591128
2010-11-11 15:30:00,0.22293334,0.3253907
2010-11-11 15:45:00,0.30973333,0.32322973
2010-11-11 16:00:00,0.6317333,0.32612836
2010-11-11 16:15:00,0.60213333,0.45814982
2010-11-11 16:30:00,0.5196,0.4760661
2010-11-11 16:45:00,0.48573333,0.48140705
2010-11-11 17:00:00,0.67746663,0.4865601
2010-11-11 17:15:00,0.9,0.54278535
2010-11-11 17:30:00,0.844,0.7058891
2010-11-11 17:45:00,0.97746664,0.7385674
2010-11-11 18:00:00,1.1190666,0.8509865
2010-11-11 18:15:00,1.1259999,0.95696175
2010-11-11 18:30:00,0.94306666,1.0525777
2010-11-11 18:45:00,1.0688,1.045786
2010-11-11 19:00:00,1.0975999,1.0480657
2010-11-11 19:15:00,0.6285333,1.0539287
2010-11-11 19:30:00,0.78853333,0.9177037
2010-11-11 19:45:00,0.57626665,0.87388873
2010-11-11 20:00:00,0.70706666,0.8543409
2010-11-11 20:15:00,1.4049333,0.850959
2010-11-11 20:30:00,1.2994667,1.1308082
2010-11-11 20:45:00,1.2089334,1.193861
2010-11-11 21:00:00,1.3277334,1.23936
2010-11-11 21:15:00,1.128,1.3024759
2010-11-11 21:30:00,1.2282666,1.2484869
2010-11-11 21:45:00,1.2058667,1.2148618
2010-11-11 22:00:00,1.1208,1.1215799
2010-11-11 22:15:00,1.5210667,1.0666137
2010-11-11 22:30:00,0.58066666,1.0452193
2010-11-11 22:45:00,0.578,0.7697185
2010-11-11 23:00:00,0.32666668,0.60377836
2010-11-11 23:15:00,0.30560002,0.41798797
2010-11-11 23:30:00,0.3556,0.42159638
2010-11-11 23:45:00,0.2908,0.35640192
2010-11-12 00:00:00,0.32666668,0.3187581
2010-11-12 00:15:00,0.2856,0.31753576
2010-11-12 00:30:00,0.36920002,0.31069356
2010-11-12 00:45:00,0.25173333,0.3140433
2010-11-12 01:00:00,0.32626668,0.31131807
2010-11-12 01:15:00,0.32826665,0.31544814
2010-11-12 01:30:00,0.30053332,0.30504888
2010-11-12 01:45:00,0.28586668,0.30393165
2010-11-12 02:00:00,0.32639998,0.30125323
2010-11-12 02:15:00,0.3228,0.29358375
2010-11-12 02:30:00,0.28186667,0.29430166
2010-11-12 02:45:00,0.32586667,0.2989984
2010-11-12 03:00:00,0.29773334,0.30547592
2010-11-12 03:15:00,0.32373333,0.29429343
2010-11-12 03:30:00,0.25146666,0.3049584
2010-11-12 03:45:00,0.37506667,0.2974728
2010-11-12 04:00:00,0.26466665,0.30123997
2010-11-12 04:15:00,0.31,0.28704935
2010-11-12 04:30:00,0.29613334,0.30661353
2010-11-12 04:45:00,0.32733333,0.29448682
2010-11-12 05:00:00,0.28786665,0.29558355
2010-11-12 05:15:00,0.27773333,0.29980475
2010-11-12 05:30:00,0.34973332,0.29562294
2010-11-12 05:45:00,0.27013335,0.2986945
2010-11-12 06:00:00,0.322,0.324814
2010-11-12 06:15:00,0.27746668,0.33818603
2010-11-12 06:30:00,0.3684,0.4676897
2010-11-12 06:45:00,0.24333332,0.46482316
2010-11-12 07:00:00,0.83426666,0.48747513
2010-11-12 07:15:00,0.77386665,0.6395225
2010-11-12 07:30:00,0.7072,0.70436186
2010-11-12 07:45:00,0.8704,0.70070827
2010-11-12 08:00:00,0.7733334,0.7278769
2010-11-12 08:15:00,0.59466666,0.63396144
2010-11-12 08:30:00,0.62880003,0.57995015
2010-11-12 08:45:00,0.722,0.5521635
2010-11-12 09:00:00,0.6292,0.5671567
2010-11-12 09:15:00,0.75119996,0.56085336
2010-11-12 09:30:00,0.64173335,0.56985015
2010-11-12 09:45:00,0.642,0.58243597
2010-11-12 10:00:00,0.40399998,0.5846014
2010-11-12 10:15:00,0.40173334,0.477002
2010-11-12 10:30:00,0.29306665,0.43331638
2010-11-12 10:45:00,0.34346664,0.39148498
2010-11-12 11:00:00,0.31933334,0.39312473
2010-11-12 11:15:00,0.35293332,0.35851607
2010-11-12 11:30:00,0.28586668,0.35979307
2010-11-12 11:45:00,0.4533333,0.3508505
2010-11-12 12:00:00,0.4353333,0.40322056
2010-11-12 12:15:00,0.41119996,0.38799846
2010-11-12 12:30:00,0.756,0.40077266
2010-11-12 12:45:00,0.43853334,0.52164805
2010-11-12 13:00:00,0.54533327,0.46916005
2010-11-12 13:15:00,0.43426666,0.50555944
2010-11-12 13:30:00,0.3198667,0.441408
2010-11-12 13:45:00,0.25453332,0.43861052
2010-11-12 14:00:00,0.34373334,0.3894516
2010-11-12 14:15:00,0.26946667,0.37893188
2010-11-12 14:30:00,0.63266665,0.35324827
2010-11-12 14:45:00,0.2629333,0.46009648
2010-11-12 15:00:00,0.3545333,0.38334507
2010-11-12 15:15:00,0.24720001,0.39120746
2010-11-12 15:30:00,0.3012,0.35601202
2010-11-12 15:45:00,0.31773335,0.35860723
2010-11-12 16:00:00,0.6672,0.36179945
2010-11-12 16:15:00,0.3773333,0.4922076
2010-11-12 16:30:00,0.33720002,0.43343496
2010-11-12 16:45:00,0.27266666,0.4344738
2010-11-12 17:00:00,0.7253333,0.41824278
2010-11-12 17:15:00,0.7542666,0.6013961
2010-11-12 17:30:00,0.24373332,0.67621285
2010-11-12 17:45:00,0.27559996,0.61709785
2010-11-12 18:00:00,0.288,0.59450376
2010-11-12 18:15:00,0.5284,0.56302845
2010-11-12 18:30:00,0.67599994,0.60583365
2010-11-12 18:45:00,0.8458666,0.6830757
2010-11-12 19:00:00,0.93333334,0.759975
2010-11-12 19:15:00,0.79399997,0.89048624
2010-11-12 19:30:00,0.7093333,0.86741036
2010-11-12 19:45:00,0.56159997,0.8597514
2010-11-12 20:00:00,0.31893334,0.8720875
2010-11-12 20:15:00,0.41213334,0.83152586
2010-11-12 20:30:00,0.8181333,0.8212973
2010-11-12 20:45:00,0.6878666,0.82316613
2010-11-12 21:00:00,0.65026665,0.8629875
2010-11-12 21:15:00,0.52106667,0.8746292
2010-11-12 21:30:00,0.49573332,0.79349446
2010-11-12 21:45:00,0.34946668,0.67687416
2010-11-12 22:00:00,0.44906667,0.5427851
2010-11-12 22:15:00,0.33626667,0.54357964
2010-11-12 22:30:00,0.29733333,0.449156
2010-11-12 22:45:00,0.26639998,0.42693108
2010-11-12 23:00:00,0.3168,0.38617304
2010-11-12 23:15:00,0.24826667,0.36924788
2010-11-12 23:30:00,0.40813333,0.35529727
2010-11-12 23:45:00,0.3512,0.37308457
2010-11-13 00:00:00,0.31239998,0.3370215
2010-11-13 00:15:00,0.29893336,0.33928367
2010-11-13 00:30:00,0.3216,0.3463478
2010-11-13 00:45:00,0.28840002,0.33060917
2010-11-13 01:00:00,0.26319999,0.32381973
2010-11-13 01:15:00,0.34133333,0.3390972
2010-11-13 01:30:00,0.24946667,0.3149408
2010-11-13 01:45:00,0.298,0.30321923
2010-11-13 02:00:00,0.29413334,0.30351335
2010-11-13 02:15:00,0.30346668,0.29098982
2010-11-13 02:30:00,0.22293334,0.2944411
2010-11-13 02:45:00,0.35799998,0.29426068
2010-11-13 03:00:00,0.23026666,0.28979415
2010-11-13 03:15:00,0.30253333,0.28940412
2010-11-13 03:30:00,0.27426666,0.29957688
2010-11-13 03:45:00,0.3044,0.28832713
2010-11-13 04:00:00,0.24546666,0.28689018
2010-11-13 04:15:00,0.30626667,0.28428313
2010-11-13 04:30:00,0.27946666,0.29337656
2010-11-13 04:45:00,0.27199998,0.28979778
2010-11-13 05:00:00,0.2752,0.2993815
2010-11-13 05:15:00,0.31119996,0.2915262
2010-11-13 05:30:00,0.27586666,0.2912348
2010-11-13 05:45:00,0.25546667,0.29150218
2010-11-13 06:00:00,0.3414667,0.31575677
2010-11-13 06:15:00,0.24893333,0.3203592
2010-11-13 06:30:00,0.30826667,0.38421518
2010-11-13 06:45:00,0.4046667,0.3927755
2010-11-13 07:00:00,0.6369333,0.4384476
2010-11-13 07:15:00,0.9998666,0.6010979
2010-11-13 07:30:00,0.8945333,0.66679245
2010-11-13 07:45:00,0.6764,0.7565477
2010-11-13 08:00:00,0.41319996,0.6134177
2010-11-13 08:15:00,0.29666665,0.530705
2010-11-13 08:30:00,0.34346667,0.43095994
2010-11-13 08:45:00,0.2326667,0.40593767
2010-11-13 09:00:00,0.34453332,0.38127264
2010-11-13 09:15:00,0.23346663,0.38510713
2010-11-13 09:30:00,0.30626673,0.33834308
2010-11-13 09:45:00,0.25999996,0.35980463
2010-11-13 10:00:00,0.31879997,0.3589444
2010-11-13 10:15:00,0.24893335,0.33128375
2010-11-13 10:30:00,0.45146665,0.32176065
2010-11-13 10:45:00,0.41853333,0.38938752
2010-11-13 11:00:00,0.5629333,0.38070044
2010-11-13 11:15:00,0.2810667,0.46413934
2010-11-13 11:30:00,0.322,0.40926483
2010-11-13 11:45:00,0.39253333,0.38065302
2010-11-13 12:00:00,0.4996,0.37697363
2010-11-13 12:15:00,0.586,0.45923468
2010-11-13 12:30:00,0.4348,0.4941104
2010-11-13 12:45:00,0.5341333,0.45665792
2010-11-13 13:00:00,0.5416,0.4767941
2010-11-13 13:15:00,0.4664,0.47879425
2010-11-13 13:30:00,0.3573333,0.46341893
2010-11-13 13:45:00,0.43253332,0.44020718
2010-11-13 14:00:00,0.41986665,0.42682248
2010-11-13 14:15:00,0.50373334,0.4125111
2010-11-13 14:30:00,0.48626667,0.4692576
2010-11-13 14:45:00,0.46400002,0.44951603
2010-11-13 15:00:00,0.5057333,0.45828795
2010-11-13 15:15:00,0.45266667,0.47520298
2010-11-13 15:30:00,0.45160002,0.45811474
2010-11-13 15:45:00,0.37093335,0.45495528
2010-11-13 16:00:00,0.528,0.45336768
2010-11-13 16:15:00,0.42173335,0.46804094
2010-11-13 16:30:00,0.4261333,0.4502564
2010-11-13 16:45:00,0.4812,0.45722556
2010-11-13 17:00:00,0.49693334,0.47273022
2010-11-13 17:15:00,0.39253333,0.4877387
2010-11-13 17:30:00,0.40706667,0.46369985
2010-11-13 17:45:00,0.45173332,0.4739703
2010-11-13 18:00:00,0.35893333,0.48348644
2010-11-13 18:15:00,0.5256,0.50650185
2010-11-13 18:30:00,0.5908,0.52934724
2010-11-13 18:45:00,0.7978667,0.5619507
2010-11-13 19:00:00,0.75693333,0.70353305
2010-11-13 19:15:00,0.7065333,0.7343796
2010-11-13 19:30:00,0.8890667,0.7292202
2010-11-13 19:45:00,0.81266665,0.78751826
2010-11-13 20:00:00,0.9422667,0.7703999
2010-11-13 20:15:00,1.7112,0.95855045
2010-11-13 20:30:00,1.2378668,1.1327307
2010-11-13 20:45:00,1.3693334,1.1790205
2010-11-13 21:00:00,2.1959999,1.2891898
2010-11-13 21:15:00,1.5275999,1.3189961
2010-11-13 21:30:00,1.45,1.3771925
2010-11-13 21:45:00,1.4366666,1.3004202
2010-11-13 22:00:00,1.3677334,1.247562
2010-11-13 22:15:00,1.5114667,1.2007954
2010-11-13 22:30:00,1.8226666,1.2034829
2010-11-13 22:45:00,1.8665333,1.2203493
2010-11-13 23:00:00,1.9926666,1.2616333
2010-11-13 23:15:00,2.2454667,1.3392812
2010-11-13 23:30:00,2.0853333,1.3794168
2010-11-13 23:45:00,2.1038668,1.4250609
2010-11-14 00:00:00,2.0858667,1.5527723
2010-11-14 00:15:00,1.9488,1.541012
2010-11-14 00:30:00,1.6296,1.5579637
2010-11-14 00:45:00,1.4738668,1.4668405
2010-11-14 01:00:00,1.6990666,1.3936169
2010-11-14 01:15:00,1.472,1.4076123
2010-11-14 01:30:00,1.3984,1.3538189
2010-11-14 01:45:00,1.2091999,1.3662002
2010-11-14 02:00:00,0.53466666,1.2629192
2010-11-14 02:15:00,0.30626673,0.8872047
2010-11-14 02:30:00,0.32639998,0.5798419
2010-11-14 02:45:00,0.34733334,0.437096
2010-11-14 03:00:00,0.30039996,0.36994922
2010-11-14 03:15:00,0.28946668,0.3487061
2010-11-14 03:30:00,0.3781333,0.32604522
2010-11-14 03:45:00,0.26479998,0.33050588
2010-11-14 04:00:00,0.32773334,0.3091055
2010-11-14 04:15:00,0.324,0.31527835
2010-11-14 04:30:00,0.31266668,0.30100515
2010-11-14 04:45:00,0.27933332,0.30372486
2010-11-14 05:00:00,0.36986667,0.3008797
2010-11-14 05:15:00,0.25266665,0.30988774
2010-11-14 05:30:00,0.34306666,0.3045483
2010-11-14 05:45:00,0.29746667,0.31253985
2010-11-14 06:00:00,0.32586667,0.332291
2010-11-14 06:15:00,0.2664,0.3364823
2010-11-14 06:30:00,0.37106666,0.38267654
2010-11-14 06:45:00,0.24973331,0.42883706
2010-11-14 07:00:00,0.34546667,0.4218814
2010-11-14 07:15:00,0.29893336,0.46789116
2010-11-14 07:30:00,0.32906666,0.41460982
2010-11-14 07:45:00,0.2596,0.38537994
2010-11-14 08:00:00,0.38506666,0.37188715
2010-11-14 08:15:00,0.2416,0.36492953
2010-11-14 08:30:00,0.3172,0.40073028
2010-11-14 08:45:00,0.43893334,0.37208688
2010-11-14 09:00:00,1.0292,0.40989557
2010-11-14 09:15:00,0.47733328,0.61701375
2010-11-14 09:30:00,0.42560002,0.554747
2010-11-14 09:45:00,0.45266664,0.4748792
2010-11-14 10:00:00,0.5933333,0.52633274
2010-11-14 10:15:00,0.45373335,0.54891115
2010-11-14 10:30:00,0.51306665,0.5153957
2010-11-14 10:45:00,0.4208,0.5270663
2010-11-14 11:00:00,0.4192,0.5039238
2010-11-14 11:15:00,0.38213333,0.48885393
2010-11-14 11:30:00,0.5402667,0.44826904
2010-11-14 11:45:00,0.5042667,0.48502964
2010-11-14 12:00:00,0.6384,0.50884485
2010-11-14 12:15:00,0.69079995,0.59104985
2010-11-14 12:30:00,0.6304,0.5875192
2010-11-14 12:45:00,0.6537333,0.6084846
2010-11-14 13:00:00,1.1327999,0.60828763
2010-11-14 13:15:00,0.77746665,0.7175679
2010-11-14 13:30:00,0.45106664,0.6890113
2010-11-14 13:45:00,1.1005332,0.5876173
2010-11-14 14:00:00,0.9468,0.73910093
2010-11-14 14:15:00,0.9353333,0.7440001
2010-11-14 14:30:00,0.77653337,0.8116022
2010-11-14 14:45:00,0.51,0.73031765
2010-11-14 15:00:00,0.38493332,0.6198649
2010-11-14 15:15:00,0.45266667,0.5389508
2010-11-14 15:30:00,0.41533333,0.48818845
2010-11-14 15:45:00,0.46106666,0.4530291
2010-11-14 16:00:00,0.37106666,0.467621
2010-11-14 16:15:00,0.48853335,0.45109564
2010-11-14 16:30:00,0.40493333,0.4713976
2010-11-14 16:45:00,0.42986667,0.4381527
2010-11-14 17:00:00,0.41626665,0.45137745
2010-11-14 17:15:00,0.46999997,0.45903513
2010-11-14 17:30:00,0.39226666,0.46345428
2010-11-14 17:45:00,0.42533335,0.4805302
2010-11-14 18:00:00,0.45173332,0.49854732
2010-11-14 18:15:00,0.40546665,0.49837014
2010-11-14 18:30:00,0.97253335,0.49831843
2010-11-14 18:45:00,0.48346668,0.8127348
2010-11-14 19:00:00,0.5716,0.69396424
2010-11-14 19:15:00,0.628,0.7109038
2010-11-14 19:30:00,0.72186667,0.76452655
2010-11-14 19:45:00,0.80599993,0.7234468
2010-11-14 20:00:00,0.5236,0.91518146
2010-11-14 20:15:00,0.55426663,0.92189574
2010-11-14 20:30:00,1.5125333,0.8731713
2010-11-14 20:45:00,1.2902666,1.1068916
2010-11-14 21:00:00,1.4618666,1.3704114
2010-11-14 21:15:00,1.2505333,1.4202511
2010-11-14 21:30:00,1.5897334,1.4027944
2010-11-14 21:45:00,1.5962666,1.4686726
2010-11-14 22:00:00,1.3914666,1.4158934
2010-11-14 22:15:00,1.0907999,1.3941404
2010-11-14 22:30:00,0.9704,1.2418826
2010-11-14 22:45:00,0.8645333,1.0885835
2010-11-14 23:00:00,0.5168,0.95119166
2010-11-14 23:15:00,0.4353333,0.78966796
2010-11-14 23:30:00,0.33613333,0.65195954
2010-11-14 23:45:00,0.3514667,0.57285434
2010-11-15 00:00:00,0.37253332,0.4785848
2010-11-15 00:15:00,0.33866662,0.4476943
2010-11-15 00:30:00,0.26613334,0.42327622
2010-11-15 00:45:00,0.38906667,0.3896507
2010-11-15 01:00:00,0.24039999,0.39403865
2010-11-15 01:15:00,0.30706665,0.35850564
2010-11-15 01:30:00,0.29173332,0.34081128
2010-11-15 01:45:00,0.32039997,0.3408745
2010-11-15 02:00:00,0.24626665,0.310397
2010-11-15 02:15:00,0.362,0.29918423
2010-11-15 02:30:00,0.26066667,0.29849768
2010-11-15 02:45:00,0.30546665,0.29754862
2010-11-15 03:00:00,0.29293334,0.2983605
2010-11-15 03:15:00,0.31973332,0.2980275
2010-11-15 03:30:00,0.26026666,0.29346648
2010-11-15 03:45:00,0.30733335,0.2929286
2010-11-15 04:00:00,0.30253333,0.29571176
2010-11-15 04:15:00,0.27826664,0.2915241
2010-11-15 04:30:00,0.28599998,0.29503164
2010-11-15 04:45:00,0.31199998,0.2934261
2010-11-15 05:00:00,0.2784,0.29187027
2010-11-15 05:15:00,0.25906667,0.29100809
2010-11-15 05:30:00,0.34600002,0.30245075
2010-11-15 05:45:00,0.26586667,0.2913428
2010-11-15 06:00:00,0.29853332,0.3172346
2010-11-15 06:15:00,0.3081333,0.33524856
2010-11-15 06:30:00,0.32653332,0.3706371
2010-11-15 06:45:00,0.9245333,0.4275751
2010-11-15 07:00:00,0.7510666,0.69283646
2010-11-15 07:15:00,0.7785333,0.7419834
2010-11-15 07:30:00,1.0716,0.7414268
2010-11-15 07:45:00,0.63319993,0.79908544
2010-11-15 08:00:00,0.422,0.6259546
2010-11-15 08:15:00,0.2312,0.5237583
2010-11-15 08:30:00,0.32399997,0.45832726
2010-11-15 08:45:00,0.29506665,0.42795134
2010-11-15 09:00:00,0.32359996,0.41323644
2010-11-15 09:15:00,0.2725333,0.3633825
2010-11-15 09:30:00,0.3781333,0.3538473
2010-11-15 09:45:00,0.27679998,0.3566833
2010-11-15 10:00:00,0.304,0.3378202
2010-11-15 10:15:00,0.35666662,0.36450818
2010-11-15 10:30:00,0.40266666,0.34644622
2010-11-15 10:45:00,0.34933332,0.3578707
2010-11-15 11:00:00,0.33466664,0.3721188
2010-11-15 11:15:00,0.32146662,0.37613517
2010-11-15 11:30:00,0.28906667,0.3717916
2010-11-15 11:45:00,0.33533332,0.36058694
2010-11-15 12:00:00,0.30759996,0.3680786
2010-11-15 12:15:00,0.31973332,0.35711437
2010-11-15 12:30:00,0.56079996,0.35694942
2010-11-15 12:45:00,0.52026665,0.49124065
2010-11-15 13:00:00,0.27813333,0.5042945
2010-11-15 13:15:00,0.31226665,0.4367527
2010-11-15 13:30:00,0.3044,0.403654
2010-11-15 13:45:00,0.3148,0.37575877
2010-11-15 14:00:00,0.23666665,0.3941223
2010-11-15 14:15:00,0.3633333,0.3743782
2010-11-15 14:30:00,0.26746666,0.34831077
2010-11-15 14:45:00,0.30053332,0.3370404
2010-11-15 15:00:00,0.28626665,0.34789863
2010-11-15 15:15:00,0.32559997,0.33448264
2010-11-15 15:30:00,0.26986665,0.32969445
2010-11-15 15:45:00,0.28359997,0.33559433
2010-11-15 16:00:00,0.5046666,0.3509036
2010-11-15 16:15:00,0.5276,0.43835643
2010-11-15 16:30:00,0.6043999,0.5001148
2010-11-15 16:45:00,0.63626665,0.51244015
2010-11-15 17:00:00,0.60333335,0.5802548
2010-11-15 17:15:00,0.56266665,0.59668094
2010-11-15 17:30:00,0.65386665,0.5580644
2010-11-15 17:45:00,0.58199996,0.6217041
2010-11-15 18:00:00,0.62093335,0.6199071
2010-11-15 18:15:00,0.5788,0.6587931
2010-11-15 18:30:00,0.6824,0.66688454
2010-11-15 18:45:00,0.5984,0.6644071
2010-11-15 19:00:00,0.5964,0.68733
2010-11-15 19:15:00,0.64360005,0.7053868
2010-11-15 19:30:00,0.7564,0.71747255
2010-11-15 19:45:00,0.74906665,0.8221793
2010-11-15 20:00:00,0.8545333,0.8632398
2010-11-15 20:15:00,0.912,0.9848395
2010-11-15 20:30:00,0.66040003,1.0789083
2010-11-15 20:45:00,0.69546676,0.9214331
2010-11-15 21:00:00,0.7321333,0.88470423
2010-11-15 21:15:00,0.7637333,0.90427583
2010-11-15 21:30:00,0.61439997,0.8680198
2010-11-15 21:45:00,0.5814667,0.81095785
2010-11-15 22:00:00,0.7124,0.7195918
2010-11-15 22:15:00,0.5341333,0.70879245
2010-11-15 22:30:00,0.3304,0.5945082
2010-11-15 22:45:00,0.34826666,0.4713023
2010-11-15 23:00:00,0.28919998,0.41474593
2010-11-15 23:15:00,0.3848,0.37208375
2010-11-15 23:30:00,0.22973332,0.35764956
2010-11-15 23:45:00,0.3328,0.3522251
2010-11-16 00:00:00,0.2908,0.3313859
2010-11-16 00:15:00,0.3148,0.3047348
2010-11-16 00:30:00,0.25599998,0.3144815
2010-11-16 00:45:00,0.3576,0.3023457
2010-11-16 01:00:00,0.25666666,0.3012291
2010-11-16 01:15:00,0.29759997,0.2998227
2010-11-16 01:30:00,0.31146666,0.30408877
2010-11-16 01:45:00,0.28506666,0.3022164
2010-11-16 02:00:00,0.26306668,0.29595834
2010-11-16 02:15:00,0.3436,0.29486483
2010-11-16 02:30:00,0.26946667,0.28923574
2010-11-16 02:45:00,0.27853334,0.29197636
2010-11-16 03:00:00,0.33866665,0.2958764
2010-11-16 03:15:00,0.26586667,0.28919616
2010-11-16 03:30:00,0.27960002,0.2865576
2010-11-16 03:45:00,0.32013333,0.29704526
2010-11-16 04:00:00,0.28253332,0.29270712
2010-11-16 04:15:00,0.26506668,0.286167
2010-11-16 04:30:00,0.3464,0.2963673
2010-11-16 04:45:00,0.25559998,0.2939749
2010-11-16 05:00:00,0.29479998,0.2928257
2010-11-16 05:15:00,0.30413333,0.29833707
2010-11-16 05:30:00,0.29426667,0.30014083
2010-11-16 05:45:00,0.252,0.30029854
2010-11-16 06:00:00,0.34866667,0.3324359
2010-11-16 06:15:00,0.25706667,0.340285
2010-11-16 06:30:00,0.3396,0.44974324
2010-11-16 06:45:00,0.9336,0.52333504
2010-11-16 07:00:00,0.5969333,0.72247416
2010-11-16 07:15:00,0.5926666,0.68552876
2010-11-16 07:30:00,0.7917334,0.60632974
2010-11-16 07:45:00,0.85546666,0.63284326
2010-11-16 08:00:00,0.34893328,0.65495515
2010-11-16 08:15:00,0.23999996,0.5126846
2010-11-16 08:30:00,0.33786666,0.43689084
2010-11-16 08:45:00,0.28466663,0.39622405
2010-11-16 09:00:00,0.29186666,0.36320218
2010-11-16 09:15:00,0.27946663,0.3375325
2010-11-16 09:30:00,0.32386667,0.33674213
2010-11-16 09:45:00,0.2584,0.32301283
2010-11-16 10:00:00,0.7557334,0.34744608
2010-11-16 10:15:00,0.30986664,0.4865193
2010-11-16 10:30:00,0.27706668,0.38394544
2010-11-16 10:45:00,0.32093334,0.3871688
2010-11-16 11:00:00,0.5956,0.36023772
2010-11-16 11:15:00,0.2837333,0.44218722
2010-11-16 11:30:00,0.28813332,0.4003385
2010-11-16 11:45:00,0.33613333,0.3746181
2010-11-16 12:00:00,0.25599998,0.34879556
2010-11-16 12:15:00,0.32826665,0.34465122
2010-11-16 12:30:00,0.40719998,0.35925415
2010-11-16 12:45:00,0.3789333,0.36587226
2010-11-16 13:00:00,0.2444,0.3866158
2010-11-16 13:15:00,0.3693333,0.37677982
2010-11-16 13:30:00,0.23733331,0.36250237
2010-11-16 13:45:00,0.3116,0.37930718
2010-11-16 14:00:00,0.40199995,0.33831868
2010-11-16 14:15:00,0.6276,0.3629562
2010-11-16 14:30:00,0.56560004,0.48955008
2010-11-16 14:45:00,0.7844,0.4805824
2010-11-16 15:00:00,0.6577333,0.5654979
2010-11-16 15:15:00,0.6508,0.60026896
2010-11-16 15:30:00,0.6336,0.5889384
2010-11-16 15:45:00,0.6532,0.6005576
2010-11-16 16:00:00,0.61586666,0.6139111
2010-11-16 16:15:00,0.6174667,0.61318636
2010-11-16 16:30:00,0.62306666,0.599919
2010-11-16 16:45:00,0.5881333,0.59949
2010-11-16 17:00:00,0.6098667,0.6005323
2010-11-16 17:15:00,0.62399995,0.62269145
2010-11-16 17:30:00,0.60613334,0.5954261
2010-11-16 17:45:00,0.5692,0.6248109
2010-11-16 18:00:00,0.60053337,0.6219402
2010-11-16 18:15:00,0.41346663,0.63642967
2010-11-16 18:30:00,0.48506668,0.5893309
2010-11-16 18:45:00,0.47586668,0.6236567
2010-11-16 19:00:00,0.54466665,0.6004314
2010-11-16 19:15:00,0.7542667,0.60684955
2010-11-16 19:30:00,0.64079994,0.6971881
2010-11-16 19:45:00,0.74826664,0.6833778
2010-11-16 20:00:00,0.8037333,0.7680992
2010-11-16 20:15:00,0.6998666,0.8227653
2010-11-16 20:30:00,0.9294666,0.8263368
2010-11-16 20:45:00,1.0919999,0.90424746
2010-11-16 21:00:00,1.0434667,1.0525311
2010-11-16 21:15:00,1.1285332,1.0896993
2010-11-16 21:30:00,0.9725333,1.183331
2010-11-16 21:45:00,0.92146665,1.0353056
2010-11-16 22:00:00,0.9016,0.92528856
2010-11-16 22:15:00,0.9478666,0.8274584
2010-11-16 22:30:00,0.6132,0.7923524
2010-11-16 22:45:00,0.41906664,0.61696666
2010-11-16 23:00:00,0.5125333,0.5061913
2010-11-16 23:15:00,0.43413335,0.46731523
2010-11-16 23:30:00,0.44426668,0.42786425
2010-11-16 23:45:00,0.39746666,0.4160973
2010-11-17 00:00:00,0.45626667,0.39365384
2010-11-17 00:15:00,0.3457333,0.40806362
2010-11-17 00:30:00,0.46119997,0.3876409
2010-11-17 00:45:00,0.3776,0.40346965
2010-11-17 01:00:00,0.42093334,0.37683514
2010-11-17 01:15:00,0.37106666,0.3937507
2010-11-17 01:30:00,0.44986665,0.3701764
2010-11-17 01:45:00,0.34893328,0.39997125
2010-11-17 02:00:00,0.42959997,0.36775577
2010-11-17 02:15:00,0.39626667,0.3839028
2010-11-17 02:30:00,0.38959998,0.36540815
2010-11-17 02:45:00,0.3872,0.37095207
2010-11-17 03:00:00,0.4229333,0.3698888
2010-11-17 03:15:00,0.3652,0.37735367
2010-11-17 03:30:00,0.40306666,0.3722588
2010-11-17 03:45:00,0.4089333,0.36587408
2010-11-17 04:00:00,0.37440002,0.3655913
2010-11-17 04:15:00,0.40453333,0.360403
2010-11-17 04:30:00,0.39773333,0.37513176
2010-11-17 04:45:00,0.3888,0.37570417
2010-11-17 05:00:00,0.38359997,0.38478184
2010-11-17 05:15:00,0.43266666,0.3761454
2010-11-17 05:30:00,0.35799998,0.39974305
2010-11-17 05:45:00,0.42253333,0.38456324
2010-11-17 06:00:00,0.40386668,0.40902442
2010-11-17 06:15:00,0.40386668,0.3992589
2010-11-17 06:30:00,0.3596,0.4780671
2010-11-17 06:45:00,0.9597333,0.5752139
2010-11-17 07:00:00,0.7404,0.7094982
2010-11-17 07:15:00,0.70533335,0.76241726
2010-11-17 07:30:00,0.78706664,0.7324233
2010-11-17 07:45:00,0.67679995,0.6977192
2010-11-17 08:00:00,0.44733334,0.6376867
2010-11-17 08:15:00,0.52466667,0.4909153
2010-11-17 08:30:00,0.42533335,0.49371713
2010-11-17 08:45:00,0.67066664,0.44666556
2010-11-17 09:00:00,0.5956,0.53555864
2010-11-17 09:15:00,0.83053327,0.5023694
2010-11-17 09:30:00,0.57666665,0.5910913
2010-11-17 09:45:00,0.6270667,0.58866453
2010-11-17 10:00:00,0.3201333,0.5586425
2010-11-17 10:15:00,0.31706667,0.45875585
2010-11-17 10:30:00,0.30719998,0.43299252
2010-11-17 10:45:00,0.41746664,0.38100165
2010-11-17 11:00:00,0.28053334,0.38794458
2010-11-17 11:15:00,0.3428,0.3720306
2010-11-17 11:30:00,0.2881333,0.38365972
2010-11-17 11:45:00,0.4964,0.36937356
2010-11-17 12:00:00,0.43026665,0.4211936
2010-11-17 12:15:00,0.3558666,0.41878262
2010-11-17 12:30:00,0.40080002,0.41389218
2010-11-17 12:45:00,0.3164,0.4023844
2010-11-17 13:00:00,0.28506666,0.38645938
2010-11-17 13:15:00,0.28746665,0.38461417
2010-11-17 13:30:00,0.3313333,0.3583589
2010-11-17 13:45:00,0.25626665,0.36019146
2010-11-17 14:00:00,0.30733332,0.3490607
2010-11-17 14:15:00,0.36733332,0.35404536
2010-11-17 14:30:00,0.2772,0.35028467
2010-11-17 14:45:00,0.28586668,0.34582853
2010-11-17 15:00:00,0.3414667,0.34528065
2010-11-17 15:15:00,0.27439997,0.34882855
2010-11-17 15:30:00,0.29053333,0.33947444
2010-11-17 15:45:00,0.33173332,0.34253627
2010-11-17 16:00:00,0.3012,0.34522307
2010-11-17 16:15:00,0.26613334,0.34459364
2010-11-17 16:30:00,0.3596,0.35227945
2010-11-17 16:45:00,0.27386668,0.3549652
2010-11-17 17:00:00,0.3094667,0.3632435
2010-11-17 17:15:00,0.29573333,0.35817385
2010-11-17 17:30:00,0.37653333,0.35306954
2010-11-17 17:45:00,0.39426666,0.37428966
2010-11-17 18:00:00,0.5036,0.393421
2010-11-17 18:15:00,0.42013332,0.4853433
2010-11-17 18:30:00,0.46040002,0.49338964
2010-11-17 18:45:00,0.31080002,0.49117517
2010-11-17 19:00:00,0.3396,0.47995228
2010-11-17 19:15:00,0.28853333,0.4468834
2010-11-17 19:30:00,0.60386664,0.47139964
2010-11-17 19:45:00,0.37186667,0.59375703
2010-11-17 20:00:00,0.7266666,0.56615317
2010-11-17 20:15:00,0.6702667,0.724577
2010-11-17 20:30:00,0.762,0.8089628
2010-11-17 20:45:00,0.80946666,0.95109564
2010-11-17 21:00:00,0.72826666,0.94459856
2010-11-17 21:15:00,1.1410668,0.9097731
2010-11-17 21:30:00,1.2594666,1.075313
2010-11-17 21:45:00,1.0126667,1.1909958
2010-11-17 22:00:00,1.1096001,1.0525521
2010-11-17 22:15:00,0.7896,1.0822018
2010-11-17 22:30:00,0.4764,0.7804756
2010-11-17 22:45:00,0.3544,0.5941594
2010-11-17 23:00:00,0.38759997,0.5131663
2010-11-17 23:15:00,0.3944,0.4485769
2010-11-17 23:30:00,0.33506665,0.402116
2010-11-17 23:45:00,0.46400002,0.38474897
2010-11-18 00:00:00,0.4192,0.40555596
2010-11-18 00:15:00,0.32493335,0.38669026
2010-11-18 00:30:00,0.32613334,0.39173248
2010-11-18 00:45:00,0.3732,0.38009483
2010-11-18 01:00:00,0.2993333,0.3562914
2010-11-18 01:15:00,0.34759998,0.35447147
2010-11-18 01:30:00,0.31826666,0.33905995
2010-11-18 01:45:00,0.3169333,0.33693442
2010-11-18 02:00:00,0.2742667,0.33008823
2010-11-18 02:15:00,0.3604,0.32737613
2010-11-18 02:30:00,0.24239999,0.3227793
2010-11-18 02:45:00,0.32866666,0.31362095
2010-11-18 03:00:00,0.284,0.31704715
2010-11-18 03:15:00,0.30933332,0.30898672
2010-11-18 03:30:00,0.24306668,0.30962315
2010-11-18 03:45:00,0.35786667,0.3043079
2010-11-18 04:00:00,0.23466668,0.3086708
2010-11-18 04:15:00,0.32079998,0.3023118
2010-11-18 04:30:00,0.284,0.31056237
2010-11-18 04:45:00,0.31186667,0.29902062
2010-11-18 05:00:00,0.24693333,0.30362752
2010-11-18 05:15:00,0.34973332,0.30386072
2010-11-18 05:30:00,0.24786668,0.31196687
2010-11-18 05:45:00,0.29773334,0.30986288
2010-11-18 06:00:00,0.3184,0.33820784
2010-11-18 06:15:00,0.29373333,0.3284276
2010-11-18 06:30:00,0.9314667,0.3520491
2010-11-18 06:45:00,0.4524,0.69129866
2010-11-18 07:00:00,0.46266666,0.5628971
2010-11-18 07:15:00,0.5017333,0.5523533
2010-11-18 07:30:00,0.58053327,0.55785483
2010-11-18 07:45:00,0.6085333,0.5418179
2010-11-18 08:00:00,0.60066664,0.5914558
2010-11-18 08:15:00,0.77599996,0.5598602
2010-11-18 08:30:00,0.59959996,0.6157727
2010-11-18 08:45:00,0.51893336,0.59362584
2010-11-18 09:00:00,0.34479997,0.5391912
2010-11-18 09:15:00,0.26599997,0.44388452
2010-11-18 09:30:00,0.29839998,0.3963836
2010-11-18 09:45:00,0.31253332,0.37338892
2010-11-18 10:00:00,0.31599998,0.3464407
2010-11-18 10:15:00,0.25093332,0.35104793
2010-11-18 10:30:00,0.3572,0.34888586
2010-11-18 10:45:00,0.2624,0.34665337
2010-11-18 11:00:00,0.30839998,0.32952133
2010-11-18 11:15:00,0.27093327,0.34547222
2010-11-18 11:30:00,0.34399998,0.32981715
2010-11-18 11:45:00,0.23919998,0.337044
2010-11-18 12:00:00,0.34773332,0.32549602
2010-11-18 12:15:00,0.26813328,0.3353192
2010-11-18 12:30:00,0.31759998,0.3276258
2010-11-18 12:45:00,0.25559998,0.33457392
2010-11-18 13:00:00,0.36133334,0.3309291
2010-11-18 13:15:00,0.2388,0.3395612
2010-11-18 13:30:00,0.3168,0.32387093
2010-11-18 13:45:00,0.3168,0.3323673
2010-11-18 14:00:00,0.332,0.3268429
2010-11-18 14:15:00,0.8984,0.33642292
2010-11-18 14:30:00,0.64599997,0.5465348
2010-11-18 14:45:00,0.3772,0.53915995
2010-11-18 15:00:00,0.31973332,0.44740218
2010-11-18 15:15:00,0.37146667,0.4029541
2010-11-18 15:30:00,0.33173332,0.38109434
2010-11-18 15:45:00,0.28893334,0.37919122
2010-11-18 16:00:00,0.39693335,0.37513658
2010-11-18 16:15:00,0.30159998,0.39082778
2010-11-18 16:30:00,0.30066666,0.37489617
2010-11-18 16:45:00,0.35146666,0.37378696
2010-11-18 17:00:00,0.31106666,0.3856874
2010-11-18 17:15:00,0.31066665,0.38819855
2010-11-18 17:30:00,0.33666667,0.3822235
2010-11-18 17:45:00,0.34506664,0.3867421
2010-11-18 18:00:00,0.38026664,0.39694792
2010-11-18 18:15:00,0.6277333,0.3945639
2010-11-18 18:30:00,0.46733335,0.56681055
2010-11-18 18:45:00,0.3116,0.5405605
2010-11-18 19:00:00,0.282,0.5050081
2010-11-18 19:15:00,0.36493334,0.4451651
2010-11-18 19:30:00,0.29,0.46658248
2010-11-18 19:45:00,0.32453334,0.4573908
2010-11-18 20:00:00,0.31106666,0.4451788
2010-11-18 20:15:00,0.34186664,0.4682162
2010-11-18 20:30:00,0.25826666,0.5365047
2010-11-18 20:45:00,0.35826668,0.5395531
2010-11-18 21:00:00,0.29306665,0.5684032
2010-11-18 21:15:00,0.3332,0.54837555
2010-11-18 21:30:00,0.26479998,0.5284954
2010-11-18 21:45:00,0.38453332,0.49108836
2010-11-18 22:00:00,0.24933334,0.4676709
2010-11-18 22:15:00,0.34359998,0.412044
2010-11-18 22:30:00,0.30306667,0.38649258
2010-11-18 22:45:00,0.33146667,0.37561992
2010-11-18 23:00:00,0.25466666,0.34686455
2010-11-18 23:15:00,0.3932,0.34965593
2010-11-18 23:30:00,0.4588,0.3481153
2010-11-18 23:45:00,0.8418667,0.391136
2010-11-19 00:00:00,0.4,0.5055881
2010-11-19 00:15:00,0.3044,0.4438031
2010-11-19 00:30:00,0.25733334,0.39324433
2010-11-19 00:45:00,0.3408,0.3635463
2010-11-19 01:00:00,0.28079998,0.3335831
2010-11-19 01:15:00,0.28373334,0.3161733
2010-11-19 01:30:00,0.31440002,0.3178396
2010-11-19 01:45:00,0.30479997,0.31142095
2010-11-19 02:00:00,0.27706668,0.30089954
2010-11-19 02:15:00,0.3,0.31063733
2010-11-19 02:30:00,0.3136,0.30119926
2010-11-19 02:45:00,0.26946667,0.29762962
2010-11-19 03:00:00,0.30653334,0.2955421
2010-11-19 03:15:00,0.31306666,0.30267325
2010-11-19 03:30:00,0.28840002,0.29245052
2010-11-19 03:45:00,0.2684,0.3076749
2010-11-19 04:00:00,0.35093334,0.30184707
2010-11-19 04:15:00,0.25386664,0.29623824
2010-11-19 04:30:00,0.3006667,0.294155
2010-11-19 04:45:00,0.30719998,0.3056421
2010-11-19 05:00:00,0.31013334,0.30125836
2010-11-19 05:15:00,0.23679999,0.30753183
2010-11-19 05:30:00,0.372,0.3137863
2010-11-19 05:45:00,0.23893332,0.32523587
2010-11-19 06:00:00,0.31653336,0.331633
2010-11-19 06:15:00,0.288,0.3446914
2010-11-19 06:30:00,0.31893334,0.3685478
2010-11-19 06:45:00,0.33653337,0.36964077
2010-11-19 07:00:00,1.1554667,0.3868121
2010-11-19 07:15:00,0.51853335,0.6688032
2010-11-19 07:30:00,0.49426666,0.6199408
2010-11-19 07:45:00,0.6041333,0.5536159
2010-11-19 08:00:00,0.72293335,0.5278837
2010-11-19 08:15:00,0.332,0.55854887
2010-11-19 08:30:00,0.52133334,0.49096704
2010-11-19 08:45:00,0.3225333,0.4859694
2010-11-19 09:00:00,0.3288,0.4428486
2010-11-19 09:15:00,0.25239998,0.42470104
2010-11-19 09:30:00,0.3992,0.38525078
2010-11-19 09:45:00,0.26400003,0.37443927
2010-11-19 10:00:00,0.3309333,0.3519391
2010-11-19 10:15:00,0.33306667,0.3570092
2010-11-19 10:30:00,0.46493334,0.33628237
2010-11-19 10:45:00,0.25719997,0.3895292
2010-11-19 11:00:00,0.38786665,0.36637548
2010-11-19 11:15:00,0.28079998,0.36710465
2010-11-19 11:30:00,0.34093332,0.34242746
2010-11-19 11:45:00,0.4944,0.3589549
2010-11-19 12:00:00,0.55586666,0.4260696
2010-11-19 12:15:00,0.45386666,0.46628565
2010-11-19 12:30:00,0.5109333,0.47536623
2010-11-19 12:45:00,0.42,0.47829875
2010-11-19 13:00:00,0.3924,0.45556957
2010-11-19 13:15:00,0.3029333,0.41799068
2010-11-19 13:30:00,0.3748,0.41308236
2010-11-19 13:45:00,0.3312,0.38727245
2010-11-19 14:00:00,0.89386666,0.38337573
2010-11-19 14:15:00,0.322,0.6051545
2010-11-19 14:30:00,0.32306665,0.49283445
2010-11-19 14:45:00,0.29066667,0.3975989
2010-11-19 15:00:00,0.37933332,0.36757496
2010-11-19 15:15:00,0.28546667,0.36937207
2010-11-19 15:30:00,0.31426665,0.35681066
2010-11-19 15:45:00,0.8297333,0.354598
2010-11-19 16:00:00,0.31866664,0.5394971
2010-11-19 16:15:00,0.35786667,0.4211317
2010-11-19 16:30:00,0.6169333,0.41839972
2010-11-19 16:45:00,0.34666666,0.5028987
2010-11-19 17:00:00,0.31093332,0.45223302
2010-11-19 17:15:00,0.3368,0.42921785
2010-11-19 17:30:00,0.3369333,0.38176498
2010-11-19 17:45:00,0.28973332,0.3863719
2010-11-19 18:00:00,0.3496,0.37425718
2010-11-19 18:15:00,0.31266668,0.38091132
2010-11-19 18:30:00,0.30973333,0.40010947
2010-11-19 18:45:00,0.3225333,0.38360584
2010-11-19 19:00:00,0.39,0.384513
2010-11-19 19:15:00,0.32213333,0.3828107
2010-11-19 19:30:00,0.6081333,0.39711556
2010-11-19 19:45:00,0.4321333,0.5170321
2010-11-19 20:00:00,0.43239996,0.4396041
2010-11-19 20:15:00,0.5956,0.4594126
2010-11-19 20:30:00,0.62520003,0.58918136
2010-11-19 20:45:00,0.58106667,0.62829256
2010-11-19 21:00:00,0.5044,0.6364912
2010-11-19 21:15:00,0.5288,0.6295662
2010-11-19 21:30:00,0.76586664,0.59378445
2010-11-19 21:45:00,1.0386666,0.67421573
2010-11-19 22:00:00,0.986,0.8515873
2010-11-19 22:15:00,0.9637334,0.86229855
2010-11-19 22:30:00,0.6544,0.82088256
2010-11-19 22:45:00,0.64386666,0.6818536
2010-11-19 23:00:00,0.34173334,0.59935725
2010-11-19 23:15:00,0.37986666,0.48958263
2010-11-19 23:30:00,0.3656,0.4437971
2010-11-19 23:45:00,0.41693336,0.39078775
2010-11-20 00:00:00,0.30586666,0.37284413
2010-11-20 00:15:00,0.41959998,0.3542528
2010-11-20 00:30:00,0.3416,0.36870137
2010-11-20 00:45:00,0.37986666,0.3598878
2010-11-20 01:00:00,0.3444,0.3541566
2010-11-20 01:15:00,0.41333333,0.34138608
2010-11-20 01:30:00,0.2997333,0.36440507
2010-11-20 01:45:00,0.41906664,0.3525078
2010-11-20 02:00:00,0.3308,0.35725892
2010-11-20 02:15:00,0.37253332,0.34630468
2010-11-20 02:30:00,0.3461333,0.34512708
2010-11-20 02:45:00,0.4061333,0.34433702
2010-11-20 03:00:00,0.2944,0.34263974
2010-11-20 03:15:00,0.41826665,0.3398684
2010-11-20 03:30:00,0.32479998,0.36688057
2010-11-20 03:45:00,0.37039998,0.34591568
2010-11-20 04:00:00,0.34693334,0.34798068
2010-11-20 04:15:00,0.3912,0.33599418
2010-11-20 04:30:00,0.2908,0.3368366
2010-11-20 04:45:00,0.44093335,0.33638704
2010-11-20 05:00:00,0.30346668,0.3761554
2010-11-20 05:15:00,0.37893334,0.35347816
2010-11-20 05:30:00,0.34866667,0.35768834
2010-11-20 05:45:00,0.3892,0.3411136
2010-11-20 06:00:00,0.29986665,0.3750734
2010-11-20 06:15:00,0.43839997,0.3689967
2010-11-20 06:30:00,0.72893333,0.43405893
2010-11-20 06:45:00,0.5617333,0.6049133
2010-11-20 07:00:00,0.5532,0.6443174
2010-11-20 07:15:00,0.74973327,0.6055924
2010-11-20 07:30:00,0.80039996,0.65747994
2010-11-20 07:45:00,0.842,0.66398245
2010-11-20 08:00:00,0.42626667,0.6377639
2010-11-20 08:15:00,0.5578667,0.5385244
2010-11-20 08:30:00,0.3866667,0.51133233
2010-11-20 08:45:00,0.38026664,0.43992925
2010-11-20 09:00:00,0.2549334,0.43540463
2010-11-20 09:15:00,0.34813336,0.38873425
2010-11-20 09:30:00,0.44933334,0.37916294
2010-11-20 09:45:00,0.43639997,0.39837196
2010-11-20 10:00:00,0.33266667,0.4149249
2010-11-20 10:15:00,0.3844,0.393539
2010-11-20 10:30:00,0.3777333,0.39570278
2010-11-20 10:45:00,0.6229333,0.38608658
2010-11-20 11:00:00,0.31506667,0.5000669
2010-11-20 11:15:00,0.9916,0.4218248
2010-11-20 11:30:00,1.8078667,0.60903573
2010-11-20 11:45:00,0.9364,0.79022783
2010-11-20 12:00:00,0.9173333,0.7495696
2010-11-20 12:15:00,0.9446666,0.7715114
2010-11-20 12:30:00,0.38239998,0.7370238
2010-11-20 12:45:00,0.5904,0.55465686
2010-11-20 13:00:00,0.4269333,0.5233848
2010-11-20 13:15:00,0.4772,0.46632674
2010-11-20 13:30:00,0.5390666,0.46303305
2010-11-20 13:45:00,0.6017333,0.5016221
2010-11-20 14:00:00,0.5498667,0.5562881
2010-11-20 14:15:00,0.47933334,0.54609054
2010-11-20 14:30:00,0.4261333,0.5021678
2010-11-20 14:45:00,0.4832,0.47675014
2010-11-20 15:00:00,0.53253335,0.46602693
2010-11-20 15:15:00,0.57479995,0.4961146
2010-11-20 15:30:00,0.5332,0.5211954
2010-11-20 15:45:00,0.4001333,0.5214633
2010-11-20 16:00:00,0.5106666,0.4873575
2010-11-20 16:15:00,0.3885333,0.49576932
2010-11-20 16:30:00,0.602,0.45853522
2010-11-20 16:45:00,0.52666664,0.51172173
2010-11-20 17:00:00,0.7204,0.5217894
2010-11-20 17:15:00,0.5736,0.5827543
2010-11-20 17:30:00,0.71706665,0.55161333
2010-11-20 17:45:00,0.6956,0.6201783
2010-11-20 18:00:00,0.7022667,0.6271591
2010-11-20 18:15:00,0.34359998,0.6578921
2010-11-20 18:30:00,0.35279998,0.57112175
2010-11-20 18:45:00,0.30373332,0.501894
2010-11-20 19:00:00,0.48986664,0.45600352
2010-11-20 19:15:00,0.5431999,0.5031097
2010-11-20 19:30:00,0.49373332,0.55929506
2010-11-20 19:45:00,0.5286667,0.5318047
2010-11-20 20:00:00,2.3517334,0.5916907
2010-11-20 20:15:00,1.1590667,0.85231626
2010-11-20 20:30:00,0.82373327,1.0958135
2010-11-20 20:45:00,0.5445334,0.98155373
2010-11-20 21:00:00,0.466,0.83441895
2010-11-20 21:15:00,0.4698667,0.75631416
2010-11-20 21:30:00,0.48253334,0.708593
2010-11-20 21:45:00,0.5441333,0.67811525
2010-11-20 22:00:00,0.4633333,0.6283987
2010-11-20 22:15:00,0.4861334,0.5709621
2010-11-20 22:30:00,0.52000004,0.5377053
2010-11-20 22:45:00,0.6330667,0.51780033
2010-11-20 23:00:00,0.46093333,0.5665867
2010-11-20 23:15:00,0.55013335,0.506813
2010-11-20 23:30:00,0.52599996,0.51856065
2010-11-20 23:45:00,0.53373337,0.51325756
2010-11-21 00:00:00,0.41866666,0.48247623
2010-11-21 00:15:00,0.5470667,0.45303965
2010-11-21 00:30:00,0.47133335,0.47646067
2010-11-21 00:45:00,0.6933333,0.4642421
2010-11-21 01:00:00,0.7086667,0.5369898
2010-11-21 01:15:00,0.43773332,0.6019824
2010-11-21 01:30:00,0.26986665,0.53814685
2010-11-21 01:45:00,0.29199997,0.45817882
2010-11-21 02:00:00,0.32426664,0.39458385
2010-11-21 02:15:00,0.31093332,0.34727913
2010-11-21 02:30:00,0.26706666,0.33517092
2010-11-21 02:45:00,0.32586667,0.3330243
2010-11-21 03:00:00,0.3169333,0.31740054
2010-11-21 03:15:00,0.28906667,0.30647126
2010-11-21 03:30:00,0.2908,0.31016937
2010-11-21 03:45:00,0.34253332,0.32125965
2010-11-21 04:00:00,0.28426665,0.30308977
2010-11-21 04:15:00,0.26626667,0.3097604
2010-11-21 04:30:00,0.3448,0.3138093
2010-11-21 04:45:00,0.28280002,0.31258416
2010-11-21 05:00:00,0.29386666,0.29669195
2010-11-21 05:15:00,0.3108,0.31307963
2010-11-21 05:30:00,0.3296,0.3140326
2010-11-21 05:45:00,0.25653332,0.31013206
2010-11-21 06:00:00,0.31933334,0.3462685
2010-11-21 06:15:00,0.3085333,0.35565734
2010-11-21 06:30:00,0.30013332,0.364966
2010-11-21 06:45:00,0.25853333,0.41251564
2010-11-21 07:00:00,0.37386665,0.39787433
2010-11-21 07:15:00,0.25120002,0.40042034
2010-11-21 07:30:00,0.3028,0.40678158
2010-11-21 07:45:00,0.92093337,0.3965056
2010-11-21 08:00:00,0.46506664,0.5583937
2010-11-21 08:15:00,0.30106667,0.47010532
2010-11-21 08:30:00,0.40213335,0.4292507
2010-11-21 08:45:00,0.63986665,0.41255853
2010-11-21 09:00:00,0.49573332,0.52020735
2010-11-21 09:15:00,0.5441333,0.47348094
2010-11-21 09:30:00,0.6302666,0.49947208
2010-11-21 09:45:00,0.7381333,0.5475682
2010-11-21 10:00:00,0.74813336,0.60908455
2010-11-21 10:15:00,0.72213334,0.61851627
2010-11-21 10:30:00,0.88093334,0.6230771
2010-11-21 10:45:00,0.7054666,0.7056253
2010-11-21 11:00:00,0.8252,0.66810316
2010-11-21 11:15:00,0.93,0.6708746
2010-11-21 11:30:00,0.8337334,0.7815922
2010-11-21 11:45:00,0.66066664,0.7423067
2010-11-21 12:00:00,0.6417333,0.6419665
2010-11-21 12:15:00,0.50560004,0.60555154
2010-11-21 12:30:00,0.58786666,0.5417568
2010-11-21 12:45:00,0.4948,0.5552421
2010-11-21 13:00:00,0.7010667,0.515396
2010-11-21 13:15:00,0.53893334,0.5886797
2010-11-21 13:30:00,0.60026664,0.5295273
2010-11-21 13:45:00,0.59199995,0.56025445
2010-11-21 14:00:00,0.8896,0.57593435
2010-11-21 14:15:00,0.8057333,0.6558342
2010-11-21 14:30:00,0.58399993,0.68130684
2010-11-21 14:45:00,0.50759995,0.6198101
2010-11-21 15:00:00,0.51266664,0.5464506
2010-11-21 15:15:00,0.47959998,0.5275794
2010-11-21 15:30:00,0.7010667,0.5034382
2010-11-21 15:45:00,0.78493327,0.57567793
2010-11-21 16:00:00,0.7377333,0.63255876
2010-11-21 16:15:00,0.75413334,0.66236526
2010-11-21 16:30:00,0.85466665,0.6778498
2010-11-21 16:45:00,0.844,0.69027895
2010-11-21 17:00:00,0.7617333,0.73518664
2010-11-21 17:15:00,0.7913333,0.71797395
2010-11-21 17:30:00,0.7936,0.7245968
2010-11-21 17:45:00,0.7824,0.7250373
2010-11-21 18:00:00,0.53706664,0.72012806
2010-11-21 18:15:00,0.5688,0.64776725
2010-11-21 18:30:00,0.4188,0.6342789
2010-11-21 18:45:00,0.50560004,0.5480127
2010-11-21 19:00:00,0.43240002,0.56763905
2010-11-21 19:15:00,0.598,0.54226255
2010-11-21 19:30:00,0.55333334,0.59011394
2010-11-21 19:45:00,0.55613333,0.6164847
2010-11-21 20:00:00,0.5229333,0.6529825
2010-11-21 20:15:00,0.4012,0.62743944
2010-11-21 20:30:00,0.39066666,0.54685235
2010-11-21 20:45:00,0.78573334,0.52506053
2010-11-21 21:00:00,0.41466665,0.6799778
2010-11-21 21:15:00,0.7693333,0.59384656
2010-11-21 21:30:00,1.0449333,0.7364627
2010-11-21 21:45:00,0.96279997,0.873574
2010-11-21 22:00:00,0.9542666,0.9143767
2010-11-21 22:15:00,1.0713333,0.93011403
2010-11-21 22:30:00,1.2621332,0.8785701
2010-11-21 22:45:00,1.3650666,0.9602837
2010-11-21 23:00:00,1.0522667,1.0381362
2010-11-21 23:15:00,0.9001333,0.94569546
2010-11-21 23:30:00,0.96333337,0.8388369
2010-11-21 23:45:00,0.37533334,0.7964777
2010-11-22 00:00:00,0.30186665,0.59526354
2010-11-22 00:15:00,0.36733332,0.4537102
2010-11-22 00:30:00,0.3192,0.38264367
2010-11-22 00:45:00,0.38266665,0.3643819
2010-11-22 01:00:00,0.37266666,0.3387364
2010-11-22 01:15:00,0.36026666,0.34022805
2010-11-22 01:30:00,0.38360003,0.34016758
2010-11-22 01:45:00,0.2996,0.33696648
2010-11-22 02:00:00,0.3748,0.33153173
2010-11-22 02:15:00,0.37586668,0.341114
2010-11-22 02:30:00,0.25840002,0.3309803
2010-11-22 02:45:00,0.3804,0.33463505
2010-11-22 03:00:00,0.34893334,0.33735394
2010-11-22 03:15:00,0.28626668,0.32289788
2010-11-22 03:30:00,0.3809333,0.33181852
2010-11-22 03:45:00,0.31573334,0.32445103
2010-11-22 04:00:00,0.31946665,0.32316816
2010-11-22 04:15:00,0.3,0.31879583
2010-11-22 04:30:00,0.34506667,0.3230609
2010-11-22 04:45:00,0.34506667,0.32126185
2010-11-22 05:00:00,0.24613333,0.31151053
2010-11-22 05:15:00,0.38333333,0.31514466
2010-11-22 05:30:00,0.30626667,0.32639655
2010-11-22 05:45:00,0.27066666,0.31577468
2010-11-22 06:00:00,0.38533333,0.34347102
2010-11-22 06:15:00,0.28506663,0.36628962
2010-11-22 06:30:00,0.3216,0.35205266
2010-11-22 06:45:00,0.32213333,0.4036644
2010-11-22 07:00:00,0.33493334,0.422033
2010-11-22 07:15:00,0.32293332,0.43209997
2010-11-22 07:30:00,0.6809333,0.4651504
2010-11-22 07:45:00,0.45906666,0.61865413
2010-11-22 08:00:00,0.41599998,0.465985
2010-11-22 08:15:00,0.57386667,0.455763
2010-11-22 08:30:00,0.6658667,0.5153771
2010-11-22 08:45:00,0.3344,0.5478755
2010-11-22 09:00:00,0.2922667,0.48815495
2010-11-22 09:15:00,0.27199998,0.45274335
2010-11-22 09:30:00,0.3044,0.40296817
2010-11-22 09:45:00,0.28173333,0.3754722
2010-11-22 10:00:00,0.22906666,0.36671025
2010-11-22 10:15:00,0.75200003,0.35304183
2010-11-22 10:30:00,0.77786666,0.52999455
2010-11-22 10:45:00,0.8269333,0.58039224
2010-11-22 11:00:00,0.5093333,0.6697356
2010-11-22 11:15:00,0.49613333,0.6056575
2010-11-22 11:30:00,0.52639997,0.5251188
2010-11-22 11:45:00,0.45173332,0.5154329
2010-11-22 12:00:00,0.54586667,0.49351388
2010-11-22 12:15:00,0.52986664,0.51221603
2010-11-22 12:30:00,0.34146664,0.5109805
2010-11-22 12:45:00,0.6662666,0.48368216
2010-11-22 13:00:00,0.33466667,0.5534293
2010-11-22 13:15:00,0.3584,0.45022792
2010-11-22 13:30:00,0.3261333,0.43264917
2010-11-22 13:45:00,0.28146666,0.40379006
2010-11-22 14:00:00,0.37586668,0.38930833
2010-11-22 14:15:00,0.28493336,0.37292972
2010-11-22 14:30:00,0.25946668,0.3610128
2010-11-22 14:45:00,0.4028,0.36049342
2010-11-22 15:00:00,0.2857333,0.3584326
2010-11-22 15:15:00,0.3028,0.35676998
2010-11-22 15:30:00,0.33586666,0.36016342
2010-11-22 15:45:00,0.38973334,0.35715646
2010-11-22 16:00:00,0.5706667,0.3873349
2010-11-22 16:15:00,0.38253334,0.49395466
2010-11-22 16:30:00,0.2765333,0.45916757
2010-11-22 16:45:00,0.3624,0.44915533
2010-11-22 17:00:00,0.36893332,0.40361658
2010-11-22 17:15:00,0.36746672,0.4085099
2010-11-22 17:30:00,0.43906674,0.39790624
2010-11-22 17:45:00,0.34959996,0.41871792
2010-11-22 18:00:00,0.3697333,0.42739546
2010-11-22 18:15:00,0.75453335,0.41245008
2010-11-22 18:30:00,0.63,0.56229025
2010-11-22 18:45:00,0.6690666,0.5816408
2010-11-22 19:00:00,0.54226667,0.6244997
2010-11-22 19:15:00,0.48826665,0.6047246
2010-11-22 19:30:00,0.40253335,0.56761694
2010-11-22 19:45:00,0.3861333,0.512045
2010-11-22 20:00:00,0.5121333,0.5239221
2010-11-22 20:15:00,0.60440004,0.567838
2010-11-22 20:30:00,0.7748,0.59472525
2010-11-22 20:45:00,0.584,0.7180142
2010-11-22 21:00:00,0.66706663,0.6874504
2010-11-22 21:15:00,0.7506667,0.74396443
2010-11-22 21:30:00,0.976,0.798485
2010-11-22 21:45:00,0.83426666,0.95128155
2010-11-22 22:00:00,0.7449333,0.84444594
2010-11-22 22:15:00,0.68986666,0.8143668
2010-11-22 22:30:00,0.47039998,0.70524275
2010-11-22 22:45:00,0.27666667,0.59081763
2010-11-22 23:00:00,0.2748,0.5072761
2010-11-22 23:15:00,0.19266666,0.44512722
2010-11-22 23:30:00,0.1856,0.38762185
2010-11-22 23:45:00,0.30426666,0.33871105
2010-11-23 00:00:00,0.22973332,0.30763033
2010-11-23 00:15:00,0.20373331,0.29258114
2010-11-23 00:30:00,0.25093332,0.2974088
2010-11-23 00:45:00,0.21293333,0.28607363
2010-11-23 01:00:00,0.25746667,0.26401007
2010-11-23 01:15:00,0.20746666,0.278029
2010-11-23 01:30:00,0.2016,0.2718992
2010-11-23 01:45:00,0.31199998,0.26797903
2010-11-23 02:00:00,0.18706666,0.26099792
2010-11-23 02:15:00,0.18786666,0.2670659
2010-11-23 02:30:00,0.30986664,0.27556437
2010-11-23 02:45:00,0.19039999,0.26566702
2010-11-23 03:00:00,0.22480002,0.26065883
2010-11-23 03:15:00,0.24106666,0.27342412
2010-11-23 03:30:00,0.22146668,0.25673902
2010-11-23 03:45:00,0.2436,0.2572772
2010-11-23 04:00:00,0.18093331,0.26288915
2010-11-23 04:15:00,0.28079998,0.2606338
2010-11-23 04:30:00,0.22666666,0.25790483
2010-11-23 04:45:00,0.15573333,0.25177112
2010-11-23 05:00:00,0.29826668,0.26869288
2010-11-23 05:15:00,0.2028,0.26534006
2010-11-23 05:30:00,0.20546667,0.2560835
2010-11-23 05:45:00,0.2416,0.27386788
2010-11-23 06:00:00,0.21,0.2965507
2010-11-23 06:15:00,0.24546666,0.2897972
2010-11-23 06:30:00,0.1684,0.33416247
2010-11-23 06:45:00,0.8685333,0.36315122
2010-11-23 07:00:00,0.42026666,0.57739854
2010-11-23 07:15:00,0.35319996,0.5094131
2010-11-23 07:30:00,0.62279993,0.46228227
2010-11-23 07:45:00,0.5506667,0.5502179
2010-11-23 08:00:00,0.5276,0.49392462
2010-11-23 08:15:00,0.57960004,0.48643756
2010-11-23 08:30:00,0.5066666,0.493112
2010-11-23 08:45:00,0.458,0.47339562
2010-11-23 09:00:00,0.21239996,0.43868637
2010-11-23 09:15:00,0.24106663,0.41269442
2010-11-23 09:30:00,0.65666664,0.3721898
2010-11-23 09:45:00,0.22413333,0.4687178
2010-11-23 10:00:00,0.31093332,0.40164006
2010-11-23 10:15:00,0.2885333,0.37690365
2010-11-23 10:30:00,0.65533334,0.35073847
2010-11-23 10:45:00,0.21933334,0.49516436
2010-11-23 11:00:00,0.24279995,0.3930183
2010-11-23 11:15:00,0.25239998,0.36643106
2010-11-23 11:30:00,0.1472,0.3329581
2010-11-23 11:45:00,0.30786663,0.31743494
2010-11-23 12:00:00,0.25879997,0.32540622
2010-11-23 12:15:00,0.18293333,0.29564464
2010-11-23 12:30:00,0.23506667,0.3149377
2010-11-23 12:45:00,0.22106667,0.30230698
2010-11-23 13:00:00,0.2909333,0.26075357
2010-11-23 13:15:00,0.2608,0.29227903
2010-11-23 13:30:00,0.1868,0.29365385
2010-11-23 13:45:00,0.23706667,0.29211232
2010-11-23 14:00:00,0.16679999,0.3026235
2010-11-23 14:15:00,0.28426665,0.30080023
2010-11-23 14:30:00,0.25013334,0.29482296
2010-11-23 14:45:00,0.1628,0.29817256
2010-11-23 15:00:00,0.23506667,0.30714658
2010-11-23 15:15:00,0.22226666,0.31092516
2010-11-23 15:30:00,0.27186668,0.28646073
2010-11-23 15:45:00,0.21159999,0.31326294
2010-11-23 16:00:00,0.16066667,0.30271292
2010-11-23 16:15:00,0.3656,0.29992118
2010-11-23 16:30:00,0.31613335,0.32654083
2010-11-23 16:45:00,0.5028,0.32163838
2010-11-23 17:00:00,0.48933333,0.43408674
2010-11-23 17:15:00,0.41519997,0.46855193
2010-11-23 17:30:00,0.5534667,0.4380133
2010-11-23 17:45:00,0.46506664,0.5141648
2010-11-23 18:00:00,0.4085333,0.51231194
2010-11-23 18:15:00,0.36893332,0.46564963
2010-11-23 18:30:00,0.2488,0.4446667
2010-11-23 18:45:00,0.37906665,0.4267463
2010-11-23 19:00:00,0.31093332,0.41501665
2010-11-23 19:15:00,0.5413333,0.42313495
2010-11-23 19:30:00,1.4718666,0.50631106
2010-11-23 19:45:00,0.5913333,0.7212801
2010-11-23 20:00:00,1.076,0.7392761
2010-11-23 20:15:00,0.93173337,0.89070904
2010-11-23 20:30:00,0.6692,0.8872995
2010-11-23 20:45:00,0.72906667,0.8218557
2010-11-23 21:00:00,0.6270667,0.76232713
2010-11-23 21:15:00,0.7854666,0.711648
2010-11-23 21:30:00,0.7617333,0.7732985
2010-11-23 21:45:00,0.6961333,0.7383974
2010-11-23 22:00:00,0.5864,0.70014745
2010-11-23 22:15:00,0.26066667,0.6065242
2010-11-23 22:30:00,0.20506667,0.4678167
2010-11-23 22:45:00,0.2068,0.37641212
2010-11-23 23:00:00,0.1964,0.3464503
2010-11-23 23:15:00,0.34866667,0.32216284
2010-11-23 23:30:00,0.17213334,0.30385002
2010-11-23 23:45:00,0.1884,0.29667333
2010-11-24 00:00:00,0.26306668,0.27063242
2010-11-24 00:15:00,0.18173334,0.24694745
2010-11-24 00:30:00,0.23693332,0.25049624
2010-11-24 00:45:00,0.17946666,0.257487
2010-11-24 01:00:00,0.25106665,0.24086632
2010-11-24 01:15:00,0.21973333,0.24122946
2010-11-24 01:30:00,0.13506667,0.22625455
2010-11-24 01:45:00,0.276,0.23925403
2010-11-24 02:00:00,0.21426664,0.2346906
2010-11-24 02:15:00,0.18053333,0.23004185
2010-11-24 02:30:00,0.23773333,0.23867103
2010-11-24 02:45:00,0.20786667,0.24078535
2010-11-24 03:00:00,0.23226665,0.22190066
2010-11-24 03:15:00,0.16413333,0.23092422
2010-11-24 03:30:00,0.2436,0.22922044
2010-11-24 03:45:00,0.2452,0.24354635
2010-11-24 04:00:00,0.1496,0.22106142
2010-11-24 04:15:00,0.25613335,0.246412
2010-11-24 04:30:00,0.22373334,0.23572296
2010-11-24 04:45:00,0.18306667,0.2222583
2010-11-24 05:00:00,0.21413332,0.24220908
2010-11-24 05:15:00,0.20773333,0.2528109
2010-11-24 05:30:00,0.24666667,0.23716688
2010-11-24 05:45:00,0.16453333,0.24437599
2010-11-24 06:00:00,0.23760001,0.2856579
2010-11-24 06:15:00,0.24453333,0.29219308
2010-11-24 06:30:00,0.31573334,0.32673547
2010-11-24 06:45:00,0.8602666,0.43979314
2010-11-24 07:00:00,0.27199998,0.5934362
2010-11-24 07:15:00,0.30893332,0.46510705
2010-11-24 07:30:00,0.5788,0.47342184
2010-11-24 07:45:00,0.7897333,0.5351665
2010-11-24 08:00:00,0.93813336,0.5364571
2010-11-24 08:15:00,0.71066666,0.6301923
2010-11-24 08:30:00,0.74293333,0.58074796
2010-11-24 08:45:00,0.6734667,0.59951115
2010-11-24 09:00:00,0.7486667,0.5337517
2010-11-24 09:15:00,0.77680004,0.586028
2010-11-24 09:30:00,0.7212,0.58734125
2010-11-24 09:45:00,0.56159997,0.5837365
2010-11-24 10:00:00,0.5697333,0.51357454
2010-11-24 10:15:00,0.3657333,0.49553546
2010-11-24 10:30:00,0.4525333,0.42080083
2010-11-24 10:45:00,0.47666663,0.41604617
2010-11-24 11:00:00,0.4112,0.41024345
2010-11-24 11:15:00,0.33053333,0.42078185
2010-11-24 11:30:00,0.47493333,0.40151924
2010-11-24 11:45:00,0.52533334,0.42241144
2010-11-24 12:00:00,0.55799997,0.4399308
2010-11-24 12:15:00,0.33413333,0.48726144
2010-11-24 12:30:00,0.36306667,0.41713074
2010-11-24 12:45:00,0.28346667,0.40630975
2010-11-24 13:00:00,0.23053333,0.3606701
2010-11-24 13:15:00,0.30719998,0.35067362
2010-11-24 13:30:00,0.17906666,0.3326255
2010-11-24 13:45:00,0.1908,0.31927824
2010-11-24 14:00:00,0.25853333,0.3186868
2010-11-24 14:15:00,0.19546667,0.30790493
2010-11-24 14:30:00,0.22693333,0.2878609
2010-11-24 14:45:00,0.19759999,0.2961113
2010-11-24 15:00:00,0.22146668,0.27654722
2010-11-24 15:15:00,0.268,0.26992518
2010-11-24 15:30:00,0.21199998,0.2712972
2010-11-24 15:45:00,0.26360002,0.2772097
2010-11-24 16:00:00,0.36146668,0.28819355
2010-11-24 16:15:00,0.21479999,0.30028713
2010-11-24 16:30:00,0.2692,0.31164548
2010-11-24 16:45:00,0.3184,0.32766187
2010-11-24 17:00:00,0.24506666,0.33117235
2010-11-24 17:15:00,0.28613332,0.3209438
2010-11-24 17:30:00,0.25333333,0.34660932
2010-11-24 17:45:00,0.29306665,0.3266907
2010-11-24 18:00:00,0.30599996,0.342936
2010-11-24 18:15:00,0.4032,0.3526723
2010-11-24 18:30:00,0.54746664,0.3710932
2010-11-24 18:45:00,0.5889333,0.52707654
2010-11-24 19:00:00,0.9473333,0.55630225
2010-11-24 19:15:00,0.7502667,0.76053774
2010-11-24 19:30:00,0.43893334,0.78446156
2010-11-24 19:45:00,0.7442666,0.64936584
2010-11-24 20:00:00,0.7842667,0.75756145
2010-11-24 20:15:00,0.5724,0.7308689
2010-11-24 20:30:00,0.5150667,0.6532875
2010-11-24 20:45:00,0.55946666,0.61610025
2010-11-24 21:00:00,0.6778667,0.56271267
2010-11-24 21:15:00,0.7352,0.641281
2010-11-24 21:30:00,0.6006667,0.70809096
2010-11-24 21:45:00,0.45666665,0.63052225
2010-11-24 22:00:00,0.49359998,0.5430045
2010-11-24 22:15:00,0.5081333,0.49781322
2010-11-24 22:30:00,0.34373334,0.48701787
2010-11-24 22:45:00,0.26226667,0.41340268
2010-11-24 23:00:00,0.21373333,0.38389102
2010-11-24 23:15:00,0.18946666,0.34429988
2010-11-24 23:30:00,0.20653333,0.31057307
2010-11-24 23:45:00,0.1708,0.30057654
2010-11-25 00:00:00,0.23986667,0.2677915
2010-11-25 00:15:00,0.16853333,0.252684
2010-11-25 00:30:00,0.16266666,0.2463982
2010-11-25 00:45:00,0.27199998,0.24785268
2010-11-25 01:00:00,0.13106667,0.23164506
2010-11-25 01:15:00,0.1796,0.22576828
2010-11-25 01:30:00,0.25893334,0.23589174
2010-11-25 01:45:00,0.123066664,0.22064042
2010-11-25 02:00:00,0.21666667,0.20940402
2010-11-25 02:15:00,0.2052,0.22552064
2010-11-25 02:30:00,0.17493334,0.2090041
2010-11-25 02:45:00,0.2104,0.2213202
2010-11-25 03:00:00,0.16226667,0.22230874
2010-11-25 03:15:00,0.23239999,0.20973384
2010-11-25 03:30:00,0.17533332,0.22152995
2010-11-25 03:45:00,0.16866666,0.21339211
2010-11-25 04:00:00,0.27186665,0.21816678
2010-11-25 04:15:00,0.12733333,0.21993336
2010-11-25 04:30:00,0.18413332,0.21678235
2010-11-25 04:45:00,0.25746667,0.23084208
2010-11-25 05:00:00,0.12253332,0.2172862
2010-11-25 05:15:00,0.2212,0.22140107
2010-11-25 05:30:00,0.19066666,0.24431805
2010-11-25 05:45:00,0.18533333,0.21017396
2010-11-25 06:00:00,0.20133333,0.2607016
2010-11-25 06:15:00,0.15693334,0.28079006
2010-11-25 06:30:00,0.2681333,0.34767804
2010-11-25 06:45:00,0.8534667,0.3558157
2010-11-25 07:00:00,0.40053332,0.50444955
2010-11-25 07:15:00,0.6062667,0.46321937
2010-11-25 07:30:00,0.35653332,0.5933675
2010-11-25 07:45:00,0.43866664,0.5029547
2010-11-25 08:00:00,0.41986668,0.49344975
2010-11-25 08:15:00,0.45013332,0.44642946
2010-11-25 08:30:00,0.5382666,0.44624662
2010-11-25 08:45:00,0.52199996,0.46989137
2010-11-25 09:00:00,0.5829333,0.46117204
2010-11-25 09:15:00,0.50146663,0.5016564
2010-11-25 09:30:00,0.48426667,0.48348108
2010-11-25 09:45:00,0.49666664,0.4545638
2010-11-25 10:00:00,0.2016,0.4508538
2010-11-25 10:15:00,0.17546663,0.3988087
2010-11-25 10:30:00,0.21919997,0.3834372
2010-11-25 10:45:00,0.18359996,0.33777046
2010-11-25 11:00:00,0.1486666,0.31438956
2010-11-25 11:15:00,0.27133337,0.30192453
2010-11-25 11:30:00,0.14919999,0.28594056
2010-11-25 11:45:00,0.15893327,0.26970804
2010-11-25 12:00:00,0.28439996,0.28897557
2010-11-25 12:15:00,0.12546663,0.24506676
2010-11-25 12:30:00,0.21013331,0.23350962
2010-11-25 12:45:00,0.9637333,0.26830995
2010-11-25 13:00:00,0.4665333,0.42471263
2010-11-25 13:15:00,0.68146664,0.40313825
2010-11-25 13:30:00,0.59239995,0.44298235
2010-11-25 13:45:00,0.47093332,0.44297567
2010-11-25 14:00:00,0.48746666,0.4354298
2010-11-25 14:15:00,0.3624,0.46031368
2010-11-25 14:30:00,0.22466666,0.4090084
2010-11-25 14:45:00,0.20759998,0.34780133
2010-11-25 15:00:00,0.13346663,0.33638766
2010-11-25 15:15:00,0.24533334,0.31133395
2010-11-25 15:30:00,0.18573333,0.2885974
2010-11-25 15:45:00,0.17186667,0.2905352
2010-11-25 16:00:00,0.2068,0.29218954
2010-11-25 16:15:00,0.19160001,0.26195958
2010-11-25 16:30:00,0.21613333,0.2587152
2010-11-25 16:45:00,0.13426666,0.2713225
2010-11-25 17:00:00,0.26146665,0.2620843
2010-11-25 17:15:00,0.29333332,0.26641697
2010-11-25 17:30:00,0.41079998,0.27771914
2010-11-25 17:45:00,0.54693335,0.3375969
2010-11-25 18:00:00,0.45559996,0.4584978
2010-11-25 18:15:00,0.5201333,0.4938896
2010-11-25 18:30:00,0.5048,0.50382084
2010-11-25 18:45:00,0.5197333,0.4998227
2010-11-25 19:00:00,0.49173334,0.5677241
2010-11-25 19:15:00,0.45293334,0.50552326
2010-11-25 19:30:00,0.9118666,0.5131265
2010-11-25 19:45:00,0.8441333,0.6567777
2010-11-25 20:00:00,0.998,0.6842272
2010-11-25 20:15:00,0.68106663,0.8476844
2010-11-25 20:30:00,1.4341334,0.7180531
2010-11-25 20:45:00,1.578,0.9320129
2010-11-25 21:00:00,1.2,1.077208
2010-11-25 21:15:00,1.3104,1.0823442
