origin_time,target_time,actual_kw,predicted_kw
2010-11-24 21:15:00,2010-11-24 21:15:00,0.7352,0.641281
2010-11-24 21:15:00,2010-11-24 21:30:00,0.6006667,0.7169767
2010-11-24 21:15:00,2010-11-24 21:45:00,0.45666665,0.6744927
2010-11-24 21:15:00,2010-11-24 22:00:00,0.49359998,0.65233797
2010-11-24 21:15:00,2010-11-24 22:15:00,0.5081333,0.6025944
2010-11-24 21:15:00,2010-11-24 22:30:00,0.34373334,0.5507872
2010-11-24 21:15:00,2010-11-24 22:45:00,0.26226667,0.5060644
2010-11-24 21:15:00,2010-11-24 23:00:00,0.21373333,0.48790088
2010-11-24 21:15:00,2010-11-24 23:15:00,0.18946666,0.45914885
2010-11-24 21:15:00,2010-11-24 23:30:00,0.20653333,0.43785647
2010-11-24 21:15:00,2010-11-24 23:45:00,0.1708,0.4373863
2010-11-24 21:15:00,2010-11-25 00:00:00,0.23986667,0.34086627
2010-11-24 21:15:00,2010-11-25 00:15:00,0.16853333,0.33149964
2010-11-24 21:15:00,2010-11-25 00:30:00,0.16266666,0.311012
2010-11-24 21:15:00,2010-11-25 00:45:00,0.27199998,0.33115906
2010-11-24 21:15:00,2010-11-25 01:00:00,0.13106667,0.3291315
2010-11-24 21:15:00,2010-11-25 01:15:00,0.1796,0.31532767
2010-11-24 21:15:00,2010-11-25 01:30:00,0.25893334,0.30043572
2010-11-24 21:15:00,2010-11-25 01:45:00,0.123066664,0.2989569
2010-11-24 21:15:00,2010-11-25 02:00:00,0.21666667,0.2922441
2010-11-24 21:15:00,2010-11-25 02:15:00,0.2052,0.29139832
2010-11-24 21:15:00,2010-11-25 02:30:00,0.17493334,0.28244713
2010-11-24 21:15:00,2010-11-25 02:45:00,0.2104,0.29111633
2010-11-24 21:15:00,2010-11-25 03:00:00,0.16226667,0.29911676
2010-11-24 21:15:00,2010-11-25 03:15:00,0.23239999,0.29433775
2010-11-24 21:15:00,2010-11-25 03:30:00,0.17533332,0.29972973
2010-11-24 21:15:00,2010-11-25 03:45:00,0.16866666,0.29729918
2010-11-24 21:15:00,2010-11-25 04:00:00,0.27186665,0.29248103
2010-11-24 21:15:00,2010-11-25 04:15:00,0.12733333,0.29764968
2010-11-24 21:15:00,2010-11-25 04:30:00,0.18413332,0.30337447
2010-11-24 21:15:00,2010-11-25 04:45:00,0.25746667,0.30559903
2010-11-24 21:15:00,2010-11-25 05:00:00,0.12253332,0.2886725
2010-11-24 21:15:00,2010-11-25 05:15:00,0.2212,0.31981388
2010-11-24 21:15:00,2010-11-25 05:30:00,0.19066666,0.32017282
2010-11-24 21:15:00,2010-11-25 05:45:00,0.18533333,0.3185169
2010-11-24 21:15:00,2010-11-25 06:00:00,0.20133333,0.33805856
2010-11-24 21:15:00,2010-11-25 06:15:00,0.15693334,0.36798027
2010-11-24 21:15:00,2010-11-25 06:30:00,0.2681333,0.4827863
2010-11-24 21:15:00,2010-11-25 06:45:00,0.8534667,0.49660063
2010-11-24 21:15:00,2010-11-25 07:00:00,0.40053332,0.47987184
2010-11-24 21:15:00,2010-11-25 07:15:00,0.6062667,0.4756118
2010-11-24 21:15:00,2010-11-25 07:30:00,0.35653332,0.5275389
2010-11-24 21:15:00,2010-11-25 07:45:00,0.43866664,0.5572188
2010-11-24 21:15:00,2010-11-25 08:00:00,0.41986668,0.56761605
2010-11-24 21:15:00,2010-11-25 08:15:00,0.45013332,0.52244335
2010-11-24 21:15:00,2010-11-25 08:30:00,0.5382666,0.49117938
2010-11-24 21:15:00,2010-11-25 08:45:00,0.52199996,0.4613004
2010-11-24 21:15:00,2010-11-25 09:00:00,0.5829333,0.41835415
2010-11-24 21:15:00,2010-11-25 09:15:00,0.50146663,0.41423172
2010-11-24 21:15:00,2010-11-25 09:30:00,0.48426667,0.430147
2010-11-24 21:15:00,2010-11-25 09:45:00,0.49666664,0.4093333
2010-11-24 21:15:00,2010-11-25 10:00:00,0.2016,0.40916598
2010-11-24 21:15:00,2010-11-25 10:15:00,0.17546663,0.417571
2010-11-24 21:15:00,2010-11-25 10:30:00,0.21919997,0.44077617
2010-11-24 21:15:00,2010-11-25 10:45:00,0.18359996,0.41557965
2010-11-24 21:15:00,2010-11-25 11:00:00,0.1486666,0.40071964
2010-11-24 21:15:00,2010-11-25 11:15:00,0.27133337,0.4064224
2010-11-24 21:15:00,2010-11-25 11:30:00,0.14919999,0.4189321
2010-11-24 21:15:00,2010-11-25 11:45:00,0.15893327,0.4072576
2010-11-24 21:15:00,2010-11-25 12:00:00,0.28439996,0.4091664
2010-11-24 21:15:00,2010-11-25 12:15:00,0.12546663,0.38320404
2010-11-24 21:15:00,2010-11-25 12:30:00,0.21013331,0.39356497
2010-11-24 21:15:00,2010-11-25 12:45:00,0.9637333,0.37875846
2010-11-24 21:15:00,2010-11-25 13:00:00,0.4665333,0.37942773
2010-11-24 21:15:00,2010-11-25 13:15:00,0.68146664,0.36235192
2010-11-24 21:15:00,2010-11-25 13:30:00,0.59239995,0.35062823
2010-11-24 21:15:00,2010-11-25 13:45:00,0.47093332,0.3401346
2010-11-24 21:15:00,2010-11-25 14:00:00,0.48746666,0.37271473
2010-11-24 21:15:00,2010-11-25 14:15:00,0.3624,0.39784637
2010-11-24 21:15:00,2010-11-25 14:30:00,0.22466666,0.38679668
2010-11-24 21:15:00,2010-11-25 14:45:00,0.20759998,0.34890476
2010-11-24 21:15:00,2010-11-25 15:00:00,0.13346663,0.34955674
2010-11-24 21:15:00,2010-11-25 15:15:00,0.24533334,0.33912733
2010-11-24 21:15:00,2010-11-25 15:30:00,0.18573333,0.3427333
2010-11-24 21:15:00,2010-11-25 15:45:00,0.17186667,0.398312
2010-11-24 21:15:00,2010-11-25 16:00:00,0.2068,0.38654777
2010-11-24 21:15:00,2010-11-25 16:15:00,0.19160001,0.37928054
2010-11-24 21:15:00,2010-11-25 16:30:00,0.21613333,0.38218185
2010-11-24 21:15:00,2010-11-25 16:45:00,0.13426666,0.39700526
2010-11-24 21:15:00,2010-11-25 17:00:00,0.26146665,0.40937746
2010-11-24 21:15:00,2010-11-25 17:15:00,0.29333332,0.42067954
2010-11-24 21:15:00,2010-11-25 17:30:00,0.41079998,0.4211564
2010-11-24 21:15:00,2010-11-25 17:45:00,0.54693335,0.43925107
2010-11-24 21:15:00,2010-11-25 18:00:00,0.45559996,0.45821425
2010-11-24 21:15:00,2010-11-25 18:15:00,0.5201333,0.5262843
2010-11-24 21:15:00,2010-11-25 18:30:00,0.5048,0.47660527
2010-11-24 21:15:00,2010-11-25 18:45:00,0.5197333,0.4975873
2010-11-24 21:15:00,2010-11-25 19:00:00,0.49173334,0.5352221
2010-11-24 21:15:00,2010-11-25 19:15:00,0.45293334,0.55596703
2010-11-24 21:15:00,2010-11-25 19:30:00,0.9118666,0.6783341
2010-11-24 21:15:00,2010-11-25 19:45:00,0.8441333,0.58208656
2010-11-24 21:15:00,2010-11-25 20:00:00,0.998,0.6409877
2010-11-24 21:15:00,2010-11-25 20:15:00,0.68106663,0.6091991
2010-11-24 21:15:00,2010-11-25 20:30:00,1.4341334,0.572567
2010-11-24 21:15:00,2010-11-25 20:45:00,1.578,0.59426576
2010-11-24 21:15:00,2010-11-25 21:00:00,1.2,0.5403077
2010-11-24 21:30:00,2010-11-24 21:30:00,0.6006667,0.70809096
2010-11-24 21:30:00,2010-11-24 21:45:00,0.45666665,0.705084
2010-11-24 21:30:00,2010-11-24 22:00:00,0.49359998,0.6923021
2010-11-24 21:30:00,2010-11-24 22:15:00,0.5081333,0.61984134
2010-11-24 21:30:00,2010-11-24 22:30:00,0.34373334,0.56484133
2010-11-24 21:30:00,2010-11-24 22:45:00,0.26226667,0.53561014
2010-11-24 21:30:00,2010-11-24 23:00:00,0.21373333,0.4917618
2010-11-24 21:30:00,2010-11-24 23:15:00,0.18946666,0.45652345
2010-11-24 21:30:00,2010-11-24 23:30:00,0.20653333,0.4633197
2010-11-24 21:30:00,2010-11-24 23:45:00,0.1708,0.43894878
2010-11-24 21:30:00,2010-11-25 00:00:00,0.23986667,0.3271456
2010-11-24 21:30:00,2010-11-25 00:15:00,0.16853333,0.3275761
2010-11-24 21:30:00,2010-11-25 00:30:00,0.16266666,0.31931692
2010-11-24 21:30:00,2010-11-25 00:45:00,0.27199998,0.3207416
2010-11-24 21:30:00,2010-11-25 01:00:00,0.13106667,0.32653973
2010-11-24 21:30:00,2010-11-25 01:15:00,0.1796,0.3148977
2010-11-24 21:30:00,2010-11-25 01:30:00,0.25893334,0.30168504
2010-11-24 21:30:00,2010-11-25 01:45:00,0.123066664,0.29353034
2010-11-24 21:30:00,2010-11-25 02:00:00,0.21666667,0.29314134
2010-11-24 21:30:00,2010-11-25 02:15:00,0.2052,0.30228493
2010-11-24 21:30:00,2010-11-25 02:30:00,0.17493334,0.26652592
2010-11-24 21:30:00,2010-11-25 02:45:00,0.2104,0.2992734
2010-11-24 21:30:00,2010-11-25 03:00:00,0.16226667,0.28244063
2010-11-24 21:30:00,2010-11-25 03:15:00,0.23239999,0.28775877
2010-11-24 21:30:00,2010-11-25 03:30:00,0.17533332,0.28280234
2010-11-24 21:30:00,2010-11-25 03:45:00,0.16866666,0.312492
2010-11-24 21:30:00,2010-11-25 04:00:00,0.27186665,0.29327092
2010-11-24 21:30:00,2010-11-25 04:15:00,0.12733333,0.28967705
2010-11-24 21:30:00,2010-11-25 04:30:00,0.18413332,0.30354527
2010-11-24 21:30:00,2010-11-25 04:45:00,0.25746667,0.30234003
2010-11-24 21:30:00,2010-11-25 05:00:00,0.12253332,0.2874505
2010-11-24 21:30:00,2010-11-25 05:15:00,0.2212,0.32241577
2010-11-24 21:30:00,2010-11-25 05:30:00,0.19066666,0.3294075
2010-11-24 21:30:00,2010-11-25 05:45:00,0.18533333,0.31157532
2010-11-24 21:30:00,2010-11-25 06:00:00,0.20133333,0.35017064
2010-11-24 21:30:00,2010-11-25 06:15:00,0.15693334,0.38551456
2010-11-24 21:30:00,2010-11-25 06:30:00,0.2681333,0.4775925
2010-11-24 21:30:00,2010-11-25 06:45:00,0.8534667,0.4662579
2010-11-24 21:30:00,2010-11-25 07:00:00,0.40053332,0.46824032
2010-11-24 21:30:00,2010-11-25 07:15:00,0.6062667,0.454843
2010-11-24 21:30:00,2010-11-25 07:30:00,0.35653332,0.5133052
2010-11-24 21:30:00,2010-11-25 07:45:00,0.43866664,0.55727947
2010-11-24 21:30:00,2010-11-25 08:00:00,0.41986668,0.54476905
2010-11-24 21:30:00,2010-11-25 08:15:00,0.45013332,0.52036536
2010-11-24 21:30:00,2010-11-25 08:30:00,0.5382666,0.4846324
2010-11-24 21:30:00,2010-11-25 08:45:00,0.52199996,0.45718545
2010-11-24 21:30:00,2010-11-25 09:00:00,0.5829333,0.42166224
2010-11-24 21:30:00,2010-11-25 09:15:00,0.50146663,0.41280627
2010-11-24 21:30:00,2010-11-25 09:30:00,0.48426667,0.4201842
2010-11-24 21:30:00,2010-11-25 09:45:00,0.49666664,0.41086704
2010-11-24 21:30:00,2010-11-25 10:00:00,0.2016,0.40592858
2010-11-24 21:30:00,2010-11-25 10:15:00,0.17546663,0.4082655
2010-11-24 21:30:00,2010-11-25 10:30:00,0.21919997,0.42726943
2010-11-24 21:30:00,2010-11-25 10:45:00,0.18359996,0.40867272
2010-11-24 21:30:00,2010-11-25 11:00:00,0.1486666,0.4105592
2010-11-24 21:30:00,2010-11-25 11:15:00,0.27133337,0.41005507
2010-11-24 21:30:00,2010-11-25 11:30:00,0.14919999,0.39364287
2010-11-24 21:30:00,2010-11-25 11:45:00,0.15893327,0.40376335
2010-11-24 21:30:00,2010-11-25 12:00:00,0.28439996,0.4109711
2010-11-24 21:30:00,2010-11-25 12:15:00,0.12546663,0.3941786
2010-11-24 21:30:00,2010-11-25 12:30:00,0.21013331,0.3748612
2010-11-24 21:30:00,2010-11-25 12:45:00,0.9637333,0.3815581
2010-11-24 21:30:00,2010-11-25 13:00:00,0.4665333,0.37414038
2010-11-24 21:30:00,2010-11-25 13:15:00,0.68146664,0.3635424
2010-11-24 21:30:00,2010-11-25 13:30:00,0.59239995,0.35816923
2010-11-24 21:30:00,2010-11-25 13:45:00,0.47093332,0.33850506
2010-11-24 21:30:00,2010-11-25 14:00:00,0.48746666,0.36164433
2010-11-24 21:30:00,2010-11-25 14:15:00,0.3624,0.4199609
2010-11-24 21:30:00,2010-11-25 14:30:00,0.22466666,0.3846328
2010-11-24 21:30:00,2010-11-25 14:45:00,0.20759998,0.34679514
2010-11-24 21:30:00,2010-11-25 15:00:00,0.13346663,0.34419766
2010-11-24 21:30:00,2010-11-25 15:15:00,0.24533334,0.33983943
2010-11-24 21:30:00,2010-11-25 15:30:00,0.18573333,0.35744452
2010-11-24 21:30:00,2010-11-25 15:45:00,0.17186667,0.37305495
2010-11-24 21:30:00,2010-11-25 16:00:00,0.2068,0.3971541
2010-11-24 21:30:00,2010-11-25 16:15:00,0.19160001,0.3832714
2010-11-24 21:30:00,2010-11-25 16:30:00,0.21613333,0.39544156
2010-11-24 21:30:00,2010-11-25 16:45:00,0.13426666,0.40954056
2010-11-24 21:30:00,2010-11-25 17:00:00,0.26146665,0.41156328
2010-11-24 21:30:00,2010-11-25 17:15:00,0.29333332,0.41579264
2010-11-24 21:30:00,2010-11-25 17:30:00,0.41079998,0.4318844
2010-11-24 21:30:00,2010-11-25 17:45:00,0.54693335,0.42925555
2010-11-24 21:30:00,2010-11-25 18:00:00,0.45559996,0.471443
2010-11-24 21:30:00,2010-11-25 18:15:00,0.5201333,0.51938456
2010-11-24 21:30:00,2010-11-25 18:30:00,0.5048,0.4927327
2010-11-24 21:30:00,2010-11-25 18:45:00,0.5197333,0.502785
2010-11-24 21:30:00,2010-11-25 19:00:00,0.49173334,0.562604
2010-11-24 21:30:00,2010-11-25 19:15:00,0.45293334,0.5539194
2010-11-24 21:30:00,2010-11-25 19:30:00,0.9118666,0.6776331
2010-11-24 21:30:00,2010-11-25 19:45:00,0.8441333,0.54637635
2010-11-24 21:30:00,2010-11-25 20:00:00,0.998,0.6838826
2010-11-24 21:30:00,2010-11-25 20:15:00,0.68106663,0.64143926
2010-11-24 21:30:00,2010-11-25 20:30:00,1.4341334,0.5613314
2010-11-24 21:30:00,2010-11-25 20:45:00,1.578,0.5685343
2010-11-24 21:30:00,2010-11-25 21:00:00,1.2,0.5694746
2010-11-24 21:30:00,2010-11-25 21:15:00,1.3104,0.58986336
2010-11-24 21:45:00,2010-11-24 21:45:00,0.45666665,0.63052225
2010-11-24 21:45:00,2010-11-24 22:00:00,0.49359998,0.6343491
2010-11-24 21:45:00,2010-11-24 22:15:00,0.5081333,0.6341724
2010-11-24 21:45:00,2010-11-24 22:30:00,0.34373334,0.5211613
2010-11-24 21:45:00,2010-11-24 22:45:00,0.26226667,0.50559443
2010-11-24 21:45:00,2010-11-24 23:00:00,0.21373333,0.46596792
2010-11-24 21:45:00,2010-11-24 23:15:00,0.18946666,0.48070037
2010-11-24 21:45:00,2010-11-24 23:30:00,0.20653333,0.45703357
2010-11-24 21:45:00,2010-11-24 23:45:00,0.1708,0.46682355
2010-11-24 21:45:00,2010-11-25 00:00:00,0.23986667,0.3481735
2010-11-24 21:45:00,2010-11-25 00:15:00,0.16853333,0.3437959
2010-11-24 21:45:00,2010-11-25 00:30:00,0.16266666,0.3274002
2010-11-24 21:45:00,2010-11-25 00:45:00,0.27199998,0.33047906
2010-11-24 21:45:00,2010-11-25 01:00:00,0.13106667,0.31658688
2010-11-24 21:45:00,2010-11-25 01:15:00,0.1796,0.31312332
2010-11-24 21:45:00,2010-11-25 01:30:00,0.25893334,0.29172805
2010-11-24 21:45:00,2010-11-25 01:45:00,0.123066664,0.29296848
2010-11-24 21:45:00,2010-11-25 02:00:00,0.21666667,0.2945593
2010-11-24 21:45:00,2010-11-25 02:15:00,0.2052,0.30248645
2010-11-24 21:45:00,2010-11-25 02:30:00,0.17493334,0.2882605
2010-11-24 21:45:00,2010-11-25 02:45:00,0.2104,0.2816914
2010-11-24 21:45:00,2010-11-25 03:00:00,0.16226667,0.28645432
2010-11-24 21:45:00,2010-11-25 03:15:00,0.23239999,0.2962937
2010-11-24 21:45:00,2010-11-25 03:30:00,0.17533332,0.2899046
2010-11-24 21:45:00,2010-11-25 03:45:00,0.16866666,0.3056578
2010-11-24 21:45:00,2010-11-25 04:00:00,0.27186665,0.30044323
2010-11-24 21:45:00,2010-11-25 04:15:00,0.12733333,0.28604868
2010-11-24 21:45:00,2010-11-25 04:30:00,0.18413332,0.3031609
2010-11-24 21:45:00,2010-11-25 04:45:00,0.25746667,0.2957498
2010-11-24 21:45:00,2010-11-25 05:00:00,0.12253332,0.29153752
2010-11-24 21:45:00,2010-11-25 05:15:00,0.2212,0.32812598
2010-11-24 21:45:00,2010-11-25 05:30:00,0.19066666,0.3327601
2010-11-24 21:45:00,2010-11-25 05:45:00,0.18533333,0.30794865
2010-11-24 21:45:00,2010-11-25 06:00:00,0.20133333,0.35830295
2010-11-24 21:45:00,2010-11-25 06:15:00,0.15693334,0.3548403
2010-11-24 21:45:00,2010-11-25 06:30:00,0.2681333,0.4848896
2010-11-24 21:45:00,2010-11-25 06:45:00,0.8534667,0.4659003
2010-11-24 21:45:00,2010-11-25 07:00:00,0.40053332,0.48192477
2010-11-24 21:45:00,2010-11-25 07:15:00,0.6062667,0.46340704
2010-11-24 21:45:00,2010-11-25 07:30:00,0.35653332,0.49311626
2010-11-24 21:45:00,2010-11-25 07:45:00,0.43866664,0.59310746
2010-11-24 21:45:00,2010-11-25 08:00:00,0.41986668,0.5263685
2010-11-24 21:45:00,2010-11-25 08:15:00,0.45013332,0.51102936
2010-11-24 21:45:00,2010-11-25 08:30:00,0.5382666,0.46819413
2010-11-24 21:45:00,2010-11-25 08:45:00,0.52199996,0.45256713
2010-11-24 21:45:00,2010-11-25 09:00:00,0.5829333,0.42530358
2010-11-24 21:45:00,2010-11-25 09:15:00,0.50146663,0.39447114
2010-11-24 21:45:00,2010-11-25 09:30:00,0.48426667,0.4165697
2010-11-24 21:45:00,2010-11-25 09:45:00,0.49666664,0.40402523
2010-11-24 21:45:00,2010-11-25 10:00:00,0.2016,0.4056442
2010-11-24 21:45:00,2010-11-25 10:15:00,0.17546663,0.41389972
2010-11-24 21:45:00,2010-11-25 10:30:00,0.21919997,0.4116303
2010-11-24 21:45:00,2010-11-25 10:45:00,0.18359996,0.411372
2010-11-24 21:45:00,2010-11-25 11:00:00,0.1486666,0.40201235
2010-11-24 21:45:00,2010-11-25 11:15:00,0.27133337,0.41739908
2010-11-24 21:45:00,2010-11-25 11:30:00,0.14919999,0.4167296
2010-11-24 21:45:00,2010-11-25 11:45:00,0.15893327,0.38612562
2010-11-24 21:45:00,2010-11-25 12:00:00,0.28439996,0.40548363
2010-11-24 21:45:00,2010-11-25 12:15:00,0.12546663,0.38299233
2010-11-24 21:45:00,2010-11-25 12:30:00,0.21013331,0.380025
2010-11-24 21:45:00,2010-11-25 12:45:00,0.9637333,0.36923435
2010-11-24 21:45:00,2010-11-25 13:00:00,0.4665333,0.3834633
2010-11-24 21:45:00,2010-11-25 13:15:00,0.68146664,0.35494316
2010-11-24 21:45:00,2010-11-25 13:30:00,0.59239995,0.35422775
2010-11-24 21:45:00,2010-11-25 13:45:00,0.47093332,0.3489363
2010-11-24 21:45:00,2010-11-25 14:00:00,0.48746666,0.35542706
2010-11-24 21:45:00,2010-11-25 14:15:00,0.3624,0.39375886
2010-11-24 21:45:00,2010-11-25 14:30:00,0.22466666,0.4113065
2010-11-24 21:45:00,2010-11-25 14:45:00,0.20759998,0.33888686
2010-11-24 21:45:00,2010-11-25 15:00:00,0.13346663,0.33271804
2010-11-24 21:45:00,2010-11-25 15:15:00,0.24533334,0.35471055
2010-11-24 21:45:00,2010-11-25 15:30:00,0.18573333,0.3652297
2010-11-24 21:45:00,2010-11-25 15:45:00,0.17186667,0.38595334
2010-11-24 21:45:00,2010-11-25 16:00:00,0.2068,0.37945768
2010-11-24 21:45:00,2010-11-25 16:15:00,0.19160001,0.39011934
2010-11-24 21:45:00,2010-11-25 16:30:00,0.21613333,0.39679253
2010-11-24 21:45:00,2010-11-25 16:45:00,0.13426666,0.40247592
2010-11-24 21:45:00,2010-11-25 17:00:00,0.26146665,0.40445405
2010-11-24 21:45:00,2010-11-25 17:15:00,0.29333332,0.41210756
2010-11-24 21:45:00,2010-11-25 17:30:00,0.41079998,0.4154276
2010-11-24 21:45:00,2010-11-25 17:45:00,0.54693335,0.4221635
2010-11-24 21:45:00,2010-11-25 18:00:00,0.45559996,0.46918756
2010-11-24 21:45:00,2010-11-25 18:15:00,0.5201333,0.5144049
2010-11-24 21:45:00,2010-11-25 18:30:00,0.5048,0.48885396
2010-11-24 21:45:00,2010-11-25 18:45:00,0.5197333,0.47658402
2010-11-24 21:45:00,2010-11-25 19:00:00,0.49173334,0.57190585
2010-11-24 21:45:00,2010-11-25 19:15:00,0.45293334,0.57541203
2010-11-24 21:45:00,2010-11-25 19:30:00,0.9118666,0.64774865
2010-11-24 21:45:00,2010-11-25 19:45:00,0.8441333,0.5659232
2010-11-24 21:45:00,2010-11-25 20:00:00,0.998,0.7109045
2010-11-24 21:45:00,2010-11-25 20:15:00,0.68106663,0.6251815
2010-11-24 21:45:00,2010-11-25 20:30:00,1.4341334,0.5594963
2010-11-24 21:45:00,2010-11-25 20:45:00,1.578,0.56114423
2010-11-24 21:45:00,2010-11-25 21:00:00,1.2,0.54906505
2010-11-24 21:45:00,2010-11-25 21:15:00,1.3104,0.58188754
2010-11-24 21:45:00,2010-11-25 21:30:00,1.3174667,0.5991575
2010-11-24 22:00:00,2010-11-24 22:00:00,0.49359998,0.5430045
2010-11-24 22:00:00,2010-11-24 22:15:00,0.5081333,0.5269258
2010-11-24 22:00:00,2010-11-24 22:30:00,0.34373334,0.47573212
2010-11-24 22:00:00,2010-11-24 22:45:00,0.26226667,0.46561012
2010-11-24 22:00:00,2010-11-24 23:00:00,0.21373333,0.4448786
2010-11-24 22:00:00,2010-11-24 23:15:00,0.18946666,0.42884964
2010-11-24 22:00:00,2010-11-24 23:30:00,0.20653333,0.46911648
2010-11-24 22:00:00,2010-11-24 23:45:00,0.1708,0.46068206
2010-11-24 22:00:00,2010-11-25 00:00:00,0.23986667,0.34494707
2010-11-24 22:00:00,2010-11-25 00:15:00,0.16853333,0.33555293
2010-11-24 22:00:00,2010-11-25 00:30:00,0.16266666,0.32720974
2010-11-24 22:00:00,2010-11-25 00:45:00,0.27199998,0.33129954
2010-11-24 22:00:00,2010-11-25 01:00:00,0.13106667,0.32177013
2010-11-24 22:00:00,2010-11-25 01:15:00,0.1796,0.30288208
2010-11-24 22:00:00,2010-11-25 01:30:00,0.25893334,0.29897654
2010-11-24 22:00:00,2010-11-25 01:45:00,0.123066664,0.2993413
2010-11-24 22:00:00,2010-11-25 02:00:00,0.21666667,0.29973257
2010-11-24 22:00:00,2010-11-25 02:15:00,0.2052,0.3002274
2010-11-24 22:00:00,2010-11-25 02:30:00,0.17493334,0.28140786
2010-11-24 22:00:00,2010-11-25 02:45:00,0.2104,0.2982648
2010-11-24 22:00:00,2010-11-25 03:00:00,0.16226667,0.2750671
2010-11-24 22:00:00,2010-11-25 03:15:00,0.23239999,0.28379622
2010-11-24 22:00:00,2010-11-25 03:30:00,0.17533332,0.28335372
2010-11-24 22:00:00,2010-11-25 03:45:00,0.16866666,0.31346
2010-11-24 22:00:00,2010-11-25 04:00:00,0.27186665,0.30034524
2010-11-24 22:00:00,2010-11-25 04:15:00,0.12733333,0.3012103
2010-11-24 22:00:00,2010-11-25 04:30:00,0.18413332,0.30302462
2010-11-24 22:00:00,2010-11-25 04:45:00,0.25746667,0.3038513
2010-11-24 22:00:00,2010-11-25 05:00:00,0.12253332,0.2973278
2010-11-24 22:00:00,2010-11-25 05:15:00,0.2212,0.32696754
2010-11-24 22:00:00,2010-11-25 05:30:00,0.19066666,0.3286264
2010-11-24 22:00:00,2010-11-25 05:45:00,0.18533333,0.30742085
2010-11-24 22:00:00,2010-11-25 06:00:00,0.20133333,0.35322297
2010-11-24 22:00:00,2010-11-25 06:15:00,0.15693334,0.35659257
2010-11-24 22:00:00,2010-11-25 06:30:00,0.2681333,0.45701146
2010-11-24 22:00:00,2010-11-25 06:45:00,0.8534667,0.4677783
2010-11-24 22:00:00,2010-11-25 07:00:00,0.40053332,0.46448347
2010-11-24 22:00:00,2010-11-25 07:15:00,0.6062667,0.47303042
2010-11-24 22:00:00,2010-11-25 07:30:00,0.35653332,0.53043544
2010-11-24 22:00:00,2010-11-25 07:45:00,0.43866664,0.56890726
2010-11-24 22:00:00,2010-11-25 08:00:00,0.41986668,0.55316436
2010-11-24 22:00:00,2010-11-25 08:15:00,0.45013332,0.5041796
2010-11-24 22:00:00,2010-11-25 08:30:00,0.5382666,0.4848379
2010-11-24 22:00:00,2010-11-25 08:45:00,0.52199996,0.45263964
2010-11-24 22:00:00,2010-11-25 09:00:00,0.5829333,0.42088252
2010-11-24 22:00:00,2010-11-25 09:15:00,0.50146663,0.4245078
2010-11-24 22:00:00,2010-11-25 09:30:00,0.48426667,0.41643074
2010-11-24 22:00:00,2010-11-25 09:45:00,0.49666664,0.4004444
2010-11-24 22:00:00,2010-11-25 10:00:00,0.2016,0.40871343
2010-11-24 22:00:00,2010-11-25 10:15:00,0.17546663,0.4181245
2010-11-24 22:00:00,2010-11-25 10:30:00,0.21919997,0.44097745
2010-11-24 22:00:00,2010-11-25 10:45:00,0.18359996,0.39708298
2010-11-24 22:00:00,2010-11-25 11:00:00,0.1486666,0.40528065
2010-11-24 22:00:00,2010-11-25 11:15:00,0.27133337,0.41693506
2010-11-24 22:00:00,2010-11-25 11:30:00,0.14919999,0.4240523
2010-11-24 22:00:00,2010-11-25 11:45:00,0.15893327,0.40740284
2010-11-24 22:00:00,2010-11-25 12:00:00,0.28439996,0.40862045
2010-11-24 22:00:00,2010-11-25 12:15:00,0.12546663,0.39791694
2010-11-24 22:00:00,2010-11-25 12:30:00,0.21013331,0.38918957
2010-11-24 22:00:00,2010-11-25 12:45:00,0.9637333,0.37317315
2010-11-24 22:00:00,2010-11-25 13:00:00,0.4665333,0.3786795
2010-11-24 22:00:00,2010-11-25 13:15:00,0.68146664,0.36386898
2010-11-24 22:00:00,2010-11-25 13:30:00,0.59239995,0.3633227
2010-11-24 22:00:00,2010-11-25 13:45:00,0.47093332,0.34202564
2010-11-24 22:00:00,2010-11-25 14:00:00,0.48746666,0.36006916
2010-11-24 22:00:00,2010-11-25 14:15:00,0.3624,0.41441396
2010-11-24 22:00:00,2010-11-25 14:30:00,0.22466666,0.3816328
2010-11-24 22:00:00,2010-11-25 14:45:00,0.20759998,0.34838384
2010-11-24 22:00:00,2010-11-25 15:00:00,0.13346663,0.3487748
2010-11-24 22:00:00,2010-11-25 15:15:00,0.24533334,0.35708457
2010-11-24 22:00:00,2010-11-25 15:30:00,0.18573333,0.35157132
2010-11-24 22:00:00,2010-11-25 15:45:00,0.17186667,0.37181824
2010-11-24 22:00:00,2010-11-25 16:00:00,0.2068,0.36716178
2010-11-24 22:00:00,2010-11-25 16:15:00,0.19160001,0.3676475
2010-11-24 22:00:00,2010-11-25 16:30:00,0.21613333,0.4070153
2010-11-24 22:00:00,2010-11-25 16:45:00,0.13426666,0.41362172
2010-11-24 22:00:00,2010-11-25 17:00:00,0.26146665,0.40820163
2010-11-24 22:00:00,2010-11-25 17:15:00,0.29333332,0.4116183
2010-11-24 22:00:00,2010-11-25 17:30:00,0.41079998,0.43756223
2010-11-24 22:00:00,2010-11-25 17:45:00,0.54693335,0.4173408
2010-11-24 22:00:00,2010-11-25 18:00:00,0.45559996,0.45524848
2010-11-24 22:00:00,2010-11-25 18:15:00,0.5201333,0.52471954
2010-11-24 22:00:00,2010-11-25 18:30:00,0.5048,0.48255485
2010-11-24 22:00:00,2010-11-25 18:45:00,0.5197333,0.4960683
2010-11-24 22:00:00,2010-11-25 19:00:00,0.49173334,0.5576874
2010-11-24 22:00:00,2010-11-25 19:15:00,0.45293334,0.5652067
2010-11-24 22:00:00,2010-11-25 19:30:00,0.9118666,0.66592497
2010-11-24 22:00:00,2010-11-25 19:45:00,0.8441333,0.5553227
2010-11-24 22:00:00,2010-11-25 20:00:00,0.998,0.65541565
2010-11-24 22:00:00,2010-11-25 20:15:00,0.68106663,0.6280361
2010-11-24 22:00:00,2010-11-25 20:30:00,1.4341334,0.5610147
2010-11-24 22:00:00,2010-11-25 20:45:00,1.578,0.5675631
2010-11-24 22:00:00,2010-11-25 21:00:00,1.2,0.5404159
2010-11-24 22:00:00,2010-11-25 21:15:00,1.3104,0.5556392
2010-11-24 22:00:00,2010-11-25 21:30:00,1.3174667,0.614815
2010-11-24 22:00:00,2010-11-25 21:45:00,1.2810667,0.5817426
2010-11-24 22:15:00,2010-11-24 22:15:00,0.5081333,0.49781322
2010-11-24 22:15:00,2010-11-24 22:30:00,0.34373334,0.46629393
2010-11-24 22:15:00,2010-11-24 22:45:00,0.26226667,0.42694908
2010-11-24 22:15:00,2010-11-24 23:00:00,0.21373333,0.43443385
2010-11-24 22:15:00,2010-11-24 23:15:00,0.18946666,0.43467766
2010-11-24 22:15:00,2010-11-24 23:30:00,0.20653333,0.4258816
2010-11-24 22:15:00,2010-11-24 23:45:00,0.1708,0.45283505
2010-11-24 22:15:00,2010-11-25 00:00:00,0.23986667,0.3585029
2010-11-24 22:15:00,2010-11-25 00:15:00,0.16853333,0.34250012
2010-11-24 22:15:00,2010-11-25 00:30:00,0.16266666,0.33085194
2010-11-24 22:15:00,2010-11-25 00:45:00,0.27199998,0.3281141
2010-11-24 22:15:00,2010-11-25 01:00:00,0.13106667,0.32814223
2010-11-24 22:15:00,2010-11-25 01:15:00,0.1796,0.31679288
2010-11-24 22:15:00,2010-11-25 01:30:00,0.25893334,0.29683596
2010-11-24 22:15:00,2010-11-25 01:45:00,0.123066664,0.30138102
2010-11-24 22:15:00,2010-11-25 02:00:00,0.21666667,0.29742587
2010-11-24 22:15:00,2010-11-25 02:15:00,0.2052,0.2979719
2010-11-24 22:15:00,2010-11-25 02:30:00,0.17493334,0.28400278
2010-11-24 22:15:00,2010-11-25 02:45:00,0.2104,0.29270065
2010-11-24 22:15:00,2010-11-25 03:00:00,0.16226667,0.29210636
2010-11-24 22:15:00,2010-11-25 03:15:00,0.23239999,0.27458933
2010-11-24 22:15:00,2010-11-25 03:30:00,0.17533332,0.28479412
2010-11-24 22:15:00,2010-11-25 03:45:00,0.16866666,0.3005351
2010-11-24 22:15:00,2010-11-25 04:00:00,0.27186665,0.2895705
2010-11-24 22:15:00,2010-11-25 04:15:00,0.12733333,0.2875618
2010-11-24 22:15:00,2010-11-25 04:30:00,0.18413332,0.30285504
2010-11-24 22:15:00,2010-11-25 04:45:00,0.25746667,0.30665788
2010-11-24 22:15:00,2010-11-25 05:00:00,0.12253332,0.2819731
2010-11-24 22:15:00,2010-11-25 05:15:00,0.2212,0.31396112
2010-11-24 22:15:00,2010-11-25 05:30:00,0.19066666,0.31956023
2010-11-24 22:15:00,2010-11-25 05:45:00,0.18533333,0.3143704
2010-11-24 22:15:00,2010-11-25 06:00:00,0.20133333,0.33909833
2010-11-24 22:15:00,2010-11-25 06:15:00,0.15693334,0.35890526
2010-11-24 22:15:00,2010-11-25 06:30:00,0.2681333,0.47474432
2010-11-24 22:15:00,2010-11-25 06:45:00,0.8534667,0.4394173
2010-11-24 22:15:00,2010-11-25 07:00:00,0.40053332,0.4705906
2010-11-24 22:15:00,2010-11-25 07:15:00,0.6062667,0.45660734
2010-11-24 22:15:00,2010-11-25 07:30:00,0.35653332,0.5143591
2010-11-24 22:15:00,2010-11-25 07:45:00,0.43866664,0.56576043
2010-11-24 22:15:00,2010-11-25 08:00:00,0.41986668,0.5418921
2010-11-24 22:15:00,2010-11-25 08:15:00,0.45013332,0.51333475
2010-11-24 22:15:00,2010-11-25 08:30:00,0.5382666,0.4648596
2010-11-24 22:15:00,2010-11-25 08:45:00,0.52199996,0.45092234
2010-11-24 22:15:00,2010-11-25 09:00:00,0.5829333,0.41681257
2010-11-24 22:15:00,2010-11-25 09:15:00,0.50146663,0.40889245
2010-11-24 22:15:00,2010-11-25 09:30:00,0.48426667,0.42948228
2010-11-24 22:15:00,2010-11-25 09:45:00,0.49666664,0.40377328
2010-11-24 22:15:00,2010-11-25 10:00:00,0.2016,0.40911597
2010-11-24 22:15:00,2010-11-25 10:15:00,0.17546663,0.41403064
2010-11-24 22:15:00,2010-11-25 10:30:00,0.21919997,0.43151695
2010-11-24 22:15:00,2010-11-25 10:45:00,0.18359996,0.41033527
2010-11-24 22:15:00,2010-11-25 11:00:00,0.1486666,0.403045
2010-11-24 22:15:00,2010-11-25 11:15:00,0.27133337,0.40120637
2010-11-24 22:15:00,2010-11-25 11:30:00,0.14919999,0.42215288
2010-11-24 22:15:00,2010-11-25 11:45:00,0.15893327,0.40789515
2010-11-24 22:15:00,2010-11-25 12:00:00,0.28439996,0.4073574
2010-11-24 22:15:00,2010-11-25 12:15:00,0.12546663,0.38221928
2010-11-24 22:15:00,2010-11-25 12:30:00,0.21013331,0.39210758
2010-11-24 22:15:00,2010-11-25 12:45:00,0.9637333,0.3856008
2010-11-24 22:15:00,2010-11-25 13:00:00,0.4665333,0.37282398
2010-11-24 22:15:00,2010-11-25 13:15:00,0.68146664,0.3589323
2010-11-24 22:15:00,2010-11-25 13:30:00,0.59239995,0.3594841
2010-11-24 22:15:00,2010-11-25 13:45:00,0.47093332,0.34815326
2010-11-24 22:15:00,2010-11-25 14:00:00,0.48746666,0.36665618
2010-11-24 22:15:00,2010-11-25 14:15:00,0.3624,0.4235049
2010-11-24 22:15:00,2010-11-25 14:30:00,0.22466666,0.3725537
2010-11-24 22:15:00,2010-11-25 14:45:00,0.20759998,0.35334927
2010-11-24 22:15:00,2010-11-25 15:00:00,0.13346663,0.34422517
2010-11-24 22:15:00,2010-11-25 15:15:00,0.24533334,0.35687867
2010-11-24 22:15:00,2010-11-25 15:30:00,0.18573333,0.36548078
2010-11-24 22:15:00,2010-11-25 15:45:00,0.17186667,0.4076336
2010-11-24 22:15:00,2010-11-25 16:00:00,0.2068,0.395594
2010-11-24 22:15:00,2010-11-25 16:15:00,0.19160001,0.38094965
2010-11-24 22:15:00,2010-11-25 16:30:00,0.21613333,0.39647758
2010-11-24 22:15:00,2010-11-25 16:45:00,0.13426666,0.41680592
2010-11-24 22:15:00,2010-11-25 17:00:00,0.26146665,0.43603548
2010-11-24 22:15:00,2010-11-25 17:15:00,0.29333332,0.40945286
2010-11-24 22:15:00,2010-11-25 17:30:00,0.41079998,0.43422928
2010-11-24 22:15:00,2010-11-25 17:45:00,0.54693335,0.433481
2010-11-24 22:15:00,2010-11-25 18:00:00,0.45559996,0.46051857
2010-11-24 22:15:00,2010-11-25 18:15:00,0.5201333,0.523203
2010-11-24 22:15:00,2010-11-25 18:30:00,0.5048,0.5179961
2010-11-24 22:15:00,2010-11-25 18:45:00,0.5197333,0.5041513
2010-11-24 22:15:00,2010-11-25 19:00:00,0.49173334,0.5815378
2010-11-24 22:15:00,2010-11-25 19:15:00,0.45293334,0.54503655
2010-11-24 22:15:00,2010-11-25 19:30:00,0.9118666,0.63493997
2010-11-24 22:15:00,2010-11-25 19:45:00,0.8441333,0.5590871
2010-11-24 22:15:00,2010-11-25 20:00:00,0.998,0.6547044
2010-11-24 22:15:00,2010-11-25 20:15:00,0.68106663,0.62093616
2010-11-24 22:15:00,2010-11-25 20:30:00,1.4341334,0.5398795
2010-11-24 22:15:00,2010-11-25 20:45:00,1.578,0.56020933
2010-11-24 22:15:00,2010-11-25 21:00:00,1.2,0.5432762
2010-11-24 22:15:00,2010-11-25 21:15:00,1.3104,0.5595778
2010-11-24 22:15:00,2010-11-25 21:30:00,1.3174667,0.5842394
2010-11-24 22:15:00,2010-11-25 21:45:00,1.2810667,0.5820861
2010-11-24 22:15:00,2010-11-25 22:00:00,1.2472,0.53531814
2010-11-24 22:30:00,2010-11-24 22:30:00,0.34373334,0.48701787
2010-11-24 22:30:00,2010-11-24 22:45:00,0.26226667,0.4671174
2010-11-24 22:30:00,2010-11-24 23:00:00,0.21373333,0.41932032
2010-11-24 22:30:00,2010-11-24 23:15:00,0.18946666,0.44219366
2010-11-24 22:30:00,2010-11-24 23:30:00,0.20653333,0.42581272
2010-11-24 22:30:00,2010-11-24 23:45:00,0.1708,0.42730197
2010-11-24 22:30:00,2010-11-25 00:00:00,0.23986667,0.3652213
2010-11-24 22:30:00,2010-11-25 00:15:00,0.16853333,0.35237312
2010-11-24 22:30:00,2010-11-25 00:30:00,0.16266666,0.33590102
2010-11-24 22:30:00,2010-11-25 00:45:00,0.27199998,0.34543335
2010-11-24 22:30:00,2010-11-25 01:00:00,0.13106667,0.33529106
2010-11-24 22:30:00,2010-11-25 01:15:00,0.1796,0.31967133
2010-11-24 22:30:00,2010-11-25 01:30:00,0.25893334,0.2991924
2010-11-24 22:30:00,2010-11-25 01:45:00,0.123066664,0.30016696
2010-11-24 22:30:00,2010-11-25 02:00:00,0.21666667,0.30213436
2010-11-24 22:30:00,2010-11-25 02:15:00,0.2052,0.31563827
2010-11-24 22:30:00,2010-11-25 02:30:00,0.17493334,0.2802787
2010-11-24 22:30:00,2010-11-25 02:45:00,0.2104,0.31431046
2010-11-24 22:30:00,2010-11-25 03:00:00,0.16226667,0.2932588
2010-11-24 22:30:00,2010-11-25 03:15:00,0.23239999,0.28854638
2010-11-24 22:30:00,2010-11-25 03:30:00,0.17533332,0.27110487
2010-11-24 22:30:00,2010-11-25 03:45:00,0.16866666,0.29804042
2010-11-24 22:30:00,2010-11-25 04:00:00,0.27186665,0.29379869
2010-11-24 22:30:00,2010-11-25 04:15:00,0.12733333,0.29635274
2010-11-24 22:30:00,2010-11-25 04:30:00,0.18413332,0.30708182
2010-11-24 22:30:00,2010-11-25 04:45:00,0.25746667,0.3031649
2010-11-24 22:30:00,2010-11-25 05:00:00,0.12253332,0.30602133
2010-11-24 22:30:00,2010-11-25 05:15:00,0.2212,0.31891277
2010-11-24 22:30:00,2010-11-25 05:30:00,0.19066666,0.30613625
2010-11-24 22:30:00,2010-11-25 05:45:00,0.18533333,0.30556056
2010-11-24 22:30:00,2010-11-25 06:00:00,0.20133333,0.3648224
2010-11-24 22:30:00,2010-11-25 06:15:00,0.15693334,0.36610323
2010-11-24 22:30:00,2010-11-25 06:30:00,0.2681333,0.4877462
2010-11-24 22:30:00,2010-11-25 06:45:00,0.8534667,0.43846318
2010-11-24 22:30:00,2010-11-25 07:00:00,0.40053332,0.45336616
2010-11-24 22:30:00,2010-11-25 07:15:00,0.6062667,0.45383555
2010-11-24 22:30:00,2010-11-25 07:30:00,0.35653332,0.51193637
2010-11-24 22:30:00,2010-11-25 07:45:00,0.43866664,0.56797576
2010-11-24 22:30:00,2010-11-25 08:00:00,0.41986668,0.54309386
2010-11-24 22:30:00,2010-11-25 08:15:00,0.45013332,0.48767492
2010-11-24 22:30:00,2010-11-25 08:30:00,0.5382666,0.48735413
2010-11-24 22:30:00,2010-11-25 08:45:00,0.52199996,0.45320657
2010-11-24 22:30:00,2010-11-25 09:00:00,0.5829333,0.41390386
2010-11-24 22:30:00,2010-11-25 09:15:00,0.50146663,0.41614848
2010-11-24 22:30:00,2010-11-25 09:30:00,0.48426667,0.4288462
2010-11-24 22:30:00,2010-11-25 09:45:00,0.49666664,0.41517672
2010-11-24 22:30:00,2010-11-25 10:00:00,0.2016,0.40294844
2010-11-24 22:30:00,2010-11-25 10:15:00,0.17546663,0.41157553
2010-11-24 22:30:00,2010-11-25 10:30:00,0.21919997,0.4256838
2010-11-24 22:30:00,2010-11-25 10:45:00,0.18359996,0.40971646
2010-11-24 22:30:00,2010-11-25 11:00:00,0.1486666,0.4046853
2010-11-24 22:30:00,2010-11-25 11:15:00,0.27133337,0.41407925
2010-11-24 22:30:00,2010-11-25 11:30:00,0.14919999,0.3951654
2010-11-24 22:30:00,2010-11-25 11:45:00,0.15893327,0.40268782
2010-11-24 22:30:00,2010-11-25 12:00:00,0.28439996,0.4166211
2010-11-24 22:30:00,2010-11-25 12:15:00,0.12546663,0.3929455
2010-11-24 22:30:00,2010-11-25 12:30:00,0.21013331,0.38086057
2010-11-24 22:30:00,2010-11-25 12:45:00,0.9637333,0.37479964
2010-11-24 22:30:00,2010-11-25 13:00:00,0.4665333,0.38363102
2010-11-24 22:30:00,2010-11-25 13:15:00,0.68146664,0.35898465
2010-11-24 22:30:00,2010-11-25 13:30:00,0.59239995,0.34959367
2010-11-24 22:30:00,2010-11-25 13:45:00,0.47093332,0.35880163
2010-11-24 22:30:00,2010-11-25 14:00:00,0.48746666,0.34994054
2010-11-24 22:30:00,2010-11-25 14:15:00,0.3624,0.42452115
2010-11-24 22:30:00,2010-11-25 14:30:00,0.22466666,0.38353822
2010-11-24 22:30:00,2010-11-25 14:45:00,0.20759998,0.34088656
2010-11-24 22:30:00,2010-11-25 15:00:00,0.13346663,0.34981465
2010-11-24 22:30:00,2010-11-25 15:15:00,0.24533334,0.35342917
2010-11-24 22:30:00,2010-11-25 15:30:00,0.18573333,0.34251198
2010-11-24 22:30:00,2010-11-25 15:45:00,0.17186667,0.3919656
2010-11-24 22:30:00,2010-11-25 16:00:00,0.2068,0.38852245
2010-11-24 22:30:00,2010-11-25 16:15:00,0.19160001,0.3881804
2010-11-24 22:30:00,2010-11-25 16:30:00,0.21613333,0.38261047
2010-11-24 22:30:00,2010-11-25 16:45:00,0.13426666,0.40397015
2010-11-24 22:30:00,2010-11-25 17:00:00,0.26146665,0.418128
2010-11-24 22:30:00,2010-11-25 17:15:00,0.29333332,0.42894924
2010-11-24 22:30:00,2010-11-25 17:30:00,0.41079998,0.42416787
2010-11-24 22:30:00,2010-11-25 17:45:00,0.54693335,0.43939766
2010-11-24 22:30:00,2010-11-25 18:00:00,0.45559996,0.46244386
2010-11-24 22:30:00,2010-11-25 18:15:00,0.5201333,0.50961506
2010-11-24 22:30:00,2010-11-25 18:30:00,0.5048,0.4866527
2010-11-24 22:30:00,2010-11-25 18:45:00,0.5197333,0.4764779
2010-11-24 22:30:00,2010-11-25 19:00:00,0.49173334,0.54083776
2010-11-24 22:30:00,2010-11-25 19:15:00,0.45293334,0.54252464
2010-11-24 22:30:00,2010-11-25 19:30:00,0.9118666,0.62923783
2010-11-24 22:30:00,2010-11-25 19:45:00,0.8441333,0.5532941
2010-11-24 22:30:00,2010-11-25 20:00:00,0.998,0.6694467
2010-11-24 22:30:00,2010-11-25 20:15:00,0.68106663,0.6036156
2010-11-24 22:30:00,2010-11-25 20:30:00,1.4341334,0.54183096
2010-11-24 22:30:00,2010-11-25 20:45:00,1.578,0.5724133
2010-11-24 22:30:00,2010-11-25 21:00:00,1.2,0.55008864
2010-11-24 22:30:00,2010-11-25 21:15:00,1.3104,0.5556751
2010-11-24 22:30:00,2010-11-25 21:30:00,1.3174667,0.59727204
2010-11-24 22:30:00,2010-11-25 21:45:00,1.2810667,0.6062469
2010-11-24 22:30:00,2010-11-25 22:00:00,1.2472,0.5678883
2010-11-24 22:30:00,2010-11-25 22:15:00,1.1254667,0.5418778
2010-11-24 22:45:00,2010-11-24 22:45:00,0.26226667,0.41340268
2010-11-24 22:45:00,2010-11-24 23:00:00,0.21373333,0.3865714
2010-11-24 22:45:00,2010-11-24 23:15:00,0.18946666,0.3910105
2010-11-24 22:45:00,2010-11-24 23:30:00,0.20653333,0.3980532
2010-11-24 22:45:00,2010-11-24 23:45:00,0.1708,0.4067574
2010-11-24 22:45:00,2010-11-25 00:00:00,0.23986667,0.3453182
2010-11-24 22:45:00,2010-11-25 00:15:00,0.16853333,0.35332775
2010-11-24 22:45:00,2010-11-25 00:30:00,0.16266666,0.32175526
2010-11-24 22:45:00,2010-11-25 00:45:00,0.27199998,0.3312205
2010-11-24 22:45:00,2010-11-25 01:00:00,0.13106667,0.33268315
2010-11-24 22:45:00,2010-11-25 01:15:00,0.1796,0.31179705
2010-11-24 22:45:00,2010-11-25 01:30:00,0.25893334,0.3005816
2010-11-24 22:45:00,2010-11-25 01:45:00,0.123066664,0.30990803
2010-11-24 22:45:00,2010-11-25 02:00:00,0.21666667,0.2881844
2010-11-24 22:45:00,2010-11-25 02:15:00,0.2052,0.29803392
2010-11-24 22:45:00,2010-11-25 02:30:00,0.17493334,0.28882352
2010-11-24 22:45:00,2010-11-25 02:45:00,0.2104,0.29577854
2010-11-24 22:45:00,2010-11-25 03:00:00,0.16226667,0.28861034
2010-11-24 22:45:00,2010-11-25 03:15:00,0.23239999,0.2828854
2010-11-24 22:45:00,2010-11-25 03:30:00,0.17533332,0.27888575
2010-11-24 22:45:00,2010-11-25 03:45:00,0.16866666,0.29250398
2010-11-24 22:45:00,2010-11-25 04:00:00,0.27186665,0.29773423
2010-11-24 22:45:00,2010-11-25 04:15:00,0.12733333,0.29539725
2010-11-24 22:45:00,2010-11-25 04:30:00,0.18413332,0.3007381
2010-11-24 22:45:00,2010-11-25 04:45:00,0.25746667,0.29486233
2010-11-24 22:45:00,2010-11-25 05:00:00,0.12253332,0.28825736
2010-11-24 22:45:00,2010-11-25 05:15:00,0.2212,0.31390175
2010-11-24 22:45:00,2010-11-25 05:30:00,0.19066666,0.31916174
2010-11-24 22:45:00,2010-11-25 05:45:00,0.18533333,0.3134371
2010-11-24 22:45:00,2010-11-25 06:00:00,0.20133333,0.35442573
2010-11-24 22:45:00,2010-11-25 06:15:00,0.15693334,0.3623049
2010-11-24 22:45:00,2010-11-25 06:30:00,0.2681333,0.5149184
2010-11-24 22:45:00,2010-11-25 06:45:00,0.8534667,0.48159924
2010-11-24 22:45:00,2010-11-25 07:00:00,0.40053332,0.46164078
2010-11-24 22:45:00,2010-11-25 07:15:00,0.6062667,0.45905328
2010-11-24 22:45:00,2010-11-25 07:30:00,0.35653332,0.5170123
2010-11-24 22:45:00,2010-11-25 07:45:00,0.43866664,0.5389772
2010-11-24 22:45:00,2010-11-25 08:00:00,0.41986668,0.54661715
2010-11-24 22:45:00,2010-11-25 08:15:00,0.45013332,0.49246514
2010-11-24 22:45:00,2010-11-25 08:30:00,0.5382666,0.47425693
2010-11-24 22:45:00,2010-11-25 08:45:00,0.52199996,0.4534111
2010-11-24 22:45:00,2010-11-25 09:00:00,0.5829333,0.41361806
2010-11-24 22:45:00,2010-11-25 09:15:00,0.50146663,0.4093761
2010-11-24 22:45:00,2010-11-25 09:30:00,0.48426667,0.42039216
2010-11-24 22:45:00,2010-11-25 09:45:00,0.49666664,0.41417262
2010-11-24 22:45:00,2010-11-25 10:00:00,0.2016,0.41054195
2010-11-24 22:45:00,2010-11-25 10:15:00,0.17546663,0.4080695
2010-11-24 22:45:00,2010-11-25 10:30:00,0.21919997,0.41675907
2010-11-24 22:45:00,2010-11-25 10:45:00,0.18359996,0.40704843
2010-11-24 22:45:00,2010-11-25 11:00:00,0.1486666,0.41029742
2010-11-24 22:45:00,2010-11-25 11:15:00,0.27133337,0.41828
2010-11-24 22:45:00,2010-11-25 11:30:00,0.14919999,0.4177829
2010-11-24 22:45:00,2010-11-25 11:45:00,0.15893327,0.39619404
2010-11-24 22:45:00,2010-11-25 12:00:00,0.28439996,0.40520316
2010-11-24 22:45:00,2010-11-25 12:15:00,0.12546663,0.39947894
2010-11-24 22:45:00,2010-11-25 12:30:00,0.21013331,0.3843831
2010-11-24 22:45:00,2010-11-25 12:45:00,0.9637333,0.36563146
2010-11-24 22:45:00,2010-11-25 13:00:00,0.4665333,0.3780863
2010-11-24 22:45:00,2010-11-25 13:15:00,0.68146664,0.37305605
2010-11-24 22:45:00,2010-11-25 13:30:00,0.59239995,0.35263565
2010-11-24 22:45:00,2010-11-25 13:45:00,0.47093332,0.34490266
2010-11-24 22:45:00,2010-11-25 14:00:00,0.48746666,0.36493093
2010-11-24 22:45:00,2010-11-25 14:15:00,0.3624,0.4309125
2010-11-24 22:45:00,2010-11-25 14:30:00,0.22466666,0.3763045
2010-11-24 22:45:00,2010-11-25 14:45:00,0.20759998,0.34055883
2010-11-24 22:45:00,2010-11-25 15:00:00,0.13346663,0.34169585
2010-11-24 22:45:00,2010-11-25 15:15:00,0.24533334,0.3462257
2010-11-24 22:45:00,2010-11-25 15:30:00,0.18573333,0.3563049
2010-11-24 22:45:00,2010-11-25 15:45:00,0.17186667,0.39035523
2010-11-24 22:45:00,2010-11-25 16:00:00,0.2068,0.39009374
2010-11-24 22:45:00,2010-11-25 16:15:00,0.19160001,0.37921378
2010-11-24 22:45:00,2010-11-25 16:30:00,0.21613333,0.40211686
2010-11-24 22:45:00,2010-11-25 16:45:00,0.13426666,0.4084628
2010-11-24 22:45:00,2010-11-25 17:00:00,0.26146665,0.4016917
2010-11-24 22:45:00,2010-11-25 17:15:00,0.29333332,0.42337498
2010-11-24 22:45:00,2010-11-25 17:30:00,0.41079998,0.44184807
2010-11-24 22:45:00,2010-11-25 17:45:00,0.54693335,0.42767155
2010-11-24 22:45:00,2010-11-25 18:00:00,0.45559996,0.46538046
2010-11-24 22:45:00,2010-11-25 18:15:00,0.5201333,0.49995437
2010-11-24 22:45:00,2010-11-25 18:30:00,0.5048,0.48980695
2010-11-24 22:45:00,2010-11-25 18:45:00,0.5197333,0.47850975
2010-11-24 22:45:00,2010-11-25 19:00:00,0.49173334,0.54891473
2010-11-24 22:45:00,2010-11-25 19:15:00,0.45293334,0.5790675
2010-11-24 22:45:00,2010-11-25 19:30:00,0.9118666,0.648848
2010-11-24 22:45:00,2010-11-25 19:45:00,0.8441333,0.54437613
2010-11-24 22:45:00,2010-11-25 20:00:00,0.998,0.64084506
2010-11-24 22:45:00,2010-11-25 20:15:00,0.68106663,0.62320554
2010-11-24 22:45:00,2010-11-25 20:30:00,1.4341334,0.53527606
2010-11-24 22:45:00,2010-11-25 20:45:00,1.578,0.58822286
2010-11-24 22:45:00,2010-11-25 21:00:00,1.2,0.53751206
2010-11-24 22:45:00,2010-11-25 21:15:00,1.3104,0.5674825
2010-11-24 22:45:00,2010-11-25 21:30:00,1.3174667,0.59758884
2010-11-24 22:45:00,2010-11-25 21:45:00,1.2810667,0.58485574
2010-11-24 22:45:00,2010-11-25 22:00:00,1.2472,0.57107764
2010-11-24 22:45:00,2010-11-25 22:15:00,1.1254667,0.5675685
2010-11-24 22:45:00,2010-11-25 22:30:00,0.576,0.5166455
2010-11-24 23:00:00,2010-11-24 23:00:00,0.21373333,0.38389102
2010-11-24 23:00:00,2010-11-24 23:15:00,0.18946666,0.3708723
2010-11-24 23:00:00,2010-11-24 23:30:00,0.20653333,0.36959103
2010-11-24 23:00:00,2010-11-24 23:45:00,0.1708,0.37183428
2010-11-24 23:00:00,2010-11-25 00:00:00,0.23986667,0.3415134
2010-11-24 23:00:00,2010-11-25 00:15:00,0.16853333,0.3198667
2010-11-24 23:00:00,2010-11-25 00:30:00,0.16266666,0.31105655
2010-11-24 23:00:00,2010-11-25 00:45:00,0.27199998,0.31400013
2010-11-24 23:00:00,2010-11-25 01:00:00,0.13106667,0.3143077
2010-11-24 23:00:00,2010-11-25 01:15:00,0.1796,0.30667368
2010-11-24 23:00:00,2010-11-25 01:30:00,0.25893334,0.29709727
2010-11-24 23:00:00,2010-11-25 01:45:00,0.123066664,0.28938884
2010-11-24 23:00:00,2010-11-25 02:00:00,0.21666667,0.29893675
2010-11-24 23:00:00,2010-11-25 02:15:00,0.2052,0.28885108
2010-11-24 23:00:00,2010-11-25 02:30:00,0.17493334,0.28898665
2010-11-24 23:00:00,2010-11-25 02:45:00,0.2104,0.29881743
2010-11-24 23:00:00,2010-11-25 03:00:00,0.16226667,0.2870526
2010-11-24 23:00:00,2010-11-25 03:15:00,0.23239999,0.28927118
2010-11-24 23:00:00,2010-11-25 03:30:00,0.17533332,0.28130132
2010-11-24 23:00:00,2010-11-25 03:45:00,0.16866666,0.29485777
2010-11-24 23:00:00,2010-11-25 04:00:00,0.27186665,0.2815064
2010-11-24 23:00:00,2010-11-25 04:15:00,0.12733333,0.28665066
2010-11-24 23:00:00,2010-11-25 04:30:00,0.18413332,0.29860497
2010-11-24 23:00:00,2010-11-25 04:45:00,0.25746667,0.2918984
2010-11-24 23:00:00,2010-11-25 05:00:00,0.12253332,0.2904087
2010-11-24 23:00:00,2010-11-25 05:15:00,0.2212,0.30548477
2010-11-24 23:00:00,2010-11-25 05:30:00,0.19066666,0.32099682
2010-11-24 23:00:00,2010-11-25 05:45:00,0.18533333,0.3029337
2010-11-24 23:00:00,2010-11-25 06:00:00,0.20133333,0.33554724
2010-11-24 23:00:00,2010-11-25 06:15:00,0.15693334,0.3553373
2010-11-24 23:00:00,2010-11-25 06:30:00,0.2681333,0.47611502
2010-11-24 23:00:00,2010-11-25 06:45:00,0.8534667,0.48798823
2010-11-24 23:00:00,2010-11-25 07:00:00,0.40053332,0.475068
2010-11-24 23:00:00,2010-11-25 07:15:00,0.6062667,0.4794061
2010-11-24 23:00:00,2010-11-25 07:30:00,0.35653332,0.5316613
2010-11-24 23:00:00,2010-11-25 07:45:00,0.43866664,0.5807465
2010-11-24 23:00:00,2010-11-25 08:00:00,0.41986668,0.51992035
2010-11-24 23:00:00,2010-11-25 08:15:00,0.45013332,0.4773522
2010-11-24 23:00:00,2010-11-25 08:30:00,0.5382666,0.48064458
2010-11-24 23:00:00,2010-11-25 08:45:00,0.52199996,0.468975
2010-11-24 23:00:00,2010-11-25 09:00:00,0.5829333,0.4237025
2010-11-24 23:00:00,2010-11-25 09:15:00,0.50146663,0.39842167
2010-11-24 23:00:00,2010-11-25 09:30:00,0.48426667,0.42712963
2010-11-24 23:00:00,2010-11-25 09:45:00,0.49666664,0.406958
2010-11-24 23:00:00,2010-11-25 10:00:00,0.2016,0.40732688
2010-11-24 23:00:00,2010-11-25 10:15:00,0.17546663,0.41772223
2010-11-24 23:00:00,2010-11-25 10:30:00,0.21919997,0.41820934
2010-11-24 23:00:00,2010-11-25 10:45:00,0.18359996,0.39125383
2010-11-24 23:00:00,2010-11-25 11:00:00,0.1486666,0.40798375
2010-11-24 23:00:00,2010-11-25 11:15:00,0.27133337,0.4157753
2010-11-24 23:00:00,2010-11-25 11:30:00,0.14919999,0.42087534
2010-11-24 23:00:00,2010-11-25 11:45:00,0.15893327,0.39898744
2010-11-24 23:00:00,2010-11-25 12:00:00,0.28439996,0.3959578
2010-11-24 23:00:00,2010-11-25 12:15:00,0.12546663,0.41385898
2010-11-24 23:00:00,2010-11-25 12:30:00,0.21013331,0.39365897
2010-11-24 23:00:00,2010-11-25 12:45:00,0.9637333,0.37470528
2010-11-24 23:00:00,2010-11-25 13:00:00,0.4665333,0.38562933
2010-11-24 23:00:00,2010-11-25 13:15:00,0.68146664,0.3602538
2010-11-24 23:00:00,2010-11-25 13:30:00,0.59239995,0.36322188
2010-11-24 23:00:00,2010-11-25 13:45:00,0.47093332,0.34880584
2010-11-24 23:00:00,2010-11-25 14:00:00,0.48746666,0.37158802
2010-11-24 23:00:00,2010-11-25 14:15:00,0.3624,0.43120655
2010-11-24 23:00:00,2010-11-25 14:30:00,0.22466666,0.3784398
2010-11-24 23:00:00,2010-11-25 14:45:00,0.20759998,0.3459709
2010-11-24 23:00:00,2010-11-25 15:00:00,0.13346663,0.33741397
2010-11-24 23:00:00,2010-11-25 15:15:00,0.24533334,0.34091082
2010-11-24 23:00:00,2010-11-25 15:30:00,0.18573333,0.36261836
2010-11-24 23:00:00,2010-11-25 15:45:00,0.17186667,0.38367337
2010-11-24 23:00:00,2010-11-25 16:00:00,0.2068,0.39421076
2010-11-24 23:00:00,2010-11-25 16:15:00,0.19160001,0.38671437
2010-11-24 23:00:00,2010-11-25 16:30:00,0.21613333,0.39722496
2010-11-24 23:00:00,2010-11-25 16:45:00,0.13426666,0.41784474
2010-11-24 23:00:00,2010-11-25 17:00:00,0.26146665,0.41666567
2010-11-24 23:00:00,2010-11-25 17:15:00,0.29333332,0.42239523
2010-11-24 23:00:00,2010-11-25 17:30:00,0.41079998,0.42277744
2010-11-24 23:00:00,2010-11-25 17:45:00,0.54693335,0.4536315
2010-11-24 23:00:00,2010-11-25 18:00:00,0.45559996,0.45417216
2010-11-24 23:00:00,2010-11-25 18:15:00,0.5201333,0.52816004
2010-11-24 23:00:00,2010-11-25 18:30:00,0.5048,0.4916974
2010-11-24 23:00:00,2010-11-25 18:45:00,0.5197333,0.47103405
2010-11-24 23:00:00,2010-11-25 19:00:00,0.49173334,0.5477121
2010-11-24 23:00:00,2010-11-25 19:15:00,0.45293334,0.5327656
2010-11-24 23:00:00,2010-11-25 19:30:00,0.9118666,0.6673258
2010-11-24 23:00:00,2010-11-25 19:45:00,0.8441333,0.5661002
2010-11-24 23:00:00,2010-11-25 20:00:00,0.998,0.6693235
2010-11-24 23:00:00,2010-11-25 20:15:00,0.68106663,0.6516517
2010-11-24 23:00:00,2010-11-25 20:30:00,1.4341334,0.5633481
2010-11-24 23:00:00,2010-11-25 20:45:00,1.578,0.5508904
2010-11-24 23:00:00,2010-11-25 21:00:00,1.2,0.5427021
2010-11-24 23:00:00,2010-11-25 21:15:00,1.3104,0.57020056
2010-11-24 23:00:00,2010-11-25 21:30:00,1.3174667,0.6241209
2010-11-24 23:00:00,2010-11-25 21:45:00,1.2810667,0.58034855
2010-11-24 23:00:00,2010-11-25 22:00:00,1.2472,0.5867584
2010-11-24 23:00:00,2010-11-25 22:15:00,1.1254667,0.56386906
2010-11-24 23:00:00,2010-11-25 22:30:00,0.576,0.5350945
2010-11-24 23:00:00,2010-11-25 22:45:00,0.23026666,0.49489322
2010-11-24 23:15:00,2010-11-24 23:15:00,0.18946666,0.34429988
2010-11-24 23:15:00,2010-11-24 23:30:00,0.20653333,0.34480816
2010-11-24 23:15:00,2010-11-24 23:45:00,0.1708,0.34378454
2010-11-24 23:15:00,2010-11-25 00:00:00,0.23986667,0.29751185
2010-11-24 23:15:00,2010-11-25 00:15:00,0.16853333,0.3154689
2010-11-24 23:15:00,2010-11-25 00:30:00,0.16266666,0.29227957
2010-11-24 23:15:00,2010-11-25 00:45:00,0.27199998,0.29942527
2010-11-24 23:15:00,2010-11-25 01:00:00,0.13106667,0.2916262
2010-11-24 23:15:00,2010-11-25 01:15:00,0.1796,0.29656404
2010-11-24 23:15:00,2010-11-25 01:30:00,0.25893334,0.28191298
2010-11-24 23:15:00,2010-11-25 01:45:00,0.123066664,0.2906009
2010-11-24 23:15:00,2010-11-25 02:00:00,0.21666667,0.27720857
2010-11-24 23:15:00,2010-11-25 02:15:00,0.2052,0.27999172
2010-11-24 23:15:00,2010-11-25 02:30:00,0.17493334,0.2708921
2010-11-24 23:15:00,2010-11-25 02:45:00,0.2104,0.27739927
2010-11-24 23:15:00,2010-11-25 03:00:00,0.16226667,0.28166285
2010-11-24 23:15:00,2010-11-25 03:15:00,0.23239999,0.28647092
2010-11-24 23:15:00,2010-11-25 03:30:00,0.17533332,0.2873432
2010-11-24 23:15:00,2010-11-25 03:45:00,0.16866666,0.28820097
2010-11-24 23:15:00,2010-11-25 04:00:00,0.27186665,0.28364265
2010-11-24 23:15:00,2010-11-25 04:15:00,0.12733333,0.26973802
2010-11-24 23:15:00,2010-11-25 04:30:00,0.18413332,0.2958053
2010-11-24 23:15:00,2010-11-25 04:45:00,0.25746667,0.29908416
2010-11-24 23:15:00,2010-11-25 05:00:00,0.12253332,0.2887093
2010-11-24 23:15:00,2010-11-25 05:15:00,0.2212,0.30379903
2010-11-24 23:15:00,2010-11-25 05:30:00,0.19066666,0.31164506
2010-11-24 23:15:00,2010-11-25 05:45:00,0.18533333,0.31014666
2010-11-24 23:15:00,2010-11-25 06:00:00,0.20133333,0.3445673
2010-11-24 23:15:00,2010-11-25 06:15:00,0.15693334,0.35643938
2010-11-24 23:15:00,2010-11-25 06:30:00,0.2681333,0.5093612
2010-11-24 23:15:00,2010-11-25 06:45:00,0.8534667,0.46474797
2010-11-24 23:15:00,2010-11-25 07:00:00,0.40053332,0.47888815
2010-11-24 23:15:00,2010-11-25 07:15:00,0.6062667,0.46672732
2010-11-24 23:15:00,2010-11-25 07:30:00,0.35653332,0.51932925
2010-11-24 23:15:00,2010-11-25 07:45:00,0.43866664,0.56970507
2010-11-24 23:15:00,2010-11-25 08:00:00,0.41986668,0.56746423
2010-11-24 23:15:00,2010-11-25 08:15:00,0.45013332,0.48968086
2010-11-24 23:15:00,2010-11-25 08:30:00,0.5382666,0.4614283
2010-11-24 23:15:00,2010-11-25 08:45:00,0.52199996,0.44610935
2010-11-24 23:15:00,2010-11-25 09:00:00,0.5829333,0.40285948
2010-11-24 23:15:00,2010-11-25 09:15:00,0.50146663,0.41372135
2010-11-24 23:15:00,2010-11-25 09:30:00,0.48426667,0.41509995
2010-11-24 23:15:00,2010-11-25 09:45:00,0.49666664,0.40577823
2010-11-24 23:15:00,2010-11-25 10:00:00,0.2016,0.41152522
2010-11-24 23:15:00,2010-11-25 10:15:00,0.17546663,0.4080004
2010-11-24 23:15:00,2010-11-25 10:30:00,0.21919997,0.421357
2010-11-24 23:15:00,2010-11-25 10:45:00,0.18359996,0.40351072
2010-11-24 23:15:00,2010-11-25 11:00:00,0.1486666,0.3924707
2010-11-24 23:15:00,2010-11-25 11:15:00,0.27133337,0.42742854
2010-11-24 23:15:00,2010-11-25 11:30:00,0.14919999,0.41432634
2010-11-24 23:15:00,2010-11-25 11:45:00,0.15893327,0.39192116
2010-11-24 23:15:00,2010-11-25 12:00:00,0.28439996,0.40448186
2010-11-24 23:15:00,2010-11-25 12:15:00,0.12546663,0.38128343
2010-11-24 23:15:00,2010-11-25 12:30:00,0.21013331,0.39295837
2010-11-24 23:15:00,2010-11-25 12:45:00,0.9637333,0.36783388
2010-11-24 23:15:00,2010-11-25 13:00:00,0.4665333,0.36855254
2010-11-24 23:15:00,2010-11-25 13:15:00,0.68146664,0.35388574
2010-11-24 23:15:00,2010-11-25 13:30:00,0.59239995,0.35130787
2010-11-24 23:15:00,2010-11-25 13:45:00,0.47093332,0.3524127
2010-11-24 23:15:00,2010-11-25 14:00:00,0.48746666,0.36984518
2010-11-24 23:15:00,2010-11-25 14:15:00,0.3624,0.42367047
2010-11-24 23:15:00,2010-11-25 14:30:00,0.22466666,0.38846728
2010-11-24 23:15:00,2010-11-25 14:45:00,0.20759998,0.3455685
2010-11-24 23:15:00,2010-11-25 15:00:00,0.13346663,0.34539846
2010-11-24 23:15:00,2010-11-25 15:15:00,0.24533334,0.34639505
2010-11-24 23:15:00,2010-11-25 15:30:00,0.18573333,0.3528077
2010-11-24 23:15:00,2010-11-25 15:45:00,0.17186667,0.3759144
2010-11-24 23:15:00,2010-11-25 16:00:00,0.2068,0.3809026
2010-11-24 23:15:00,2010-11-25 16:15:00,0.19160001,0.3828491
2010-11-24 23:15:00,2010-11-25 16:30:00,0.21613333,0.39937922
2010-11-24 23:15:00,2010-11-25 16:45:00,0.13426666,0.39790872
2010-11-24 23:15:00,2010-11-25 17:00:00,0.26146665,0.4132349
2010-11-24 23:15:00,2010-11-25 17:15:00,0.29333332,0.42234695
2010-11-24 23:15:00,2010-11-25 17:30:00,0.41079998,0.4189351
2010-11-24 23:15:00,2010-11-25 17:45:00,0.54693335,0.4337536
2010-11-24 23:15:00,2010-11-25 18:00:00,0.45559996,0.46597767
2010-11-24 23:15:00,2010-11-25 18:15:00,0.5201333,0.5061141
2010-11-24 23:15:00,2010-11-25 18:30:00,0.5048,0.5185364
2010-11-24 23:15:00,2010-11-25 18:45:00,0.5197333,0.49918088
2010-11-24 23:15:00,2010-11-25 19:00:00,0.49173334,0.55531436
2010-11-24 23:15:00,2010-11-25 19:15:00,0.45293334,0.54524696
2010-11-24 23:15:00,2010-11-25 19:30:00,0.9118666,0.6568739
2010-11-24 23:15:00,2010-11-25 19:45:00,0.8441333,0.5969293
2010-11-24 23:15:00,2010-11-25 20:00:00,0.998,0.67498976
2010-11-24 23:15:00,2010-11-25 20:15:00,0.68106663,0.6052412
2010-11-24 23:15:00,2010-11-25 20:30:00,1.4341334,0.57079476
2010-11-24 23:15:00,2010-11-25 20:45:00,1.578,0.57820225
2010-11-24 23:15:00,2010-11-25 21:00:00,1.2,0.54591995
2010-11-24 23:15:00,2010-11-25 21:15:00,1.3104,0.57863253
2010-11-24 23:15:00,2010-11-25 21:30:00,1.3174667,0.6434397
2010-11-24 23:15:00,2010-11-25 21:45:00,1.2810667,0.6038536
2010-11-24 23:15:00,2010-11-25 22:00:00,1.2472,0.5633023
2010-11-24 23:15:00,2010-11-25 22:15:00,1.1254667,0.5461621
2010-11-24 23:15:00,2010-11-25 22:30:00,0.576,0.51086086
2010-11-24 23:15:00,2010-11-25 22:45:00,0.23026666,0.50475967
2010-11-24 23:15:00,2010-11-25 23:00:00,0.26066667,0.43512285
2010-11-24 23:30:00,2010-11-24 23:30:00,0.20653333,0.31057307
2010-11-24 23:30:00,2010-11-24 23:45:00,0.1708,0.32635275
2010-11-24 23:30:00,2010-11-25 00:00:00,0.23986667,0.2818475
2010-11-24 23:30:00,2010-11-25 00:15:00,0.16853333,0.28967336
2010-11-24 23:30:00,2010-11-25 00:30:00,0.16266666,0.2788292
2010-11-24 23:30:00,2010-11-25 00:45:00,0.27199998,0.28374326
2010-11-24 23:30:00,2010-11-25 01:00:00,0.13106667,0.28175768
2010-11-24 23:30:00,2010-11-25 01:15:00,0.1796,0.2752437
2010-11-24 23:30:00,2010-11-25 01:30:00,0.25893334,0.25641674
2010-11-24 23:30:00,2010-11-25 01:45:00,0.123066664,0.26351357
2010-11-24 23:30:00,2010-11-25 02:00:00,0.21666667,0.27762932
2010-11-24 23:30:00,2010-11-25 02:15:00,0.2052,0.26189443
2010-11-24 23:30:00,2010-11-25 02:30:00,0.17493334,0.26887396
2010-11-24 23:30:00,2010-11-25 02:45:00,0.2104,0.27121836
2010-11-24 23:30:00,2010-11-25 03:00:00,0.16226667,0.26276723
2010-11-24 23:30:00,2010-11-25 03:15:00,0.23239999,0.26208442
2010-11-24 23:30:00,2010-11-25 03:30:00,0.17533332,0.27810138
2010-11-24 23:30:00,2010-11-25 03:45:00,0.16866666,0.29033208
2010-11-24 23:30:00,2010-11-25 04:00:00,0.27186665,0.27855965
2010-11-24 23:30:00,2010-11-25 04:15:00,0.12733333,0.27519578
2010-11-24 23:30:00,2010-11-25 04:30:00,0.18413332,0.27309966
2010-11-24 23:30:00,2010-11-25 04:45:00,0.25746667,0.29468226
2010-11-24 23:30:00,2010-11-25 05:00:00,0.12253332,0.29081818
2010-11-24 23:30:00,2010-11-25 05:15:00,0.2212,0.3054774
2010-11-24 23:30:00,2010-11-25 05:30:00,0.19066666,0.30107734
2010-11-24 23:30:00,2010-11-25 05:45:00,0.18533333,0.29643625
2010-11-24 23:30:00,2010-11-25 06:00:00,0.20133333,0.33932787
2010-11-24 23:30:00,2010-11-25 06:15:00,0.15693334,0.3498506
2010-11-24 23:30:00,2010-11-25 06:30:00,0.2681333,0.49562192
2010-11-24 23:30:00,2010-11-25 06:45:00,0.8534667,0.462354
2010-11-24 23:30:00,2010-11-25 07:00:00,0.40053332,0.49314165
2010-11-24 23:30:00,2010-11-25 07:15:00,0.6062667,0.46467268
2010-11-24 23:30:00,2010-11-25 07:30:00,0.35653332,0.5206728
2010-11-24 23:30:00,2010-11-25 07:45:00,0.43866664,0.5606382
2010-11-24 23:30:00,2010-11-25 08:00:00,0.41986668,0.5075991
2010-11-24 23:30:00,2010-11-25 08:15:00,0.45013332,0.55563855
2010-11-24 23:30:00,2010-11-25 08:30:00,0.5382666,0.46976852
2010-11-24 23:30:00,2010-11-25 08:45:00,0.52199996,0.47115
2010-11-24 23:30:00,2010-11-25 09:00:00,0.5829333,0.40103313
2010-11-24 23:30:00,2010-11-25 09:15:00,0.50146663,0.39754447
2010-11-24 23:30:00,2010-11-25 09:30:00,0.48426667,0.4242997
2010-11-24 23:30:00,2010-11-25 09:45:00,0.49666664,0.40299764
2010-11-24 23:30:00,2010-11-25 10:00:00,0.2016,0.40456823
2010-11-24 23:30:00,2010-11-25 10:15:00,0.17546663,0.40647882
2010-11-24 23:30:00,2010-11-25 10:30:00,0.21919997,0.42124695
2010-11-24 23:30:00,2010-11-25 10:45:00,0.18359996,0.39376917
2010-11-24 23:30:00,2010-11-25 11:00:00,0.1486666,0.39018294
2010-11-24 23:30:00,2010-11-25 11:15:00,0.27133337,0.39846888
2010-11-24 23:30:00,2010-11-25 11:30:00,0.14919999,0.42006817
2010-11-24 23:30:00,2010-11-25 11:45:00,0.15893327,0.39849064
2010-11-24 23:30:00,2010-11-25 12:00:00,0.28439996,0.40766975
2010-11-24 23:30:00,2010-11-25 12:15:00,0.12546663,0.38207367
2010-11-24 23:30:00,2010-11-25 12:30:00,0.21013331,0.3889743
2010-11-24 23:30:00,2010-11-25 12:45:00,0.9637333,0.38179988
2010-11-24 23:30:00,2010-11-25 13:00:00,0.4665333,0.36440486
2010-11-24 23:30:00,2010-11-25 13:15:00,0.68146664,0.3705992
2010-11-24 23:30:00,2010-11-25 13:30:00,0.59239995,0.33619606
2010-11-24 23:30:00,2010-11-25 13:45:00,0.47093332,0.3376862
2010-11-24 23:30:00,2010-11-25 14:00:00,0.48746666,0.36730564
2010-11-24 23:30:00,2010-11-25 14:15:00,0.3624,0.4298003
2010-11-24 23:30:00,2010-11-25 14:30:00,0.22466666,0.36819297
2010-11-24 23:30:00,2010-11-25 14:45:00,0.20759998,0.3213448
2010-11-24 23:30:00,2010-11-25 15:00:00,0.13346663,0.3326524
2010-11-24 23:30:00,2010-11-25 15:15:00,0.24533334,0.34007213
2010-11-24 23:30:00,2010-11-25 15:30:00,0.18573333,0.35240144
2010-11-24 23:30:00,2010-11-25 15:45:00,0.17186667,0.36437014
2010-11-24 23:30:00,2010-11-25 16:00:00,0.2068,0.391033
2010-11-24 23:30:00,2010-11-25 16:15:00,0.19160001,0.39262262
2010-11-24 23:30:00,2010-11-25 16:30:00,0.21613333,0.3953906
2010-11-24 23:30:00,2010-11-25 16:45:00,0.13426666,0.41109923
2010-11-24 23:30:00,2010-11-25 17:00:00,0.26146665,0.41723046
2010-11-24 23:30:00,2010-11-25 17:15:00,0.29333332,0.4145904
2010-11-24 23:30:00,2010-11-25 17:30:00,0.41079998,0.43077555
2010-11-24 23:30:00,2010-11-25 17:45:00,0.54693335,0.44378668
2010-11-24 23:30:00,2010-11-25 18:00:00,0.45559996,0.47538874
2010-11-24 23:30:00,2010-11-25 18:15:00,0.5201333,0.5139571
2010-11-24 23:30:00,2010-11-25 18:30:00,0.5048,0.49227256
2010-11-24 23:30:00,2010-11-25 18:45:00,0.5197333,0.50626206
2010-11-24 23:30:00,2010-11-25 19:00:00,0.49173334,0.5896919
2010-11-24 23:30:00,2010-11-25 19:15:00,0.45293334,0.5680523
2010-11-24 23:30:00,2010-11-25 19:30:00,0.9118666,0.6385166
2010-11-24 23:30:00,2010-11-25 19:45:00,0.8441333,0.55606914
2010-11-24 23:30:00,2010-11-25 20:00:00,0.998,0.67204887
2010-11-24 23:30:00,2010-11-25 20:15:00,0.68106663,0.6001714
2010-11-24 23:30:00,2010-11-25 20:30:00,1.4341334,0.5539754
2010-11-24 23:30:00,2010-11-25 20:45:00,1.578,0.5904527
2010-11-24 23:30:00,2010-11-25 21:00:00,1.2,0.54822826
2010-11-24 23:30:00,2010-11-25 21:15:00,1.3104,0.5776648
2010-11-24 23:30:00,2010-11-25 21:30:00,1.3174667,0.64006084
2010-11-24 23:30:00,2010-11-25 21:45:00,1.2810667,0.60175437
2010-11-24 23:30:00,2010-11-25 22:00:00,1.2472,0.56242484
2010-11-24 23:30:00,2010-11-25 22:15:00,1.1254667,0.52754766
2010-11-24 23:30:00,2010-11-25 22:30:00,0.576,0.5068778
2010-11-24 23:30:00,2010-11-25 22:45:00,0.23026666,0.4571151
2010-11-24 23:30:00,2010-11-25 23:00:00,0.26066667,0.43367472
2010-11-24 23:30:00,2010-11-25 23:15:00,0.23133333,0.40797207
2010-11-24 23:45:00,2010-11-24 23:45:00,0.1708,0.30057654
2010-11-24 23:45:00,2010-11-25 00:00:00,0.23986667,0.2706029
2010-11-24 23:45:00,2010-11-25 00:15:00,0.16853333,0.27790573
2010-11-24 23:45:00,2010-11-25 00:30:00,0.16266666,0.26759365
2010-11-24 23:45:00,2010-11-25 00:45:00,0.27199998,0.26818806
2010-11-24 23:45:00,2010-11-25 01:00:00,0.13106667,0.26490077
2010-11-24 23:45:00,2010-11-25 01:15:00,0.1796,0.26800555
2010-11-24 23:45:00,2010-11-25 01:30:00,0.25893334,0.26218018
2010-11-24 23:45:00,2010-11-25 01:45:00,0.123066664,0.25708696
2010-11-24 23:45:00,2010-11-25 02:00:00,0.21666667,0.25555202
2010-11-24 23:45:00,2010-11-25 02:15:00,0.2052,0.26735446
2010-11-24 23:45:00,2010-11-25 02:30:00,0.17493334,0.2582857
2010-11-24 23:45:00,2010-11-25 02:45:00,0.2104,0.26026905
2010-11-24 23:45:00,2010-11-25 03:00:00,0.16226667,0.2542276
2010-11-24 23:45:00,2010-11-25 03:15:00,0.23239999,0.25971806
2010-11-24 23:45:00,2010-11-25 03:30:00,0.17533332,0.2661985
2010-11-24 23:45:00,2010-11-25 03:45:00,0.16866666,0.27610952
2010-11-24 23:45:00,2010-11-25 04:00:00,0.27186665,0.27096814
2010-11-24 23:45:00,2010-11-25 04:15:00,0.12733333,0.2752321
2010-11-24 23:45:00,2010-11-25 04:30:00,0.18413332,0.27155355
2010-11-24 23:45:00,2010-11-25 04:45:00,0.25746667,0.27661815
2010-11-24 23:45:00,2010-11-25 05:00:00,0.12253332,0.28488985
2010-11-24 23:45:00,2010-11-25 05:15:00,0.2212,0.30866572
2010-11-24 23:45:00,2010-11-25 05:30:00,0.19066666,0.30408755
2010-11-24 23:45:00,2010-11-25 05:45:00,0.18533333,0.30442747
2010-11-24 23:45:00,2010-11-25 06:00:00,0.20133333,0.3350625
2010-11-24 23:45:00,2010-11-25 06:15:00,0.15693334,0.35722035
2010-11-24 23:45:00,2010-11-25 06:30:00,0.2681333,0.4692708
2010-11-24 23:45:00,2010-11-25 06:45:00,0.8534667,0.4854107
2010-11-24 23:45:00,2010-11-25 07:00:00,0.40053332,0.4724188
2010-11-24 23:45:00,2010-11-25 07:15:00,0.6062667,0.44984877
2010-11-24 23:45:00,2010-11-25 07:30:00,0.35653332,0.535622
2010-11-24 23:45:00,2010-11-25 07:45:00,0.43866664,0.56868714
2010-11-24 23:45:00,2010-11-25 08:00:00,0.41986668,0.5399052
2010-11-24 23:45:00,2010-11-25 08:15:00,0.45013332,0.507844
2010-11-24 23:45:00,2010-11-25 08:30:00,0.5382666,0.4670786
2010-11-24 23:45:00,2010-11-25 08:45:00,0.52199996,0.45215112
2010-11-24 23:45:00,2010-11-25 09:00:00,0.5829333,0.4088239
2010-11-24 23:45:00,2010-11-25 09:15:00,0.50146663,0.39371493
2010-11-24 23:45:00,2010-11-25 09:30:00,0.48426667,0.41929168
2010-11-24 23:45:00,2010-11-25 09:45:00,0.49666664,0.40051052
2010-11-24 23:45:00,2010-11-25 10:00:00,0.2016,0.38289016
2010-11-24 23:45:00,2010-11-25 10:15:00,0.17546663,0.40311015
2010-11-24 23:45:00,2010-11-25 10:30:00,0.21919997,0.4108297
2010-11-24 23:45:00,2010-11-25 10:45:00,0.18359996,0.38802773
2010-11-24 23:45:00,2010-11-25 11:00:00,0.1486666,0.38223013
2010-11-24 23:45:00,2010-11-25 11:15:00,0.27133337,0.3973921
2010-11-24 23:45:00,2010-11-25 11:30:00,0.14919999,0.39765188
2010-11-24 23:45:00,2010-11-25 11:45:00,0.15893327,0.39373666
2010-11-24 23:45:00,2010-11-25 12:00:00,0.28439996,0.38946632
2010-11-24 23:45:00,2010-11-25 12:15:00,0.12546663,0.3694251
2010-11-24 23:45:00,2010-11-25 12:30:00,0.21013331,0.37685442
2010-11-24 23:45:00,2010-11-25 12:45:00,0.9637333,0.36624342
2010-11-24 23:45:00,2010-11-25 13:00:00,0.4665333,0.36684787
2010-11-24 23:45:00,2010-11-25 13:15:00,0.68146664,0.346142
2010-11-24 23:45:00,2010-11-25 13:30:00,0.59239995,0.347894
2010-11-24 23:45:00,2010-11-25 13:45:00,0.47093332,0.3349597
2010-11-24 23:45:00,2010-11-25 14:00:00,0.48746666,0.36502567
2010-11-24 23:45:00,2010-11-25 14:15:00,0.3624,0.40295812
2010-11-24 23:45:00,2010-11-25 14:30:00,0.22466666,0.38328436
2010-11-24 23:45:00,2010-11-25 14:45:00,0.20759998,0.32776076
2010-11-24 23:45:00,2010-11-25 15:00:00,0.13346663,0.3381192
2010-11-24 23:45:00,2010-11-25 15:15:00,0.24533334,0.34143406
2010-11-24 23:45:00,2010-11-25 15:30:00,0.18573333,0.35239294
2010-11-24 23:45:00,2010-11-25 15:45:00,0.17186667,0.36839324
2010-11-24 23:45:00,2010-11-25 16:00:00,0.2068,0.3750687
2010-11-24 23:45:00,2010-11-25 16:15:00,0.19160001,0.37037778
2010-11-24 23:45:00,2010-11-25 16:30:00,0.21613333,0.40501368
2010-11-24 23:45:00,2010-11-25 16:45:00,0.13426666,0.40809095
2010-11-24 23:45:00,2010-11-25 17:00:00,0.26146665,0.42294136
2010-11-24 23:45:00,2010-11-25 17:15:00,0.29333332,0.40594968
2010-11-24 23:45:00,2010-11-25 17:30:00,0.41079998,0.43349013
2010-11-24 23:45:00,2010-11-25 17:45:00,0.54693335,0.41411433
2010-11-24 23:45:00,2010-11-25 18:00:00,0.45559996,0.4834657
2010-11-24 23:45:00,2010-11-25 18:15:00,0.5201333,0.50396216
2010-11-24 23:45:00,2010-11-25 18:30:00,0.5048,0.5051225
2010-11-24 23:45:00,2010-11-25 18:45:00,0.5197333,0.49857458
2010-11-24 23:45:00,2010-11-25 19:00:00,0.49173334,0.5648571
2010-11-24 23:45:00,2010-11-25 19:15:00,0.45293334,0.54333574
2010-11-24 23:45:00,2010-11-25 19:30:00,0.9118666,0.6684451
2010-11-24 23:45:00,2010-11-25 19:45:00,0.8441333,0.55569005
2010-11-24 23:45:00,2010-11-25 20:00:00,0.998,0.62740713
2010-11-24 23:45:00,2010-11-25 20:15:00,0.68106663,0.65897804
2010-11-24 23:45:00,2010-11-25 20:30:00,1.4341334,0.5629258
2010-11-24 23:45:00,2010-11-25 20:45:00,1.578,0.5562868
2010-11-24 23:45:00,2010-11-25 21:00:00,1.2,0.57754517
2010-11-24 23:45:00,2010-11-25 21:15:00,1.3104,0.5808724
2010-11-24 23:45:00,2010-11-25 21:30:00,1.3174667,0.5834838
2010-11-24 23:45:00,2010-11-25 21:45:00,1.2810667,0.61363393
2010-11-24 23:45:00,2010-11-25 22:00:00,1.2472,0.5798739
2010-11-24 23:45:00,2010-11-25 22:15:00,1.1254667,0.5403536
2010-11-24 23:45:00,2010-11-25 22:30:00,0.576,0.48397556
2010-11-24 23:45:00,2010-11-25 22:45:00,0.23026666,0.45503885
2010-11-24 23:45:00,2010-11-25 23:00:00,0.26066667,0.42843187
2010-11-24 23:45:00,2010-11-25 23:15:00,0.23133333,0.41567186
2010-11-24 23:45:00,2010-11-25 23:30:00,0.18306665,0.40954244
2010-11-25 00:00:00,2010-11-25 00:00:00,0.23986667,0.2677915
2010-11-25 00:00:00,2010-11-25 00:15:00,0.16853333,0.26343948
2010-11-25 00:00:00,2010-11-25 00:30:00,0.16266666,0.24719205
2010-11-25 00:00:00,2010-11-25 00:45:00,0.27199998,0.2615976
2010-11-25 00:00:00,2010-11-25 01:00:00,0.13106667,0.25997278
2010-11-25 00:00:00,2010-11-25 01:15:00,0.1796,0.25262198
2010-11-25 00:00:00,2010-11-25 01:30:00,0.25893334,0.24369413
2010-11-25 00:00:00,2010-11-25 01:45:00,0.123066664,0.2528344
2010-11-25 00:00:00,2010-11-25 02:00:00,0.21666667,0.2444312
2010-11-25 00:00:00,2010-11-25 02:15:00,0.2052,0.24899317
2010-11-25 00:00:00,2010-11-25 02:30:00,0.17493334,0.25231123
2010-11-25 00:00:00,2010-11-25 02:45:00,0.2104,0.25257295
2010-11-25 00:00:00,2010-11-25 03:00:00,0.16226667,0.24780999
2010-11-25 00:00:00,2010-11-25 03:15:00,0.23239999,0.25346535
2010-11-25 00:00:00,2010-11-25 03:30:00,0.17533332,0.25704026
2010-11-25 00:00:00,2010-11-25 03:45:00,0.16866666,0.25872442
2010-11-25 00:00:00,2010-11-25 04:00:00,0.27186665,0.2652018
2010-11-25 00:00:00,2010-11-25 04:15:00,0.12733333,0.26140264
2010-11-25 00:00:00,2010-11-25 04:30:00,0.18413332,0.2710239
2010-11-25 00:00:00,2010-11-25 04:45:00,0.25746667,0.2762612
2010-11-25 00:00:00,2010-11-25 05:00:00,0.12253332,0.2667032
2010-11-25 00:00:00,2010-11-25 05:15:00,0.2212,0.3062409
2010-11-25 00:00:00,2010-11-25 05:30:00,0.19066666,0.29805192
2010-11-25 00:00:00,2010-11-25 05:45:00,0.18533333,0.29727048
2010-11-25 00:00:00,2010-11-25 06:00:00,0.20133333,0.3334045
2010-11-25 00:00:00,2010-11-25 06:15:00,0.15693334,0.35028934
2010-11-25 00:00:00,2010-11-25 06:30:00,0.2681333,0.46742645
2010-11-25 00:00:00,2010-11-25 06:45:00,0.8534667,0.48146573
2010-11-25 00:00:00,2010-11-25 07:00:00,0.40053332,0.48407862
2010-11-25 00:00:00,2010-11-25 07:15:00,0.6062667,0.4651857
2010-11-25 00:00:00,2010-11-25 07:30:00,0.35653332,0.5297551
2010-11-25 00:00:00,2010-11-25 07:45:00,0.43866664,0.54829156
2010-11-25 00:00:00,2010-11-25 08:00:00,0.41986668,0.52108175
2010-11-25 00:00:00,2010-11-25 08:15:00,0.45013332,0.48585883
2010-11-25 00:00:00,2010-11-25 08:30:00,0.5382666,0.47964448
2010-11-25 00:00:00,2010-11-25 08:45:00,0.52199996,0.4339346
2010-11-25 00:00:00,2010-11-25 09:00:00,0.5829333,0.40427876
2010-11-25 00:00:00,2010-11-25 09:15:00,0.50146663,0.39152923
2010-11-25 00:00:00,2010-11-25 09:30:00,0.48426667,0.40646923
2010-11-25 00:00:00,2010-11-25 09:45:00,0.49666664,0.38674653
2010-11-25 00:00:00,2010-11-25 10:00:00,0.2016,0.39273474
2010-11-25 00:00:00,2010-11-25 10:15:00,0.17546663,0.3904764
2010-11-25 00:00:00,2010-11-25 10:30:00,0.21919997,0.41539553
2010-11-25 00:00:00,2010-11-25 10:45:00,0.18359996,0.38830605
2010-11-25 00:00:00,2010-11-25 11:00:00,0.1486666,0.37963143
2010-11-25 00:00:00,2010-11-25 11:15:00,0.27133337,0.39758372
2010-11-25 00:00:00,2010-11-25 11:30:00,0.14919999,0.39897004
2010-11-25 00:00:00,2010-11-25 11:45:00,0.15893327,0.39401656
2010-11-25 00:00:00,2010-11-25 12:00:00,0.28439996,0.4049556
2010-11-25 00:00:00,2010-11-25 12:15:00,0.12546663,0.37166426
2010-11-25 00:00:00,2010-11-25 12:30:00,0.21013331,0.37005344
2010-11-25 00:00:00,2010-11-25 12:45:00,0.9637333,0.35126972
2010-11-25 00:00:00,2010-11-25 13:00:00,0.4665333,0.37181136
2010-11-25 00:00:00,2010-11-25 13:15:00,0.68146664,0.35440472
2010-11-25 00:00:00,2010-11-25 13:30:00,0.59239995,0.342184
2010-11-25 00:00:00,2010-11-25 13:45:00,0.47093332,0.33126202
2010-11-25 00:00:00,2010-11-25 14:00:00,0.48746666,0.34981483
2010-11-25 00:00:00,2010-11-25 14:15:00,0.3624,0.4055091
2010-11-25 00:00:00,2010-11-25 14:30:00,0.22466666,0.38731518
2010-11-25 00:00:00,2010-11-25 14:45:00,0.20759998,0.31511185
2010-11-25 00:00:00,2010-11-25 15:00:00,0.13346663,0.3224225
2010-11-25 00:00:00,2010-11-25 15:15:00,0.24533334,0.32919258
2010-11-25 00:00:00,2010-11-25 15:30:00,0.18573333,0.34722775
2010-11-25 00:00:00,2010-11-25 15:45:00,0.17186667,0.37907064
2010-11-25 00:00:00,2010-11-25 16:00:00,0.2068,0.36513075
2010-11-25 00:00:00,2010-11-25 16:15:00,0.19160001,0.37724912
2010-11-25 00:00:00,2010-11-25 16:30:00,0.21613333,0.38999543
2010-11-25 00:00:00,2010-11-25 16:45:00,0.13426666,0.4170311
2010-11-25 00:00:00,2010-11-25 17:00:00,0.26146665,0.4362394
2010-11-25 00:00:00,2010-11-25 17:15:00,0.29333332,0.41414037
2010-11-25 00:00:00,2010-11-25 17:30:00,0.41079998,0.43055823
2010-11-25 00:00:00,2010-11-25 17:45:00,0.54693335,0.42924413
2010-11-25 00:00:00,2010-11-25 18:00:00,0.45559996,0.44982535
2010-11-25 00:00:00,2010-11-25 18:15:00,0.5201333,0.55327624
2010-11-25 00:00:00,2010-11-25 18:30:00,0.5048,0.5066803
2010-11-25 00:00:00,2010-11-25 18:45:00,0.5197333,0.47289827
2010-11-25 00:00:00,2010-11-25 19:00:00,0.49173334,0.5772289
2010-11-25 00:00:00,2010-11-25 19:15:00,0.45293334,0.5494558
2010-11-25 00:00:00,2010-11-25 19:30:00,0.9118666,0.6628877
2010-11-25 00:00:00,2010-11-25 19:45:00,0.8441333,0.6050383
2010-11-25 00:00:00,2010-11-25 20:00:00,0.998,0.65060866
2010-11-25 00:00:00,2010-11-25 20:15:00,0.68106663,0.614128
2010-11-25 00:00:00,2010-11-25 20:30:00,1.4341334,0.5619097
2010-11-25 00:00:00,2010-11-25 20:45:00,1.578,0.57070625
2010-11-25 00:00:00,2010-11-25 21:00:00,1.2,0.53514135
2010-11-25 00:00:00,2010-11-25 21:15:00,1.3104,0.5753821
2010-11-25 00:00:00,2010-11-25 21:30:00,1.3174667,0.61446357
2010-11-25 00:00:00,2010-11-25 21:45:00,1.2810667,0.5795194
2010-11-25 00:00:00,2010-11-25 22:00:00,1.2472,0.57198185
2010-11-25 00:00:00,2010-11-25 22:15:00,1.1254667,0.5290684
2010-11-25 00:00:00,2010-11-25 22:30:00,0.576,0.4851833
2010-11-25 00:00:00,2010-11-25 22:45:00,0.23026666,0.4497295
2010-11-25 00:00:00,2010-11-25 23:00:00,0.26066667,0.43177873
2010-11-25 00:00:00,2010-11-25 23:15:00,0.23133333,0.41048944
2010-11-25 00:00:00,2010-11-25 23:30:00,0.18306665,0.4360666
2010-11-25 00:00:00,2010-11-25 23:45:00,0.18919998,0.42659324
2010-11-25 00:15:00,2010-11-25 00:15:00,0.16853333,0.252684
2010-11-25 00:15:00,2010-11-25 00:30:00,0.16266666,0.24722564
2010-11-25 00:15:00,2010-11-25 00:45:00,0.27199998,0.26150116
2010-11-25 00:15:00,2010-11-25 01:00:00,0.13106667,0.25912508
2010-11-25 00:15:00,2010-11-25 01:15:00,0.1796,0.25786826
2010-11-25 00:15:00,2010-11-25 01:30:00,0.25893334,0.2435107
2010-11-25 00:15:00,2010-11-25 01:45:00,0.123066664,0.24620128
2010-11-25 00:15:00,2010-11-25 02:00:00,0.21666667,0.24764454
2010-11-25 00:15:00,2010-11-25 02:15:00,0.2052,0.25117636
2010-11-25 00:15:00,2010-11-25 02:30:00,0.17493334,0.25170973
2010-11-25 00:15:00,2010-11-25 02:45:00,0.2104,0.25563094
2010-11-25 00:15:00,2010-11-25 03:00:00,0.16226667,0.24721687
2010-11-25 00:15:00,2010-11-25 03:15:00,0.23239999,0.25453037
2010-11-25 00:15:00,2010-11-25 03:30:00,0.17533332,0.2517447
2010-11-25 00:15:00,2010-11-25 03:45:00,0.16866666,0.27199352
2010-11-25 00:15:00,2010-11-25 04:00:00,0.27186665,0.26574677
2010-11-25 00:15:00,2010-11-25 04:15:00,0.12733333,0.269395
2010-11-25 00:15:00,2010-11-25 04:30:00,0.18413332,0.278509
2010-11-25 00:15:00,2010-11-25 04:45:00,0.25746667,0.28108153
2010-11-25 00:15:00,2010-11-25 05:00:00,0.12253332,0.2723645
2010-11-25 00:15:00,2010-11-25 05:15:00,0.2212,0.29656467
2010-11-25 00:15:00,2010-11-25 05:30:00,0.19066666,0.30077314
2010-11-25 00:15:00,2010-11-25 05:45:00,0.18533333,0.30444002
2010-11-25 00:15:00,2010-11-25 06:00:00,0.20133333,0.32636106
2010-11-25 00:15:00,2010-11-25 06:15:00,0.15693334,0.3468979
2010-11-25 00:15:00,2010-11-25 06:30:00,0.2681333,0.47675523
2010-11-25 00:15:00,2010-11-25 06:45:00,0.8534667,0.47454503
2010-11-25 00:15:00,2010-11-25 07:00:00,0.40053332,0.47207525
2010-11-25 00:15:00,2010-11-25 07:15:00,0.6062667,0.46147975
2010-11-25 00:15:00,2010-11-25 07:30:00,0.35653332,0.50102067
2010-11-25 00:15:00,2010-11-25 07:45:00,0.43866664,0.59432834
2010-11-25 00:15:00,2010-11-25 08:00:00,0.41986668,0.50455135
2010-11-25 00:15:00,2010-11-25 08:15:00,0.45013332,0.51893127
2010-11-25 00:15:00,2010-11-25 08:30:00,0.5382666,0.48368403
2010-11-25 00:15:00,2010-11-25 08:45:00,0.52199996,0.43259677
2010-11-25 00:15:00,2010-11-25 09:00:00,0.5829333,0.40772524
2010-11-25 00:15:00,2010-11-25 09:15:00,0.50146663,0.41309154
2010-11-25 00:15:00,2010-11-25 09:30:00,0.48426667,0.40515718
2010-11-25 00:15:00,2010-11-25 09:45:00,0.49666664,0.39948493
2010-11-25 00:15:00,2010-11-25 10:00:00,0.2016,0.3913749
2010-11-25 00:15:00,2010-11-25 10:15:00,0.17546663,0.393432
2010-11-25 00:15:00,2010-11-25 10:30:00,0.21919997,0.3917941
2010-11-25 00:15:00,2010-11-25 10:45:00,0.18359996,0.3830194
2010-11-25 00:15:00,2010-11-25 11:00:00,0.1486666,0.40103754
2010-11-25 00:15:00,2010-11-25 11:15:00,0.27133337,0.392976
2010-11-25 00:15:00,2010-11-25 11:30:00,0.14919999,0.41724762
2010-11-25 00:15:00,2010-11-25 11:45:00,0.15893327,0.3823154
2010-11-25 00:15:00,2010-11-25 12:00:00,0.28439996,0.393134
2010-11-25 00:15:00,2010-11-25 12:15:00,0.12546663,0.3979524
2010-11-25 00:15:00,2010-11-25 12:30:00,0.21013331,0.37301102
2010-11-25 00:15:00,2010-11-25 12:45:00,0.9637333,0.3568065
2010-11-25 00:15:00,2010-11-25 13:00:00,0.4665333,0.37715998
2010-11-25 00:15:00,2010-11-25 13:15:00,0.68146664,0.3557428
2010-11-25 00:15:00,2010-11-25 13:30:00,0.59239995,0.3498268
2010-11-25 00:15:00,2010-11-25 13:45:00,0.47093332,0.34169114
2010-11-25 00:15:00,2010-11-25 14:00:00,0.48746666,0.35317424
2010-11-25 00:15:00,2010-11-25 14:15:00,0.3624,0.3901225
2010-11-25 00:15:00,2010-11-25 14:30:00,0.22466666,0.3693924
2010-11-25 00:15:00,2010-11-25 14:45:00,0.20759998,0.33387113
2010-11-25 00:15:00,2010-11-25 15:00:00,0.13346663,0.32879883
2010-11-25 00:15:00,2010-11-25 15:15:00,0.24533334,0.33795446
2010-11-25 00:15:00,2010-11-25 15:30:00,0.18573333,0.33434504
2010-11-25 00:15:00,2010-11-25 15:45:00,0.17186667,0.37094277
2010-11-25 00:15:00,2010-11-25 16:00:00,0.2068,0.38035035
2010-11-25 00:15:00,2010-11-25 16:15:00,0.19160001,0.37688145
2010-11-25 00:15:00,2010-11-25 16:30:00,0.21613333,0.38409555
2010-11-25 00:15:00,2010-11-25 16:45:00,0.13426666,0.39479998
2010-11-25 00:15:00,2010-11-25 17:00:00,0.26146665,0.4123787
2010-11-25 00:15:00,2010-11-25 17:15:00,0.29333332,0.42151842
2010-11-25 00:15:00,2010-11-25 17:30:00,0.41079998,0.43704593
2010-11-25 00:15:00,2010-11-25 17:45:00,0.54693335,0.430538
2010-11-25 00:15:00,2010-11-25 18:00:00,0.45559996,0.47386917
2010-11-25 00:15:00,2010-11-25 18:15:00,0.5201333,0.5302217
2010-11-25 00:15:00,2010-11-25 18:30:00,0.5048,0.5205603
2010-11-25 00:15:00,2010-11-25 18:45:00,0.5197333,0.50949514
2010-11-25 00:15:00,2010-11-25 19:00:00,0.49173334,0.5977355
2010-11-25 00:15:00,2010-11-25 19:15:00,0.45293334,0.5604471
2010-11-25 00:15:00,2010-11-25 19:30:00,0.9118666,0.6638967
2010-11-25 00:15:00,2010-11-25 19:45:00,0.8441333,0.55106634
2010-11-25 00:15:00,2010-11-25 20:00:00,0.998,0.66670895
2010-11-25 00:15:00,2010-11-25 20:15:00,0.68106663,0.64382285
2010-11-25 00:15:00,2010-11-25 20:30:00,1.4341334,0.55812466
2010-11-25 00:15:00,2010-11-25 20:45:00,1.578,0.5977356
2010-11-25 00:15:00,2010-11-25 21:00:00,1.2,0.5527723
2010-11-25 00:15:00,2010-11-25 21:15:00,1.3104,0.5853153
2010-11-25 00:15:00,2010-11-25 21:30:00,1.3174667,0.60113084
2010-11-25 00:15:00,2010-11-25 21:45:00,1.2810667,0.60230327
2010-11-25 00:15:00,2010-11-25 22:00:00,1.2472,0.5365175
2010-11-25 00:15:00,2010-11-25 22:15:00,1.1254667,0.5267256
2010-11-25 00:15:00,2010-11-25 22:30:00,0.576,0.49100423
2010-11-25 00:15:00,2010-11-25 22:45:00,0.23026666,0.4717665
2010-11-25 00:15:00,2010-11-25 23:00:00,0.26066667,0.40484485
2010-11-25 00:15:00,2010-11-25 23:15:00,0.23133333,0.41203222
2010-11-25 00:15:00,2010-11-25 23:30:00,0.18306665,0.39501595
2010-11-25 00:15:00,2010-11-25 23:45:00,0.18919998,0.43471956
2010-11-25 00:15:00,2010-11-26 00:00:00,0.19199994,0.32473376
2010-11-25 00:30:00,2010-11-25 00:30:00,0.16266666,0.2463982
2010-11-25 00:30:00,2010-11-25 00:45:00,0.27199998,0.25593355
2010-11-25 00:30:00,2010-11-25 01:00:00,0.13106667,0.23565297
2010-11-25 00:30:00,2010-11-25 01:15:00,0.1796,0.2501647
2010-11-25 00:30:00,2010-11-25 01:30:00,0.25893334,0.23877594
2010-11-25 00:30:00,2010-11-25 01:45:00,0.123066664,0.23730426
2010-11-25 00:30:00,2010-11-25 02:00:00,0.21666667,0.23826602
2010-11-25 00:30:00,2010-11-25 02:15:00,0.2052,0.24228705
2010-11-25 00:30:00,2010-11-25 02:30:00,0.17493334,0.23814291
2010-11-25 00:30:00,2010-11-25 02:45:00,0.2104,0.24318795
2010-11-25 00:30:00,2010-11-25 03:00:00,0.16226667,0.24308142
2010-11-25 00:30:00,2010-11-25 03:15:00,0.23239999,0.24324214
2010-11-25 00:30:00,2010-11-25 03:30:00,0.17533332,0.25079298
2010-11-25 00:30:00,2010-11-25 03:45:00,0.16866666,0.2541181
2010-11-25 00:30:00,2010-11-25 04:00:00,0.27186665,0.2666184
2010-11-25 00:30:00,2010-11-25 04:15:00,0.12733333,0.2571302
2010-11-25 00:30:00,2010-11-25 04:30:00,0.18413332,0.2755511
2010-11-25 00:30:00,2010-11-25 04:45:00,0.25746667,0.27195093
2010-11-25 00:30:00,2010-11-25 05:00:00,0.12253332,0.2727582
2010-11-25 00:30:00,2010-11-25 05:15:00,0.2212,0.28355315
2010-11-25 00:30:00,2010-11-25 05:30:00,0.19066666,0.29803836
2010-11-25 00:30:00,2010-11-25 05:45:00,0.18533333,0.29449597
2010-11-25 00:30:00,2010-11-25 06:00:00,0.20133333,0.32988158
2010-11-25 00:30:00,2010-11-25 06:15:00,0.15693334,0.34226963
2010-11-25 00:30:00,2010-11-25 06:30:00,0.2681333,0.49263242
2010-11-25 00:30:00,2010-11-25 06:45:00,0.8534667,0.47158873
2010-11-25 00:30:00,2010-11-25 07:00:00,0.40053332,0.44402677
2010-11-25 00:30:00,2010-11-25 07:15:00,0.6062667,0.451
2010-11-25 00:30:00,2010-11-25 07:30:00,0.35653332,0.5160801
2010-11-25 00:30:00,2010-11-25 07:45:00,0.43866664,0.5709741
2010-11-25 00:30:00,2010-11-25 08:00:00,0.41986668,0.49932632
2010-11-25 00:30:00,2010-11-25 08:15:00,0.45013332,0.49889597
2010-11-25 00:30:00,2010-11-25 08:30:00,0.5382666,0.44774
2010-11-25 00:30:00,2010-11-25 08:45:00,0.52199996,0.45454273
2010-11-25 00:30:00,2010-11-25 09:00:00,0.5829333,0.38686103
2010-11-25 00:30:00,2010-11-25 09:15:00,0.50146663,0.38251263
2010-11-25 00:30:00,2010-11-25 09:30:00,0.48426667,0.40934154
2010-11-25 00:30:00,2010-11-25 09:45:00,0.49666664,0.38810283
2010-11-25 00:30:00,2010-11-25 10:00:00,0.2016,0.38362303
2010-11-25 00:30:00,2010-11-25 10:15:00,0.17546663,0.38314533
2010-11-25 00:30:00,2010-11-25 10:30:00,0.21919997,0.41721275
2010-11-25 00:30:00,2010-11-25 10:45:00,0.18359996,0.37662074
2010-11-25 00:30:00,2010-11-25 11:00:00,0.1486666,0.38172093
2010-11-25 00:30:00,2010-11-25 11:15:00,0.27133337,0.40488774
2010-11-25 00:30:00,2010-11-25 11:30:00,0.14919999,0.385088
2010-11-25 00:30:00,2010-11-25 11:45:00,0.15893327,0.38388264
2010-11-25 00:30:00,2010-11-25 12:00:00,0.28439996,0.38397646
2010-11-25 00:30:00,2010-11-25 12:15:00,0.12546663,0.3755188
2010-11-25 00:30:00,2010-11-25 12:30:00,0.21013331,0.36407685
2010-11-25 00:30:00,2010-11-25 12:45:00,0.9637333,0.35863143
2010-11-25 00:30:00,2010-11-25 13:00:00,0.4665333,0.36484334
2010-11-25 00:30:00,2010-11-25 13:15:00,0.68146664,0.3472244
2010-11-25 00:30:00,2010-11-25 13:30:00,0.59239995,0.35052085
2010-11-25 00:30:00,2010-11-25 13:45:00,0.47093332,0.34017414
2010-11-25 00:30:00,2010-11-25 14:00:00,0.48746666,0.3467039
2010-11-25 00:30:00,2010-11-25 14:15:00,0.3624,0.38439018
2010-11-25 00:30:00,2010-11-25 14:30:00,0.22466666,0.36505908
2010-11-25 00:30:00,2010-11-25 14:45:00,0.20759998,0.33199278
2010-11-25 00:30:00,2010-11-25 15:00:00,0.13346663,0.32925338
2010-11-25 00:30:00,2010-11-25 15:15:00,0.24533334,0.32590923
2010-11-25 00:30:00,2010-11-25 15:30:00,0.18573333,0.3533566
2010-11-25 00:30:00,2010-11-25 15:45:00,0.17186667,0.3787244
2010-11-25 00:30:00,2010-11-25 16:00:00,0.2068,0.36952147
2010-11-25 00:30:00,2010-11-25 16:15:00,0.19160001,0.38383353
2010-11-25 00:30:00,2010-11-25 16:30:00,0.21613333,0.3868957
2010-11-25 00:30:00,2010-11-25 16:45:00,0.13426666,0.39365932
2010-11-25 00:30:00,2010-11-25 17:00:00,0.26146665,0.40385556
2010-11-25 00:30:00,2010-11-25 17:15:00,0.29333332,0.4229111
2010-11-25 00:30:00,2010-11-25 17:30:00,0.41079998,0.4303888
2010-11-25 00:30:00,2010-11-25 17:45:00,0.54693335,0.44849804
2010-11-25 00:30:00,2010-11-25 18:00:00,0.45559996,0.46158588
2010-11-25 00:30:00,2010-11-25 18:15:00,0.5201333,0.5034197
2010-11-25 00:30:00,2010-11-25 18:30:00,0.5048,0.48510772
2010-11-25 00:30:00,2010-11-25 18:45:00,0.5197333,0.49794802
2010-11-25 00:30:00,2010-11-25 19:00:00,0.49173334,0.5985076
2010-11-25 00:30:00,2010-11-25 19:15:00,0.45293334,0.5391998
2010-11-25 00:30:00,2010-11-25 19:30:00,0.9118666,0.6559624
2010-11-25 00:30:00,2010-11-25 19:45:00,0.8441333,0.5376874
2010-11-25 00:30:00,2010-11-25 20:00:00,0.998,0.65795755
2010-11-25 00:30:00,2010-11-25 20:15:00,0.68106663,0.6305272
2010-11-25 00:30:00,2010-11-25 20:30:00,1.4341334,0.5592247
2010-11-25 00:30:00,2010-11-25 20:45:00,1.578,0.58730054
2010-11-25 00:30:00,2010-11-25 21:00:00,1.2,0.57689524
2010-11-25 00:30:00,2010-11-25 21:15:00,1.3104,0.5674085
2010-11-25 00:30:00,2010-11-25 21:30:00,1.3174667,0.60888827
2010-11-25 00:30:00,2010-11-25 21:45:00,1.2810667,0.60408705
2010-11-25 00:30:00,2010-11-25 22:00:00,1.2472,0.57916486
2010-11-25 00:30:00,2010-11-25 22:15:00,1.1254667,0.54390943
2010-11-25 00:30:00,2010-11-25 22:30:00,0.576,0.48871753
2010-11-25 00:30:00,2010-11-25 22:45:00,0.23026666,0.47113845
2010-11-25 00:30:00,2010-11-25 23:00:00,0.26066667,0.421633
2010-11-25 00:30:00,2010-11-25 23:15:00,0.23133333,0.3978377
2010-11-25 00:30:00,2010-11-25 23:30:00,0.18306665,0.40697575
2010-11-25 00:30:00,2010-11-25 23:45:00,0.18919998,0.42090878
2010-11-25 00:30:00,2010-11-26 00:00:00,0.19199994,0.31761473
2010-11-25 00:30:00,2010-11-26 00:15:00,0.22466666,0.3083024
2010-11-25 00:45:00,2010-11-25 00:45:00,0.27199998,0.24785268
2010-11-25 00:45:00,2010-11-25 01:00:00,0.13106667,0.23783414
2010-11-25 00:45:00,2010-11-25 01:15:00,0.1796,0.22763903
2010-11-25 00:45:00,2010-11-25 01:30:00,0.25893334,0.23342247
2010-11-25 00:45:00,2010-11-25 01:45:00,0.123066664,0.23624218
2010-11-25 00:45:00,2010-11-25 02:00:00,0.21666667,0.2258728
2010-11-25 00:45:00,2010-11-25 02:15:00,0.2052,0.24194677
2010-11-25 00:45:00,2010-11-25 02:30:00,0.17493334,0.22933389
2010-11-25 00:45:00,2010-11-25 02:45:00,0.2104,0.2387073
2010-11-25 00:45:00,2010-11-25 03:00:00,0.16226667,0.24111815
2010-11-25 00:45:00,2010-11-25 03:15:00,0.23239999,0.25291628
2010-11-25 00:45:00,2010-11-25 03:30:00,0.17533332,0.23931429
2010-11-25 00:45:00,2010-11-25 03:45:00,0.16866666,0.2565116
2010-11-25 00:45:00,2010-11-25 04:00:00,0.27186665,0.25201267
2010-11-25 00:45:00,2010-11-25 04:15:00,0.12733333,0.25521177
2010-11-25 00:45:00,2010-11-25 04:30:00,0.18413332,0.27148575
2010-11-25 00:45:00,2010-11-25 04:45:00,0.25746667,0.26988965
2010-11-25 00:45:00,2010-11-25 05:00:00,0.12253332,0.2624363
2010-11-25 00:45:00,2010-11-25 05:15:00,0.2212,0.28718522
2010-11-25 00:45:00,2010-11-25 05:30:00,0.19066666,0.28949475
2010-11-25 00:45:00,2010-11-25 05:45:00,0.18533333,0.2815655
2010-11-25 00:45:00,2010-11-25 06:00:00,0.20133333,0.34442055
2010-11-25 00:45:00,2010-11-25 06:15:00,0.15693334,0.32990816
2010-11-25 00:45:00,2010-11-25 06:30:00,0.2681333,0.4403744
2010-11-25 00:45:00,2010-11-25 06:45:00,0.8534667,0.43390012
2010-11-25 00:45:00,2010-11-25 07:00:00,0.40053332,0.4908975
2010-11-25 00:45:00,2010-11-25 07:15:00,0.6062667,0.44767302
2010-11-25 00:45:00,2010-11-25 07:30:00,0.35653332,0.49265662
2010-11-25 00:45:00,2010-11-25 07:45:00,0.43866664,0.5776659
2010-11-25 00:45:00,2010-11-25 08:00:00,0.41986668,0.5290392
2010-11-25 00:45:00,2010-11-25 08:15:00,0.45013332,0.48261726
2010-11-25 00:45:00,2010-11-25 08:30:00,0.5382666,0.44873554
2010-11-25 00:45:00,2010-11-25 08:45:00,0.52199996,0.44533372
2010-11-25 00:45:00,2010-11-25 09:00:00,0.5829333,0.39381212
2010-11-25 00:45:00,2010-11-25 09:15:00,0.50146663,0.3749976
2010-11-25 00:45:00,2010-11-25 09:30:00,0.48426667,0.40236476
2010-11-25 00:45:00,2010-11-25 09:45:00,0.49666664,0.39165297
2010-11-25 00:45:00,2010-11-25 10:00:00,0.2016,0.37585464
2010-11-25 00:45:00,2010-11-25 10:15:00,0.17546663,0.3893887
2010-11-25 00:45:00,2010-11-25 10:30:00,0.21919997,0.38265172
2010-11-25 00:45:00,2010-11-25 10:45:00,0.18359996,0.37694255
2010-11-25 00:45:00,2010-11-25 11:00:00,0.1486666,0.35977033
2010-11-25 00:45:00,2010-11-25 11:15:00,0.27133337,0.388383
2010-11-25 00:45:00,2010-11-25 11:30:00,0.14919999,0.3977187
2010-11-25 00:45:00,2010-11-25 11:45:00,0.15893327,0.38020003
2010-11-25 00:45:00,2010-11-25 12:00:00,0.28439996,0.3758443
2010-11-25 00:45:00,2010-11-25 12:15:00,0.12546663,0.3720925
2010-11-25 00:45:00,2010-11-25 12:30:00,0.21013331,0.35912478
2010-11-25 00:45:00,2010-11-25 12:45:00,0.9637333,0.3656743
2010-11-25 00:45:00,2010-11-25 13:00:00,0.4665333,0.359106
2010-11-25 00:45:00,2010-11-25 13:15:00,0.68146664,0.34647277
2010-11-25 00:45:00,2010-11-25 13:30:00,0.59239995,0.32826507
2010-11-25 00:45:00,2010-11-25 13:45:00,0.47093332,0.3326087
2010-11-25 00:45:00,2010-11-25 14:00:00,0.48746666,0.35213417
2010-11-25 00:45:00,2010-11-25 14:15:00,0.3624,0.37983677
2010-11-25 00:45:00,2010-11-25 14:30:00,0.22466666,0.34577748
2010-11-25 00:45:00,2010-11-25 14:45:00,0.20759998,0.33316192
2010-11-25 00:45:00,2010-11-25 15:00:00,0.13346663,0.33095467
2010-11-25 00:45:00,2010-11-25 15:15:00,0.24533334,0.32871765
2010-11-25 00:45:00,2010-11-25 15:30:00,0.18573333,0.3355282
2010-11-25 00:45:00,2010-11-25 15:45:00,0.17186667,0.3555174
2010-11-25 00:45:00,2010-11-25 16:00:00,0.2068,0.35998037
2010-11-25 00:45:00,2010-11-25 16:15:00,0.19160001,0.37051386
2010-11-25 00:45:00,2010-11-25 16:30:00,0.21613333,0.40511194
2010-11-25 00:45:00,2010-11-25 16:45:00,0.13426666,0.39158908
2010-11-25 00:45:00,2010-11-25 17:00:00,0.26146665,0.40385157
2010-11-25 00:45:00,2010-11-25 17:15:00,0.29333332,0.41093907
2010-11-25 00:45:00,2010-11-25 17:30:00,0.41079998,0.42476997
2010-11-25 00:45:00,2010-11-25 17:45:00,0.54693335,0.4279635
2010-11-25 00:45:00,2010-11-25 18:00:00,0.45559996,0.4646334
2010-11-25 00:45:00,2010-11-25 18:15:00,0.5201333,0.505091
2010-11-25 00:45:00,2010-11-25 18:30:00,0.5048,0.47367504
2010-11-25 00:45:00,2010-11-25 18:45:00,0.5197333,0.4911217
2010-11-25 00:45:00,2010-11-25 19:00:00,0.49173334,0.5911097
2010-11-25 00:45:00,2010-11-25 19:15:00,0.45293334,0.5604169
2010-11-25 00:45:00,2010-11-25 19:30:00,0.9118666,0.6875167
2010-11-25 00:45:00,2010-11-25 19:45:00,0.8441333,0.5654035
2010-11-25 00:45:00,2010-11-25 20:00:00,0.998,0.6688573
2010-11-25 00:45:00,2010-11-25 20:15:00,0.68106663,0.62721246
2010-11-25 00:45:00,2010-11-25 20:30:00,1.4341334,0.55462086
2010-11-25 00:45:00,2010-11-25 20:45:00,1.578,0.57702976
2010-11-25 00:45:00,2010-11-25 21:00:00,1.2,0.5232221
2010-11-25 00:45:00,2010-11-25 21:15:00,1.3104,0.610957
2010-11-25 00:45:00,2010-11-25 21:30:00,1.3174667,0.5978686
2010-11-25 00:45:00,2010-11-25 21:45:00,1.2810667,0.56268096
2010-11-25 00:45:00,2010-11-25 22:00:00,1.2472,0.56579435
2010-11-25 00:45:00,2010-11-25 22:15:00,1.1254667,0.57541066
2010-11-25 00:45:00,2010-11-25 22:30:00,0.576,0.498949
2010-11-25 00:45:00,2010-11-25 22:45:00,0.23026666,0.45673615
2010-11-25 00:45:00,2010-11-25 23:00:00,0.26066667,0.40223494
2010-11-25 00:45:00,2010-11-25 23:15:00,0.23133333,0.4068754
2010-11-25 00:45:00,2010-11-25 23:30:00,0.18306665,0.39355126
2010-11-25 00:45:00,2010-11-25 23:45:00,0.18919998,0.41463915
2010-11-25 00:45:00,2010-11-26 00:00:00,0.19199994,0.3276178
2010-11-25 00:45:00,2010-11-26 00:15:00,0.22466666,0.29997045
2010-11-25 00:45:00,2010-11-26 00:30:00,0.37253332,0.31059158
2010-11-25 01:00:00,2010-11-25 01:00:00,0.13106667,0.23164506
2010-11-25 01:00:00,2010-11-25 01:15:00,0.1796,0.22710177
2010-11-25 01:00:00,2010-11-25 01:30:00,0.25893334,0.23900448
2010-11-25 01:00:00,2010-11-25 01:45:00,0.123066664,0.25027046
2010-11-25 01:00:00,2010-11-25 02:00:00,0.21666667,0.23438382
2010-11-25 01:00:00,2010-11-25 02:15:00,0.2052,0.23636179
2010-11-25 01:00:00,2010-11-25 02:30:00,0.17493334,0.23867343
2010-11-25 01:00:00,2010-11-25 02:45:00,0.2104,0.23917425
2010-11-25 01:00:00,2010-11-25 03:00:00,0.16226667,0.23707773
2010-11-25 01:00:00,2010-11-25 03:15:00,0.23239999,0.24956904
2010-11-25 01:00:00,2010-11-25 03:30:00,0.17533332,0.25051767
2010-11-25 01:00:00,2010-11-25 03:45:00,0.16866666,0.26209086
2010-11-25 01:00:00,2010-11-25 04:00:00,0.27186665,0.2717232
2010-11-25 01:00:00,2010-11-25 04:15:00,0.12733333,0.2594449
2010-11-25 01:00:00,2010-11-25 04:30:00,0.18413332,0.27722737
2010-11-25 01:00:00,2010-11-25 04:45:00,0.25746667,0.2748326
2010-11-25 01:00:00,2010-11-25 05:00:00,0.12253332,0.27151287
2010-11-25 01:00:00,2010-11-25 05:15:00,0.2212,0.2890557
2010-11-25 01:00:00,2010-11-25 05:30:00,0.19066666,0.29263654
2010-11-25 01:00:00,2010-11-25 05:45:00,0.18533333,0.28873563
2010-11-25 01:00:00,2010-11-25 06:00:00,0.20133333,0.33059424
2010-11-25 01:00:00,2010-11-25 06:15:00,0.15693334,0.35439184
2010-11-25 01:00:00,2010-11-25 06:30:00,0.2681333,0.46764803
2010-11-25 01:00:00,2010-11-25 06:45:00,0.8534667,0.4769385
2010-11-25 01:00:00,2010-11-25 07:00:00,0.40053332,0.47169173
2010-11-25 01:00:00,2010-11-25 07:15:00,0.6062667,0.44074222
2010-11-25 01:00:00,2010-11-25 07:30:00,0.35653332,0.48085874
2010-11-25 01:00:00,2010-11-25 07:45:00,0.43866664,0.5290345
2010-11-25 01:00:00,2010-11-25 08:00:00,0.41986668,0.5258242
2010-11-25 01:00:00,2010-11-25 08:15:00,0.45013332,0.46729648
2010-11-25 01:00:00,2010-11-25 08:30:00,0.5382666,0.4692152
2010-11-25 01:00:00,2010-11-25 08:45:00,0.52199996,0.4370786
2010-11-25 01:00:00,2010-11-25 09:00:00,0.5829333,0.3910142
2010-11-25 01:00:00,2010-11-25 09:15:00,0.50146663,0.3938942
2010-11-25 01:00:00,2010-11-25 09:30:00,0.48426667,0.39563742
2010-11-25 01:00:00,2010-11-25 09:45:00,0.49666664,0.38277775
2010-11-25 01:00:00,2010-11-25 10:00:00,0.2016,0.3786312
2010-11-25 01:00:00,2010-11-25 10:15:00,0.17546663,0.38839465
2010-11-25 01:00:00,2010-11-25 10:30:00,0.21919997,0.4106165
2010-11-25 01:00:00,2010-11-25 10:45:00,0.18359996,0.3873824
2010-11-25 01:00:00,2010-11-25 11:00:00,0.1486666,0.38481498
2010-11-25 01:00:00,2010-11-25 11:15:00,0.27133337,0.38558656
2010-11-25 01:00:00,2010-11-25 11:30:00,0.14919999,0.3935555
2010-11-25 01:00:00,2010-11-25 11:45:00,0.15893327,0.3921966
2010-11-25 01:00:00,2010-11-25 12:00:00,0.28439996,0.39204314
2010-11-25 01:00:00,2010-11-25 12:15:00,0.12546663,0.3758926
2010-11-25 01:00:00,2010-11-25 12:30:00,0.21013331,0.36943167
2010-11-25 01:00:00,2010-11-25 12:45:00,0.9637333,0.35537097
2010-11-25 01:00:00,2010-11-25 13:00:00,0.4665333,0.34916386
2010-11-25 01:00:00,2010-11-25 13:15:00,0.68146664,0.3362436
2010-11-25 01:00:00,2010-11-25 13:30:00,0.59239995,0.34089845
2010-11-25 01:00:00,2010-11-25 13:45:00,0.47093332,0.33849153
2010-11-25 01:00:00,2010-11-25 14:00:00,0.48746666,0.34612927
2010-11-25 01:00:00,2010-11-25 14:15:00,0.3624,0.37296987
2010-11-25 01:00:00,2010-11-25 14:30:00,0.22466666,0.35342485
2010-11-25 01:00:00,2010-11-25 14:45:00,0.20759998,0.31564462
2010-11-25 01:00:00,2010-11-25 15:00:00,0.13346663,0.31420776
2010-11-25 01:00:00,2010-11-25 15:15:00,0.24533334,0.34091747
2010-11-25 01:00:00,2010-11-25 15:30:00,0.18573333,0.3485535
2010-11-25 01:00:00,2010-11-25 15:45:00,0.17186667,0.35402337
2010-11-25 01:00:00,2010-11-25 16:00:00,0.2068,0.37726787
2010-11-25 01:00:00,2010-11-25 16:15:00,0.19160001,0.35578683
2010-11-25 01:00:00,2010-11-25 16:30:00,0.21613333,0.39159387
2010-11-25 01:00:00,2010-11-25 16:45:00,0.13426666,0.40710416
2010-11-25 01:00:00,2010-11-25 17:00:00,0.26146665,0.4105095
2010-11-25 01:00:00,2010-11-25 17:15:00,0.29333332,0.39084086
2010-11-25 01:00:00,2010-11-25 17:30:00,0.41079998,0.42368516
2010-11-25 01:00:00,2010-11-25 17:45:00,0.54693335,0.43647632
2010-11-25 01:00:00,2010-11-25 18:00:00,0.45559996,0.46298817
2010-11-25 01:00:00,2010-11-25 18:15:00,0.5201333,0.5100975
2010-11-25 01:00:00,2010-11-25 18:30:00,0.5048,0.49177873
2010-11-25 01:00:00,2010-11-25 18:45:00,0.5197333,0.49512368
2010-11-25 01:00:00,2010-11-25 19:00:00,0.49173334,0.56526244
2010-11-25 01:00:00,2010-11-25 19:15:00,0.45293334,0.5840791
2010-11-25 01:00:00,2010-11-25 19:30:00,0.9118666,0.6511932
2010-11-25 01:00:00,2010-11-25 19:45:00,0.8441333,0.560685
2010-11-25 01:00:00,2010-11-25 20:00:00,0.998,0.65849626
2010-11-25 01:00:00,2010-11-25 20:15:00,0.68106663,0.6411797
2010-11-25 01:00:00,2010-11-25 20:30:00,1.4341334,0.57451135
2010-11-25 01:00:00,2010-11-25 20:45:00,1.578,0.5663281
2010-11-25 01:00:00,2010-11-25 21:00:00,1.2,0.52750105
2010-11-25 01:00:00,2010-11-25 21:15:00,1.3104,0.57614297
2010-11-25 01:00:00,2010-11-25 21:30:00,1.3174667,0.6286059
2010-11-25 01:00:00,2010-11-25 21:45:00,1.2810667,0.6042243
2010-11-25 01:00:00,2010-11-25 22:00:00,1.2472,0.54242885
2010-11-25 01:00:00,2010-11-25 22:15:00,1.1254667,0.5420476
2010-11-25 01:00:00,2010-11-25 22:30:00,0.576,0.51364243
2010-11-25 01:00:00,2010-11-25 22:45:00,0.23026666,0.48112714
2010-11-25 01:00:00,2010-11-25 23:00:00,0.26066667,0.41755193
2010-11-25 01:00:00,2010-11-25 23:15:00,0.23133333,0.3982625
2010-11-25 01:00:00,2010-11-25 23:30:00,0.18306665,0.42497516
2010-11-25 01:00:00,2010-11-25 23:45:00,0.18919998,0.43756402
2010-11-25 01:00:00,2010-11-26 00:00:00,0.19199994,0.32330382
2010-11-25 01:00:00,2010-11-26 00:15:00,0.22466666,0.324826
2010-11-25 01:00:00,2010-11-26 00:30:00,0.37253332,0.31077853
2010-11-25 01:00:00,2010-11-26 00:45:00,0.4332,0.31203374
2010-11-25 01:15:00,2010-11-25 01:15:00,0.1796,0.22576828
2010-11-25 01:15:00,2010-11-25 01:30:00,0.25893334,0.24071279
2010-11-25 01:15:00,2010-11-25 01:45:00,0.123066664,0.22144543
2010-11-25 01:15:00,2010-11-25 02:00:00,0.21666667,0.22339931
2010-11-25 01:15:00,2010-11-25 02:15:00,0.2052,0.2399322
2010-11-25 01:15:00,2010-11-25 02:30:00,0.17493334,0.23032041
2010-11-25 01:15:00,2010-11-25 02:45:00,0.2104,0.23270552
2010-11-25 01:15:00,2010-11-25 03:00:00,0.16226667,0.23349807
2010-11-25 01:15:00,2010-11-25 03:15:00,0.23239999,0.23777412
2010-11-25 01:15:00,2010-11-25 03:30:00,0.17533332,0.24106115
2010-11-25 01:15:00,2010-11-25 03:45:00,0.16866666,0.24499609
2010-11-25 01:15:00,2010-11-25 04:00:00,0.27186665,0.25826114
2010-11-25 01:15:00,2010-11-25 04:15:00,0.12733333,0.25192147
2010-11-25 01:15:00,2010-11-25 04:30:00,0.18413332,0.25039545
2010-11-25 01:15:00,2010-11-25 04:45:00,0.25746667,0.25875768
2010-11-25 01:15:00,2010-11-25 05:00:00,0.12253332,0.2551098
2010-11-25 01:15:00,2010-11-25 05:15:00,0.2212,0.29535207
2010-11-25 01:15:00,2010-11-25 05:30:00,0.19066666,0.28574198
2010-11-25 01:15:00,2010-11-25 05:45:00,0.18533333,0.28233317
2010-11-25 01:15:00,2010-11-25 06:00:00,0.20133333,0.31669325
2010-11-25 01:15:00,2010-11-25 06:15:00,0.15693334,0.33645868
2010-11-25 01:15:00,2010-11-25 06:30:00,0.2681333,0.45072174
2010-11-25 01:15:00,2010-11-25 06:45:00,0.8534667,0.4546524
2010-11-25 01:15:00,2010-11-25 07:00:00,0.40053332,0.45922777
2010-11-25 01:15:00,2010-11-25 07:15:00,0.6062667,0.44502068
2010-11-25 01:15:00,2010-11-25 07:30:00,0.35653332,0.4892225
2010-11-25 01:15:00,2010-11-25 07:45:00,0.43866664,0.5178534
2010-11-25 01:15:00,2010-11-25 08:00:00,0.41986668,0.5050758
2010-11-25 01:15:00,2010-11-25 08:15:00,0.45013332,0.47796172
2010-11-25 01:15:00,2010-11-25 08:30:00,0.5382666,0.47873375
2010-11-25 01:15:00,2010-11-25 08:45:00,0.52199996,0.44263142
2010-11-25 01:15:00,2010-11-25 09:00:00,0.5829333,0.39925227
2010-11-25 01:15:00,2010-11-25 09:15:00,0.50146663,0.37171015
2010-11-25 01:15:00,2010-11-25 09:30:00,0.48426667,0.40496013
2010-11-25 01:15:00,2010-11-25 09:45:00,0.49666664,0.36629155
2010-11-25 01:15:00,2010-11-25 10:00:00,0.2016,0.36915514
2010-11-25 01:15:00,2010-11-25 10:15:00,0.17546663,0.37702385
2010-11-25 01:15:00,2010-11-25 10:30:00,0.21919997,0.41611734
2010-11-25 01:15:00,2010-11-25 10:45:00,0.18359996,0.39002138
2010-11-25 01:15:00,2010-11-25 11:00:00,0.1486666,0.36463574
2010-11-25 01:15:00,2010-11-25 11:15:00,0.27133337,0.37882167
2010-11-25 01:15:00,2010-11-25 11:30:00,0.14919999,0.37528294
2010-11-25 01:15:00,2010-11-25 11:45:00,0.15893327,0.38858792
2010-11-25 01:15:00,2010-11-25 12:00:00,0.28439996,0.3889487
2010-11-25 01:15:00,2010-11-25 12:15:00,0.12546663,0.3557005
2010-11-25 01:15:00,2010-11-25 12:30:00,0.21013331,0.36646813
2010-11-25 01:15:00,2010-11-25 12:45:00,0.9637333,0.3553833
2010-11-25 01:15:00,2010-11-25 13:00:00,0.4665333,0.3517449
2010-11-25 01:15:00,2010-11-25 13:15:00,0.68146664,0.33909428
2010-11-25 01:15:00,2010-11-25 13:30:00,0.59239995,0.34340563
2010-11-25 01:15:00,2010-11-25 13:45:00,0.47093332,0.31321877
2010-11-25 01:15:00,2010-11-25 14:00:00,0.48746666,0.3477011
2010-11-25 01:15:00,2010-11-25 14:15:00,0.3624,0.3862446
2010-11-25 01:15:00,2010-11-25 14:30:00,0.22466666,0.34102246
2010-11-25 01:15:00,2010-11-25 14:45:00,0.20759998,0.31537363
2010-11-25 01:15:00,2010-11-25 15:00:00,0.13346663,0.32067838
2010-11-25 01:15:00,2010-11-25 15:15:00,0.24533334,0.3252045
2010-11-25 01:15:00,2010-11-25 15:30:00,0.18573333,0.33437073
2010-11-25 01:15:00,2010-11-25 15:45:00,0.17186667,0.3760473
2010-11-25 01:15:00,2010-11-25 16:00:00,0.2068,0.359554
2010-11-25 01:15:00,2010-11-25 16:15:00,0.19160001,0.37100023
2010-11-25 01:15:00,2010-11-25 16:30:00,0.21613333,0.3853229
2010-11-25 01:15:00,2010-11-25 16:45:00,0.13426666,0.40662247
2010-11-25 01:15:00,2010-11-25 17:00:00,0.26146665,0.40150675
2010-11-25 01:15:00,2010-11-25 17:15:00,0.29333332,0.40961075
2010-11-25 01:15:00,2010-11-25 17:30:00,0.41079998,0.425435
2010-11-25 01:15:00,2010-11-25 17:45:00,0.54693335,0.42311814
2010-11-25 01:15:00,2010-11-25 18:00:00,0.45559996,0.45191044
2010-11-25 01:15:00,2010-11-25 18:15:00,0.5201333,0.5049428
2010-11-25 01:15:00,2010-11-25 18:30:00,0.5048,0.48821893
2010-11-25 01:15:00,2010-11-25 18:45:00,0.5197333,0.4916255
2010-11-25 01:15:00,2010-11-25 19:00:00,0.49173334,0.5605836
2010-11-25 01:15:00,2010-11-25 19:15:00,0.45293334,0.54554075
2010-11-25 01:15:00,2010-11-25 19:30:00,0.9118666,0.6344047
2010-11-25 01:15:00,2010-11-25 19:45:00,0.8441333,0.55497223
2010-11-25 01:15:00,2010-11-25 20:00:00,0.998,0.64656425
2010-11-25 01:15:00,2010-11-25 20:15:00,0.68106663,0.64027107
2010-11-25 01:15:00,2010-11-25 20:30:00,1.4341334,0.54714006
2010-11-25 01:15:00,2010-11-25 20:45:00,1.578,0.5726571
2010-11-25 01:15:00,2010-11-25 21:00:00,1.2,0.55312437
2010-11-25 01:15:00,2010-11-25 21:15:00,1.3104,0.56262034
2010-11-25 01:15:00,2010-11-25 21:30:00,1.3174667,0.61090404
2010-11-25 01:15:00,2010-11-25 21:45:00,1.2810667,0.62460744
2010-11-25 01:15:00,2010-11-25 22:00:00,1.2472,0.5916816
2010-11-25 01:15:00,2010-11-25 22:15:00,1.1254667,0.5157012
2010-11-25 01:15:00,2010-11-25 22:30:00,0.576,0.50214833
2010-11-25 01:15:00,2010-11-25 22:45:00,0.23026666,0.45264098
2010-11-25 01:15:00,2010-11-25 23:00:00,0.26066667,0.41269538
2010-11-25 01:15:00,2010-11-25 23:15:00,0.23133333,0.3750805
2010-11-25 01:15:00,2010-11-25 23:30:00,0.18306665,0.3924241
2010-11-25 01:15:00,2010-11-25 23:45:00,0.18919998,0.42231557
2010-11-25 01:15:00,2010-11-26 00:00:00,0.19199994,0.30672863
2010-11-25 01:15:00,2010-11-26 00:15:00,0.22466666,0.31453016
2010-11-25 01:15:00,2010-11-26 00:30:00,0.37253332,0.30115956
2010-11-25 01:15:00,2010-11-26 00:45:00,0.4332,0.30567762
2010-11-25 01:15:00,2010-11-26 01:00:00,0.364,0.30094767
2010-11-25 01:30:00,2010-11-25 01:30:00,0.25893334,0.23589174
2010-11-25 01:30:00,2010-11-25 01:45:00,0.123066664,0.21454087
2010-11-25 01:30:00,2010-11-25 02:00:00,0.21666667,0.21451098
2010-11-25 01:30:00,2010-11-25 02:15:00,0.2052,0.22913657
2010-11-25 01:30:00,2010-11-25 02:30:00,0.17493334,0.22207893
2010-11-25 01:30:00,2010-11-25 02:45:00,0.2104,0.22067755
2010-11-25 01:30:00,2010-11-25 03:00:00,0.16226667,0.22917217
2010-11-25 01:30:00,2010-11-25 03:15:00,0.23239999,0.2273168
2010-11-25 01:30:00,2010-11-25 03:30:00,0.17533332,0.22729169
2010-11-25 01:30:00,2010-11-25 03:45:00,0.16866666,0.25218323
2010-11-25 01:30:00,2010-11-25 04:00:00,0.27186665,0.2506286
2010-11-25 01:30:00,2010-11-25 04:15:00,0.12733333,0.23920785
2010-11-25 01:30:00,2010-11-25 04:30:00,0.18413332,0.25733718
2010-11-25 01:30:00,2010-11-25 04:45:00,0.25746667,0.26018703
2010-11-25 01:30:00,2010-11-25 05:00:00,0.12253332,0.25578344
2010-11-25 01:30:00,2010-11-25 05:15:00,0.2212,0.26990184
2010-11-25 01:30:00,2010-11-25 05:30:00,0.19066666,0.29142353
2010-11-25 01:30:00,2010-11-25 05:45:00,0.18533333,0.2793094
2010-11-25 01:30:00,2010-11-25 06:00:00,0.20133333,0.31436542
2010-11-25 01:30:00,2010-11-25 06:15:00,0.15693334,0.3325782
2010-11-25 01:30:00,2010-11-25 06:30:00,0.2681333,0.4697869
2010-11-25 01:30:00,2010-11-25 06:45:00,0.8534667,0.4575456
2010-11-25 01:30:00,2010-11-25 07:00:00,0.40053332,0.45827833
2010-11-25 01:30:00,2010-11-25 07:15:00,0.6062667,0.43779203
2010-11-25 01:30:00,2010-11-25 07:30:00,0.35653332,0.46576828
2010-11-25 01:30:00,2010-11-25 07:45:00,0.43866664,0.54027927
2010-11-25 01:30:00,2010-11-25 08:00:00,0.41986668,0.5055928
2010-11-25 01:30:00,2010-11-25 08:15:00,0.45013332,0.487558
2010-11-25 01:30:00,2010-11-25 08:30:00,0.5382666,0.43896267
2010-11-25 01:30:00,2010-11-25 08:45:00,0.52199996,0.42577687
2010-11-25 01:30:00,2010-11-25 09:00:00,0.5829333,0.37361977
2010-11-25 01:30:00,2010-11-25 09:15:00,0.50146663,0.40108287
2010-11-25 01:30:00,2010-11-25 09:30:00,0.48426667,0.4084275
2010-11-25 01:30:00,2010-11-25 09:45:00,0.49666664,0.3807656
2010-11-25 01:30:00,2010-11-25 10:00:00,0.2016,0.37473154
2010-11-25 01:30:00,2010-11-25 10:15:00,0.17546663,0.3781962
2010-11-25 01:30:00,2010-11-25 10:30:00,0.21919997,0.39221117
2010-11-25 01:30:00,2010-11-25 10:45:00,0.18359996,0.37168705
2010-11-25 01:30:00,2010-11-25 11:00:00,0.1486666,0.37875512
2010-11-25 01:30:00,2010-11-25 11:15:00,0.27133337,0.36829805
2010-11-25 01:30:00,2010-11-25 11:30:00,0.14919999,0.39209682
2010-11-25 01:30:00,2010-11-25 11:45:00,0.15893327,0.3485084
2010-11-25 01:30:00,2010-11-25 12:00:00,0.28439996,0.37025377
2010-11-25 01:30:00,2010-11-25 12:15:00,0.12546663,0.36624464
2010-11-25 01:30:00,2010-11-25 12:30:00,0.21013331,0.37500665
2010-11-25 01:30:00,2010-11-25 12:45:00,0.9637333,0.3497341
2010-11-25 01:30:00,2010-11-25 13:00:00,0.4665333,0.3592515
2010-11-25 01:30:00,2010-11-25 13:15:00,0.68146664,0.3290019
2010-11-25 01:30:00,2010-11-25 13:30:00,0.59239995,0.3213041
2010-11-25 01:30:00,2010-11-25 13:45:00,0.47093332,0.31716663
2010-11-25 01:30:00,2010-11-25 14:00:00,0.48746666,0.3353228
2010-11-25 01:30:00,2010-11-25 14:15:00,0.3624,0.3788663
2010-11-25 01:30:00,2010-11-25 14:30:00,0.22466666,0.35652277
2010-11-25 01:30:00,2010-11-25 14:45:00,0.20759998,0.31327733
2010-11-25 01:30:00,2010-11-25 15:00:00,0.13346663,0.3187014
2010-11-25 01:30:00,2010-11-25 15:15:00,0.24533334,0.3279214
2010-11-25 01:30:00,2010-11-25 15:30:00,0.18573333,0.32995573
2010-11-25 01:30:00,2010-11-25 15:45:00,0.17186667,0.37215218
2010-11-25 01:30:00,2010-11-25 16:00:00,0.2068,0.35827902
2010-11-25 01:30:00,2010-11-25 16:15:00,0.19160001,0.34537593
2010-11-25 01:30:00,2010-11-25 16:30:00,0.21613333,0.39034617
2010-11-25 01:30:00,2010-11-25 16:45:00,0.13426666,0.39247942
2010-11-25 01:30:00,2010-11-25 17:00:00,0.26146665,0.40617007
2010-11-25 01:30:00,2010-11-25 17:15:00,0.29333332,0.41952676
2010-11-25 01:30:00,2010-11-25 17:30:00,0.41079998,0.43707746
2010-11-25 01:30:00,2010-11-25 17:45:00,0.54693335,0.42591757
2010-11-25 01:30:00,2010-11-25 18:00:00,0.45559996,0.44736347
2010-11-25 01:30:00,2010-11-25 18:15:00,0.5201333,0.52093375
2010-11-25 01:30:00,2010-11-25 18:30:00,0.5048,0.46754894
2010-11-25 01:30:00,2010-11-25 18:45:00,0.5197333,0.48475924
2010-11-25 01:30:00,2010-11-25 19:00:00,0.49173334,0.55940145
2010-11-25 01:30:00,2010-11-25 19:15:00,0.45293334,0.5631937
2010-11-25 01:30:00,2010-11-25 19:30:00,0.9118666,0.6459753
2010-11-25 01:30:00,2010-11-25 19:45:00,0.8441333,0.5648175
2010-11-25 01:30:00,2010-11-25 20:00:00,0.998,0.6924192
2010-11-25 01:30:00,2010-11-25 20:15:00,0.68106663,0.6339593
2010-11-25 01:30:00,2010-11-25 20:30:00,1.4341334,0.5515233
2010-11-25 01:30:00,2010-11-25 20:45:00,1.578,0.5590303
2010-11-25 01:30:00,2010-11-25 21:00:00,1.2,0.5460205
2010-11-25 01:30:00,2010-11-25 21:15:00,1.3104,0.5530643
2010-11-25 01:30:00,2010-11-25 21:30:00,1.3174667,0.60741574
2010-11-25 01:30:00,2010-11-25 21:45:00,1.2810667,0.6136773
2010-11-25 01:30:00,2010-11-25 22:00:00,1.2472,0.60695297
2010-11-25 01:30:00,2010-11-25 22:15:00,1.1254667,0.577649
2010-11-25 01:30:00,2010-11-25 22:30:00,0.576,0.49405298
2010-11-25 01:30:00,2010-11-25 22:45:00,0.23026666,0.45721436
2010-11-25 01:30:00,2010-11-25 23:00:00,0.26066667,0.42477763
2010-11-25 01:30:00,2010-11-25 23:15:00,0.23133333,0.40915468
2010-11-25 01:30:00,2010-11-25 23:30:00,0.18306665,0.3870783
2010-11-25 01:30:00,2010-11-25 23:45:00,0.18919998,0.42042735
2010-11-25 01:30:00,2010-11-26 00:00:00,0.19199994,0.3224387
2010-11-25 01:30:00,2010-11-26 00:15:00,0.22466666,0.2981787
2010-11-25 01:30:00,2010-11-26 00:30:00,0.37253332,0.30335215
2010-11-25 01:30:00,2010-11-26 00:45:00,0.4332,0.31097776
2010-11-25 01:30:00,2010-11-26 01:00:00,0.364,0.31162918
2010-11-25 01:30:00,2010-11-26 01:15:00,0.29279998,0.2889607
2010-11-25 01:45:00,2010-11-25 01:45:00,0.123066664,0.22064042
2010-11-25 01:45:00,2010-11-25 02:00:00,0.21666667,0.22253151
2010-11-25 01:45:00,2010-11-25 02:15:00,0.2052,0.23475754
2010-11-25 01:45:00,2010-11-25 02:30:00,0.17493334,0.22658958
2010-11-25 01:45:00,2010-11-25 02:45:00,0.2104,0.22127199
2010-11-25 01:45:00,2010-11-25 03:00:00,0.16226667,0.23024526
2010-11-25 01:45:00,2010-11-25 03:15:00,0.23239999,0.24092506
2010-11-25 01:45:00,2010-11-25 03:30:00,0.17533332,0.23394126
2010-11-25 01:45:00,2010-11-25 03:45:00,0.16866666,0.24919444
2010-11-25 01:45:00,2010-11-25 04:00:00,0.27186665,0.25384498
2010-11-25 01:45:00,2010-11-25 04:15:00,0.12733333,0.24169257
2010-11-25 01:45:00,2010-11-25 04:30:00,0.18413332,0.25354126
2010-11-25 01:45:00,2010-11-25 04:45:00,0.25746667,0.27220243
2010-11-25 01:45:00,2010-11-25 05:00:00,0.12253332,0.2651361
2010-11-25 01:45:00,2010-11-25 05:15:00,0.2212,0.28047305
2010-11-25 01:45:00,2010-11-25 05:30:00,0.19066666,0.2970999
2010-11-25 01:45:00,2010-11-25 05:45:00,0.18533333,0.28244478
2010-11-25 01:45:00,2010-11-25 06:00:00,0.20133333,0.32056844
2010-11-25 01:45:00,2010-11-25 06:15:00,0.15693334,0.3465638
2010-11-25 01:45:00,2010-11-25 06:30:00,0.2681333,0.440616
2010-11-25 01:45:00,2010-11-25 06:45:00,0.8534667,0.44840056
2010-11-25 01:45:00,2010-11-25 07:00:00,0.40053332,0.4444233
2010-11-25 01:45:00,2010-11-25 07:15:00,0.6062667,0.43500057
2010-11-25 01:45:00,2010-11-25 07:30:00,0.35653332,0.48837635
2010-11-25 01:45:00,2010-11-25 07:45:00,0.43866664,0.5213456
2010-11-25 01:45:00,2010-11-25 08:00:00,0.41986668,0.53259605
2010-11-25 01:45:00,2010-11-25 08:15:00,0.45013332,0.49874476
2010-11-25 01:45:00,2010-11-25 08:30:00,0.5382666,0.45034185
2010-11-25 01:45:00,2010-11-25 08:45:00,0.52199996,0.43460208
2010-11-25 01:45:00,2010-11-25 09:00:00,0.5829333,0.39415208
2010-11-25 01:45:00,2010-11-25 09:15:00,0.50146663,0.37947786
2010-11-25 01:45:00,2010-11-25 09:30:00,0.48426667,0.39670873
2010-11-25 01:45:00,2010-11-25 09:45:00,0.49666664,0.36755854
2010-11-25 01:45:00,2010-11-25 10:00:00,0.2016,0.38455987
2010-11-25 01:45:00,2010-11-25 10:15:00,0.17546663,0.37669545
2010-11-25 01:45:00,2010-11-25 10:30:00,0.21919997,0.38435027
2010-11-25 01:45:00,2010-11-25 10:45:00,0.18359996,0.3683223
2010-11-25 01:45:00,2010-11-25 11:00:00,0.1486666,0.38206077
2010-11-25 01:45:00,2010-11-25 11:15:00,0.27133337,0.39637804
2010-11-25 01:45:00,2010-11-25 11:30:00,0.14919999,0.39080456
2010-11-25 01:45:00,2010-11-25 11:45:00,0.15893327,0.37537894
2010-11-25 01:45:00,2010-11-25 12:00:00,0.28439996,0.36233297
2010-11-25 01:45:00,2010-11-25 12:15:00,0.12546663,0.37393922
2010-11-25 01:45:00,2010-11-25 12:30:00,0.21013331,0.36454448
2010-11-25 01:45:00,2010-11-25 12:45:00,0.9637333,0.36897442
2010-11-25 01:45:00,2010-11-25 13:00:00,0.4665333,0.34897065
2010-11-25 01:45:00,2010-11-25 13:15:00,0.68146664,0.33866024
2010-11-25 01:45:00,2010-11-25 13:30:00,0.59239995,0.33317477
2010-11-25 01:45:00,2010-11-25 13:45:00,0.47093332,0.3318067
2010-11-25 01:45:00,2010-11-25 14:00:00,0.48746666,0.35716546
2010-11-25 01:45:00,2010-11-25 14:15:00,0.3624,0.3773053
2010-11-25 01:45:00,2010-11-25 14:30:00,0.22466666,0.36305475
2010-11-25 01:45:00,2010-11-25 14:45:00,0.20759998,0.3207102
2010-11-25 01:45:00,2010-11-25 15:00:00,0.13346663,0.3257975
2010-11-25 01:45:00,2010-11-25 15:15:00,0.24533334,0.3249476
2010-11-25 01:45:00,2010-11-25 15:30:00,0.18573333,0.3387912
2010-11-25 01:45:00,2010-11-25 15:45:00,0.17186667,0.36036664
2010-11-25 01:45:00,2010-11-25 16:00:00,0.2068,0.36167693
2010-11-25 01:45:00,2010-11-25 16:15:00,0.19160001,0.3521278
2010-11-25 01:45:00,2010-11-25 16:30:00,0.21613333,0.3842041
2010-11-25 01:45:00,2010-11-25 16:45:00,0.13426666,0.40027425
2010-11-25 01:45:00,2010-11-25 17:00:00,0.26146665,0.3909011
2010-11-25 01:45:00,2010-11-25 17:15:00,0.29333332,0.4049693
2010-11-25 01:45:00,2010-11-25 17:30:00,0.41079998,0.4297739
2010-11-25 01:45:00,2010-11-25 17:45:00,0.54693335,0.43479243
2010-11-25 01:45:00,2010-11-25 18:00:00,0.45559996,0.46281442
2010-11-25 01:45:00,2010-11-25 18:15:00,0.5201333,0.50663966
2010-11-25 01:45:00,2010-11-25 18:30:00,0.5048,0.496626
2010-11-25 01:45:00,2010-11-25 18:45:00,0.5197333,0.47969154
2010-11-25 01:45:00,2010-11-25 19:00:00,0.49173334,0.55584913
2010-11-25 01:45:00,2010-11-25 19:15:00,0.45293334,0.563701
2010-11-25 01:45:00,2010-11-25 19:30:00,0.9118666,0.6675828
2010-11-25 01:45:00,2010-11-25 19:45:00,0.8441333,0.5797622
2010-11-25 01:45:00,2010-11-25 20:00:00,0.998,0.6855519
2010-11-25 01:45:00,2010-11-25 20:15:00,0.68106663,0.6233126
2010-11-25 01:45:00,2010-11-25 20:30:00,1.4341334,0.5646661
2010-11-25 01:45:00,2010-11-25 20:45:00,1.578,0.5778796
2010-11-25 01:45:00,2010-11-25 21:00:00,1.2,0.52056634
2010-11-25 01:45:00,2010-11-25 21:15:00,1.3104,0.5637103
2010-11-25 01:45:00,2010-11-25 21:30:00,1.3174667,0.60520756
2010-11-25 01:45:00,2010-11-25 21:45:00,1.2810667,0.57298654
2010-11-25 01:45:00,2010-11-25 22:00:00,1.2472,0.56402385
2010-11-25 01:45:00,2010-11-25 22:15:00,1.1254667,0.5524514
2010-11-25 01:45:00,2010-11-25 22:30:00,0.576,0.5048361
2010-11-25 01:45:00,2010-11-25 22:45:00,0.23026666,0.42745632
2010-11-25 01:45:00,2010-11-25 23:00:00,0.26066667,0.4163207
2010-11-25 01:45:00,2010-11-25 23:15:00,0.23133333,0.3928971
2010-11-25 01:45:00,2010-11-25 23:30:00,0.18306665,0.4274561
2010-11-25 01:45:00,2010-11-25 23:45:00,0.18919998,0.40841207
2010-11-25 01:45:00,2010-11-26 00:00:00,0.19199994,0.32099894
2010-11-25 01:45:00,2010-11-26 00:15:00,0.22466666,0.3073918
2010-11-25 01:45:00,2010-11-26 00:30:00,0.37253332,0.29553115
2010-11-25 01:45:00,2010-11-26 00:45:00,0.4332,0.32309237
2010-11-25 01:45:00,2010-11-26 01:00:00,0.364,0.30059987
2010-11-25 01:45:00,2010-11-26 01:15:00,0.29279998,0.29067338
2010-11-25 01:45:00,2010-11-26 01:30:00,0.23013332,0.2900604
2010-11-25 02:00:00,2010-11-25 02:00:00,0.21666667,0.20940402
2010-11-25 02:00:00,2010-11-25 02:15:00,0.2052,0.23672844
2010-11-25 02:00:00,2010-11-25 02:30:00,0.17493334,0.21261372
2010-11-25 02:00:00,2010-11-25 02:45:00,0.2104,0.21903983
2010-11-25 02:00:00,2010-11-25 03:00:00,0.16226667,0.22574435
2010-11-25 02:00:00,2010-11-25 03:15:00,0.23239999,0.22285903
2010-11-25 02:00:00,2010-11-25 03:30:00,0.17533332,0.22943452
2010-11-25 02:00:00,2010-11-25 03:45:00,0.16866666,0.2359115
2010-11-25 02:00:00,2010-11-25 04:00:00,0.27186665,0.22767746
2010-11-25 02:00:00,2010-11-25 04:15:00,0.12733333,0.23240897
2010-11-25 02:00:00,2010-11-25 04:30:00,0.18413332,0.24885453
2010-11-25 02:00:00,2010-11-25 04:45:00,0.25746667,0.26058248
2010-11-25 02:00:00,2010-11-25 05:00:00,0.12253332,0.25320637
2010-11-25 02:00:00,2010-11-25 05:15:00,0.2212,0.26815712
2010-11-25 02:00:00,2010-11-25 05:30:00,0.19066666,0.28844273
2010-11-25 02:00:00,2010-11-25 05:45:00,0.18533333,0.26951557
2010-11-25 02:00:00,2010-11-25 06:00:00,0.20133333,0.3149613
2010-11-25 02:00:00,2010-11-25 06:15:00,0.15693334,0.33802167
2010-11-25 02:00:00,2010-11-25 06:30:00,0.2681333,0.4497957
2010-11-25 02:00:00,2010-11-25 06:45:00,0.8534667,0.45684004
2010-11-25 02:00:00,2010-11-25 07:00:00,0.40053332,0.4517844
2010-11-25 02:00:00,2010-11-25 07:15:00,0.6062667,0.433334
2010-11-25 02:00:00,2010-11-25 07:30:00,0.35653332,0.48965523
2010-11-25 02:00:00,2010-11-25 07:45:00,0.43866664,0.54360586
2010-11-25 02:00:00,2010-11-25 08:00:00,0.41986668,0.5082178
2010-11-25 02:00:00,2010-11-25 08:15:00,0.45013332,0.46757248
2010-11-25 02:00:00,2010-11-25 08:30:00,0.5382666,0.47421163
2010-11-25 02:00:00,2010-11-25 08:45:00,0.52199996,0.43475962
2010-11-25 02:00:00,2010-11-25 09:00:00,0.5829333,0.39737204
2010-11-25 02:00:00,2010-11-25 09:15:00,0.50146663,0.38557684
2010-11-25 02:00:00,2010-11-25 09:30:00,0.48426667,0.38453078
2010-11-25 02:00:00,2010-11-25 09:45:00,0.49666664,0.38409954
2010-11-25 02:00:00,2010-11-25 10:00:00,0.2016,0.3901146
2010-11-25 02:00:00,2010-11-25 10:15:00,0.17546663,0.4140935
2010-11-25 02:00:00,2010-11-25 10:30:00,0.21919997,0.38421392
2010-11-25 02:00:00,2010-11-25 10:45:00,0.18359996,0.37126115
2010-11-25 02:00:00,2010-11-25 11:00:00,0.1486666,0.36183777
2010-11-25 02:00:00,2010-11-25 11:15:00,0.27133337,0.39204183
2010-11-25 02:00:00,2010-11-25 11:30:00,0.14919999,0.39637437
2010-11-25 02:00:00,2010-11-25 11:45:00,0.15893327,0.38282335
2010-11-25 02:00:00,2010-11-25 12:00:00,0.28439996,0.3853979
2010-11-25 02:00:00,2010-11-25 12:15:00,0.12546663,0.35788187
2010-11-25 02:00:00,2010-11-25 12:30:00,0.21013331,0.3568208
2010-11-25 02:00:00,2010-11-25 12:45:00,0.9637333,0.35669357
2010-11-25 02:00:00,2010-11-25 13:00:00,0.4665333,0.33576518
2010-11-25 02:00:00,2010-11-25 13:15:00,0.68146664,0.33931762
2010-11-25 02:00:00,2010-11-25 13:30:00,0.59239995,0.32877848
2010-11-25 02:00:00,2010-11-25 13:45:00,0.47093332,0.30680025
2010-11-25 02:00:00,2010-11-25 14:00:00,0.48746666,0.33017573
2010-11-25 02:00:00,2010-11-25 14:15:00,0.3624,0.39205348
2010-11-25 02:00:00,2010-11-25 14:30:00,0.22466666,0.34688246
2010-11-25 02:00:00,2010-11-25 14:45:00,0.20759998,0.30541676
2010-11-25 02:00:00,2010-11-25 15:00:00,0.13346663,0.32566667
2010-11-25 02:00:00,2010-11-25 15:15:00,0.24533334,0.3245929
2010-11-25 02:00:00,2010-11-25 15:30:00,0.18573333,0.32157546
2010-11-25 02:00:00,2010-11-25 15:45:00,0.17186667,0.34607595
2010-11-25 02:00:00,2010-11-25 16:00:00,0.2068,0.36455718
2010-11-25 02:00:00,2010-11-25 16:15:00,0.19160001,0.3630822
2010-11-25 02:00:00,2010-11-25 16:30:00,0.21613333,0.36534733
2010-11-25 02:00:00,2010-11-25 16:45:00,0.13426666,0.38491258
2010-11-25 02:00:00,2010-11-25 17:00:00,0.26146665,0.39501947
2010-11-25 02:00:00,2010-11-25 17:15:00,0.29333332,0.400493
2010-11-25 02:00:00,2010-11-25 17:30:00,0.41079998,0.41649583
2010-11-25 02:00:00,2010-11-25 17:45:00,0.54693335,0.41770026
2010-11-25 02:00:00,2010-11-25 18:00:00,0.45559996,0.4631112
2010-11-25 02:00:00,2010-11-25 18:15:00,0.5201333,0.50867957
2010-11-25 02:00:00,2010-11-25 18:30:00,0.5048,0.48712766
2010-11-25 02:00:00,2010-11-25 18:45:00,0.5197333,0.51806
2010-11-25 02:00:00,2010-11-25 19:00:00,0.49173334,0.5785824
2010-11-25 02:00:00,2010-11-25 19:15:00,0.45293334,0.5710159
2010-11-25 02:00:00,2010-11-25 19:30:00,0.9118666,0.64353967
2010-11-25 02:00:00,2010-11-25 19:45:00,0.8441333,0.5557567
2010-11-25 02:00:00,2010-11-25 20:00:00,0.998,0.6549859
2010-11-25 02:00:00,2010-11-25 20:15:00,0.68106663,0.6279912
2010-11-25 02:00:00,2010-11-25 20:30:00,1.4341334,0.570246
2010-11-25 02:00:00,2010-11-25 20:45:00,1.578,0.5975947
2010-11-25 02:00:00,2010-11-25 21:00:00,1.2,0.534003
2010-11-25 02:00:00,2010-11-25 21:15:00,1.3104,0.56017613
2010-11-25 02:00:00,2010-11-25 21:30:00,1.3174667,0.59754235
2010-11-25 02:00:00,2010-11-25 21:45:00,1.2810667,0.61436486
2010-11-25 02:00:00,2010-11-25 22:00:00,1.2472,0.5392345
2010-11-25 02:00:00,2010-11-25 22:15:00,1.1254667,0.563941
2010-11-25 02:00:00,2010-11-25 22:30:00,0.576,0.50201595
2010-11-25 02:00:00,2010-11-25 22:45:00,0.23026666,0.434968
2010-11-25 02:00:00,2010-11-25 23:00:00,0.26066667,0.40046838
2010-11-25 02:00:00,2010-11-25 23:15:00,0.23133333,0.39275524
2010-11-25 02:00:00,2010-11-25 23:30:00,0.18306665,0.40193996
2010-11-25 02:00:00,2010-11-25 23:45:00,0.18919998,0.42027807
2010-11-25 02:00:00,2010-11-26 00:00:00,0.19199994,0.31453565
2010-11-25 02:00:00,2010-11-26 00:15:00,0.22466666,0.29566854
2010-11-25 02:00:00,2010-11-26 00:30:00,0.37253332,0.30149823
2010-11-25 02:00:00,2010-11-26 00:45:00,0.4332,0.30681112
2010-11-25 02:00:00,2010-11-26 01:00:00,0.364,0.29000396
2010-11-25 02:00:00,2010-11-26 01:15:00,0.29279998,0.2839587
2010-11-25 02:00:00,2010-11-26 01:30:00,0.23013332,0.28388003
2010-11-25 02:00:00,2010-11-26 01:45:00,0.15,0.28515288
2010-11-25 02:15:00,2010-11-25 02:15:00,0.2052,0.22552064
2010-11-25 02:15:00,2010-11-25 02:30:00,0.17493334,0.20819876
2010-11-25 02:15:00,2010-11-25 02:45:00,0.2104,0.21855527
2010-11-25 02:15:00,2010-11-25 03:00:00,0.16226667,0.22647433
2010-11-25 02:15:00,2010-11-25 03:15:00,0.23239999,0.22388673
2010-11-25 02:15:00,2010-11-25 03:30:00,0.17533332,0.22655913
2010-11-25 02:15:00,2010-11-25 03:45:00,0.16866666,0.23540562
2010-11-25 02:15:00,2010-11-25 04:00:00,0.27186665,0.23770064
2010-11-25 02:15:00,2010-11-25 04:15:00,0.12733333,0.23313695
2010-11-25 02:15:00,2010-11-25 04:30:00,0.18413332,0.25010782
2010-11-25 02:15:00,2010-11-25 04:45:00,0.25746667,0.25190645
2010-11-25 02:15:00,2010-11-25 05:00:00,0.12253332,0.23869973
2010-11-25 02:15:00,2010-11-25 05:15:00,0.2212,0.27050546
2010-11-25 02:15:00,2010-11-25 05:30:00,0.19066666,0.26787326
2010-11-25 02:15:00,2010-11-25 05:45:00,0.18533333,0.2828262
2010-11-25 02:15:00,2010-11-25 06:00:00,0.20133333,0.3142681
2010-11-25 02:15:00,2010-11-25 06:15:00,0.15693334,0.33008906
2010-11-25 02:15:00,2010-11-25 06:30:00,0.2681333,0.45572984
2010-11-25 02:15:00,2010-11-25 06:45:00,0.8534667,0.45427442
2010-11-25 02:15:00,2010-11-25 07:00:00,0.40053332,0.4786403
2010-11-25 02:15:00,2010-11-25 07:15:00,0.6062667,0.44451797
2010-11-25 02:15:00,2010-11-25 07:30:00,0.35653332,0.4955261
2010-11-25 02:15:00,2010-11-25 07:45:00,0.43866664,0.536302
2010-11-25 02:15:00,2010-11-25 08:00:00,0.41986668,0.5092083
2010-11-25 02:15:00,2010-11-25 08:15:00,0.45013332,0.4778537
2010-11-25 02:15:00,2010-11-25 08:30:00,0.5382666,0.4570642
2010-11-25 02:15:00,2010-11-25 08:45:00,0.52199996,0.4385198
2010-11-25 02:15:00,2010-11-25 09:00:00,0.5829333,0.38957012
2010-11-25 02:15:00,2010-11-25 09:15:00,0.50146663,0.3695593
2010-11-25 02:15:00,2010-11-25 09:30:00,0.48426667,0.39527166
2010-11-25 02:15:00,2010-11-25 09:45:00,0.49666664,0.36963448
2010-11-25 02:15:00,2010-11-25 10:00:00,0.2016,0.384608
2010-11-25 02:15:00,2010-11-25 10:15:00,0.17546663,0.37809986
2010-11-25 02:15:00,2010-11-25 10:30:00,0.21919997,0.39813492
2010-11-25 02:15:00,2010-11-25 10:45:00,0.18359996,0.36188254
2010-11-25 02:15:00,2010-11-25 11:00:00,0.1486666,0.3736658
2010-11-25 02:15:00,2010-11-25 11:15:00,0.27133337,0.38781437
2010-11-25 02:15:00,2010-11-25 11:30:00,0.14919999,0.3968208
2010-11-25 02:15:00,2010-11-25 11:45:00,0.15893327,0.38175926
2010-11-25 02:15:00,2010-11-25 12:00:00,0.28439996,0.39230895
2010-11-25 02:15:00,2010-11-25 12:15:00,0.12546663,0.378648
2010-11-25 02:15:00,2010-11-25 12:30:00,0.21013331,0.36237702
2010-11-25 02:15:00,2010-11-25 12:45:00,0.9637333,0.35730863
2010-11-25 02:15:00,2010-11-25 13:00:00,0.4665333,0.3495021
2010-11-25 02:15:00,2010-11-25 13:15:00,0.68146664,0.34516263
2010-11-25 02:15:00,2010-11-25 13:30:00,0.59239995,0.3348884
2010-11-25 02:15:00,2010-11-25 13:45:00,0.47093332,0.32458434
2010-11-25 02:15:00,2010-11-25 14:00:00,0.48746666,0.32053497
2010-11-25 02:15:00,2010-11-25 14:15:00,0.3624,0.35231745
2010-11-25 02:15:00,2010-11-25 14:30:00,0.22466666,0.3504441
2010-11-25 02:15:00,2010-11-25 14:45:00,0.20759998,0.32862982
2010-11-25 02:15:00,2010-11-25 15:00:00,0.13346663,0.32891893
2010-11-25 02:15:00,2010-11-25 15:15:00,0.24533334,0.32978594
2010-11-25 02:15:00,2010-11-25 15:30:00,0.18573333,0.33641654
2010-11-25 02:15:00,2010-11-25 15:45:00,0.17186667,0.36429024
2010-11-25 02:15:00,2010-11-25 16:00:00,0.2068,0.36210984
2010-11-25 02:15:00,2010-11-25 16:15:00,0.19160001,0.37456965
2010-11-25 02:15:00,2010-11-25 16:30:00,0.21613333,0.37822694
2010-11-25 02:15:00,2010-11-25 16:45:00,0.13426666,0.39624524
2010-11-25 02:15:00,2010-11-25 17:00:00,0.26146665,0.3976295
2010-11-25 02:15:00,2010-11-25 17:15:00,0.29333332,0.40033913
2010-11-25 02:15:00,2010-11-25 17:30:00,0.41079998,0.39101264
2010-11-25 02:15:00,2010-11-25 17:45:00,0.54693335,0.4244983
2010-11-25 02:15:00,2010-11-25 18:00:00,0.45559996,0.45044747
2010-11-25 02:15:00,2010-11-25 18:15:00,0.5201333,0.48000166
2010-11-25 02:15:00,2010-11-25 18:30:00,0.5048,0.49412853
2010-11-25 02:15:00,2010-11-25 18:45:00,0.5197333,0.48984265
2010-11-25 02:15:00,2010-11-25 19:00:00,0.49173334,0.594584
2010-11-25 02:15:00,2010-11-25 19:15:00,0.45293334,0.58523196
2010-11-25 02:15:00,2010-11-25 19:30:00,0.9118666,0.66937685
2010-11-25 02:15:00,2010-11-25 19:45:00,0.8441333,0.56060874
2010-11-25 02:15:00,2010-11-25 20:00:00,0.998,0.67710483
2010-11-25 02:15:00,2010-11-25 20:15:00,0.68106663,0.6336046
2010-11-25 02:15:00,2010-11-25 20:30:00,1.4341334,0.5616574
2010-11-25 02:15:00,2010-11-25 20:45:00,1.578,0.5748584
2010-11-25 02:15:00,2010-11-25 21:00:00,1.2,0.56802994
2010-11-25 02:15:00,2010-11-25 21:15:00,1.3104,0.5928486
2010-11-25 02:15:00,2010-11-25 21:30:00,1.3174667,0.6196561
2010-11-25 02:15:00,2010-11-25 21:45:00,1.2810667,0.6168138
2010-11-25 02:15:00,2010-11-25 22:00:00,1.2472,0.5678739
2010-11-25 02:15:00,2010-11-25 22:15:00,1.1254667,0.536889
2010-11-25 02:15:00,2010-11-25 22:30:00,0.576,0.518973
2010-11-25 02:15:00,2010-11-25 22:45:00,0.23026666,0.4277382
2010-11-25 02:15:00,2010-11-25 23:00:00,0.26066667,0.40249482
2010-11-25 02:15:00,2010-11-25 23:15:00,0.23133333,0.3875828
2010-11-25 02:15:00,2010-11-25 23:30:00,0.18306665,0.38929048
2010-11-25 02:15:00,2010-11-25 23:45:00,0.18919998,0.40606406
2010-11-25 02:15:00,2010-11-26 00:00:00,0.19199994,0.305329
2010-11-25 02:15:00,2010-11-26 00:15:00,0.22466666,0.29396206
2010-11-25 02:15:00,2010-11-26 00:30:00,0.37253332,0.3006076
2010-11-25 02:15:00,2010-11-26 00:45:00,0.4332,0.32401472
2010-11-25 02:15:00,2010-11-26 01:00:00,0.364,0.28475556
2010-11-25 02:15:00,2010-11-26 01:15:00,0.29279998,0.29416263
2010-11-25 02:15:00,2010-11-26 01:30:00,0.23013332,0.27316153
2010-11-25 02:15:00,2010-11-26 01:45:00,0.15,0.28498417
2010-11-25 02:15:00,2010-11-26 02:00:00,0.218,0.28171024
2010-11-25 02:30:00,2010-11-25 02:30:00,0.17493334,0.2090041
2010-11-25 02:30:00,2010-11-25 02:45:00,0.2104,0.22285113
2010-11-25 02:30:00,2010-11-25 03:00:00,0.16226667,0.22231387
2010-11-25 02:30:00,2010-11-25 03:15:00,0.23239999,0.22363928
2010-11-25 02:30:00,2010-11-25 03:30:00,0.17533332,0.22304393
2010-11-25 02:30:00,2010-11-25 03:45:00,0.16866666,0.22551407
2010-11-25 02:30:00,2010-11-25 04:00:00,0.27186665,0.23666503
2010-11-25 02:30:00,2010-11-25 04:15:00,0.12733333,0.22445898
2010-11-25 02:30:00,2010-11-25 04:30:00,0.18413332,0.2437746
2010-11-25 02:30:00,2010-11-25 04:45:00,0.25746667,0.23764266
2010-11-25 02:30:00,2010-11-25 05:00:00,0.12253332,0.23013598
2010-11-25 02:30:00,2010-11-25 05:15:00,0.2212,0.25124875
2010-11-25 02:30:00,2010-11-25 05:30:00,0.19066666,0.26801696
2010-11-25 02:30:00,2010-11-25 05:45:00,0.18533333,0.25374305
2010-11-25 02:30:00,2010-11-25 06:00:00,0.20133333,0.3133334
2010-11-25 02:30:00,2010-11-25 06:15:00,0.15693334,0.32109845
2010-11-25 02:30:00,2010-11-25 06:30:00,0.2681333,0.45999268
2010-11-25 02:30:00,2010-11-25 06:45:00,0.8534667,0.43670583
2010-11-25 02:30:00,2010-11-25 07:00:00,0.40053332,0.44662073
2010-11-25 02:30:00,2010-11-25 07:15:00,0.6062667,0.4605337
2010-11-25 02:30:00,2010-11-25 07:30:00,0.35653332,0.48687723
2010-11-25 02:30:00,2010-11-25 07:45:00,0.43866664,0.53285366
2010-11-25 02:30:00,2010-11-25 08:00:00,0.41986668,0.49984422
2010-11-25 02:30:00,2010-11-25 08:15:00,0.45013332,0.49232364
2010-11-25 02:30:00,2010-11-25 08:30:00,0.5382666,0.45969456
2010-11-25 02:30:00,2010-11-25 08:45:00,0.52199996,0.4322723
2010-11-25 02:30:00,2010-11-25 09:00:00,0.5829333,0.40932554
2010-11-25 02:30:00,2010-11-25 09:15:00,0.50146663,0.39127412
2010-11-25 02:30:00,2010-11-25 09:30:00,0.48426667,0.39241448
2010-11-25 02:30:00,2010-11-25 09:45:00,0.49666664,0.39373973
2010-11-25 02:30:00,2010-11-25 10:00:00,0.2016,0.3684355
2010-11-25 02:30:00,2010-11-25 10:15:00,0.17546663,0.38307312
2010-11-25 02:30:00,2010-11-25 10:30:00,0.21919997,0.40061688
2010-11-25 02:30:00,2010-11-25 10:45:00,0.18359996,0.37788278
2010-11-25 02:30:00,2010-11-25 11:00:00,0.1486666,0.36351648
2010-11-25 02:30:00,2010-11-25 11:15:00,0.27133337,0.38426247
2010-11-25 02:30:00,2010-11-25 11:30:00,0.14919999,0.38222116
2010-11-25 02:30:00,2010-11-25 11:45:00,0.15893327,0.36347285
2010-11-25 02:30:00,2010-11-25 12:00:00,0.28439996,0.3798031
2010-11-25 02:30:00,2010-11-25 12:15:00,0.12546663,0.38185695
2010-11-25 02:30:00,2010-11-25 12:30:00,0.21013331,0.35899615
2010-11-25 02:30:00,2010-11-25 12:45:00,0.9637333,0.34218487
2010-11-25 02:30:00,2010-11-25 13:00:00,0.4665333,0.35043103
2010-11-25 02:30:00,2010-11-25 13:15:00,0.68146664,0.32828358
2010-11-25 02:30:00,2010-11-25 13:30:00,0.59239995,0.33357602
2010-11-25 02:30:00,2010-11-25 13:45:00,0.47093332,0.3180672
2010-11-25 02:30:00,2010-11-25 14:00:00,0.48746666,0.3290369
2010-11-25 02:30:00,2010-11-25 14:15:00,0.3624,0.34126866
2010-11-25 02:30:00,2010-11-25 14:30:00,0.22466666,0.33288598
2010-11-25 02:30:00,2010-11-25 14:45:00,0.20759998,0.31730586
2010-11-25 02:30:00,2010-11-25 15:00:00,0.13346663,0.3020394
2010-11-25 02:30:00,2010-11-25 15:15:00,0.24533334,0.3184166
2010-11-25 02:30:00,2010-11-25 15:30:00,0.18573333,0.3379486
2010-11-25 02:30:00,2010-11-25 15:45:00,0.17186667,0.35208008
2010-11-25 02:30:00,2010-11-25 16:00:00,0.2068,0.36902213
2010-11-25 02:30:00,2010-11-25 16:15:00,0.19160001,0.34871784
2010-11-25 02:30:00,2010-11-25 16:30:00,0.21613333,0.39223656
2010-11-25 02:30:00,2010-11-25 16:45:00,0.13426666,0.3917317
2010-11-25 02:30:00,2010-11-25 17:00:00,0.26146665,0.3937818
2010-11-25 02:30:00,2010-11-25 17:15:00,0.29333332,0.39073476
2010-11-25 02:30:00,2010-11-25 17:30:00,0.41079998,0.42527816
2010-11-25 02:30:00,2010-11-25 17:45:00,0.54693335,0.41230196
2010-11-25 02:30:00,2010-11-25 18:00:00,0.45559996,0.47647753
2010-11-25 02:30:00,2010-11-25 18:15:00,0.5201333,0.52404034
2010-11-25 02:30:00,2010-11-25 18:30:00,0.5048,0.4978462
2010-11-25 02:30:00,2010-11-25 18:45:00,0.5197333,0.48359224
2010-11-25 02:30:00,2010-11-25 19:00:00,0.49173334,0.5522973
2010-11-25 02:30:00,2010-11-25 19:15:00,0.45293334,0.5445802
2010-11-25 02:30:00,2010-11-25 19:30:00,0.9118666,0.6285221
2010-11-25 02:30:00,2010-11-25 19:45:00,0.8441333,0.55869365
2010-11-25 02:30:00,2010-11-25 20:00:00,0.998,0.6891805
2010-11-25 02:30:00,2010-11-25 20:15:00,0.68106663,0.63541454
2010-11-25 02:30:00,2010-11-25 20:30:00,1.4341334,0.53303754
2010-11-25 02:30:00,2010-11-25 20:45:00,1.578,0.5391377
2010-11-25 02:30:00,2010-11-25 21:00:00,1.2,0.54230773
2010-11-25 02:30:00,2010-11-25 21:15:00,1.3104,0.5971148
2010-11-25 02:30:00,2010-11-25 21:30:00,1.3174667,0.6391402
2010-11-25 02:30:00,2010-11-25 21:45:00,1.2810667,0.5613161
2010-11-25 02:30:00,2010-11-25 22:00:00,1.2472,0.56426686
2010-11-25 02:30:00,2010-11-25 22:15:00,1.1254667,0.5303327
2010-11-25 02:30:00,2010-11-25 22:30:00,0.576,0.48786965
2010-11-25 02:30:00,2010-11-25 22:45:00,0.23026666,0.4621265
2010-11-25 02:30:00,2010-11-25 23:00:00,0.26066667,0.39926028
2010-11-25 02:30:00,2010-11-25 23:15:00,0.23133333,0.39338493
2010-11-25 02:30:00,2010-11-25 23:30:00,0.18306665,0.3937358
2010-11-25 02:30:00,2010-11-25 23:45:00,0.18919998,0.40165976
2010-11-25 02:30:00,2010-11-26 00:00:00,0.19199994,0.30549824
2010-11-25 02:30:00,2010-11-26 00:15:00,0.22466666,0.3045587
2010-11-25 02:30:00,2010-11-26 00:30:00,0.37253332,0.28382704
2010-11-25 02:30:00,2010-11-26 00:45:00,0.4332,0.31359082
2010-11-25 02:30:00,2010-11-26 01:00:00,0.364,0.307116
2010-11-25 02:30:00,2010-11-26 01:15:00,0.29279998,0.27991983
2010-11-25 02:30:00,2010-11-26 01:30:00,0.23013332,0.28971013
2010-11-25 02:30:00,2010-11-26 01:45:00,0.15,0.27972025
2010-11-25 02:30:00,2010-11-26 02:00:00,0.218,0.27723098
2010-11-25 02:30:00,2010-11-26 02:15:00,0.16026667,0.27758807
2010-11-25 02:45:00,2010-11-25 02:45:00,0.2104,0.2213202
2010-11-25 02:45:00,2010-11-25 03:00:00,0.16226667,0.22182977
2010-11-25 02:45:00,2010-11-25 03:15:00,0.23239999,0.21094519
2010-11-25 02:45:00,2010-11-25 03:30:00,0.17533332,0.21731873
2010-11-25 02:45:00,2010-11-25 03:45:00,0.16866666,0.22094941
2010-11-25 02:45:00,2010-11-25 04:00:00,0.27186665,0.22388817
2010-11-25 02:45:00,2010-11-25 04:15:00,0.12733333,0.23267312
2010-11-25 02:45:00,2010-11-25 04:30:00,0.18413332,0.23121895
2010-11-25 02:45:00,2010-11-25 04:45:00,0.25746667,0.23575664
2010-11-25 02:45:00,2010-11-25 05:00:00,0.12253332,0.23013002
2010-11-25 02:45:00,2010-11-25 05:15:00,0.2212,0.25128347
2010-11-25 02:45:00,2010-11-25 05:30:00,0.19066666,0.2674733
2010-11-25 02:45:00,2010-11-25 05:45:00,0.18533333,0.2671072
2010-11-25 02:45:00,2010-11-25 06:00:00,0.20133333,0.28681734
2010-11-25 02:45:00,2010-11-25 06:15:00,0.15693334,0.3155362
2010-11-25 02:45:00,2010-11-25 06:30:00,0.2681333,0.41836894
2010-11-25 02:45:00,2010-11-25 06:45:00,0.8534667,0.44067195
2010-11-25 02:45:00,2010-11-25 07:00:00,0.40053332,0.43659988
2010-11-25 02:45:00,2010-11-25 07:15:00,0.6062667,0.44826418
2010-11-25 02:45:00,2010-11-25 07:30:00,0.35653332,0.49396405
2010-11-25 02:45:00,2010-11-25 07:45:00,0.43866664,0.5152015
2010-11-25 02:45:00,2010-11-25 08:00:00,0.41986668,0.48842877
2010-11-25 02:45:00,2010-11-25 08:15:00,0.45013332,0.525132
2010-11-25 02:45:00,2010-11-25 08:30:00,0.5382666,0.44356763
2010-11-25 02:45:00,2010-11-25 08:45:00,0.52199996,0.43517393
2010-11-25 02:45:00,2010-11-25 09:00:00,0.5829333,0.3913115
2010-11-25 02:45:00,2010-11-25 09:15:00,0.50146663,0.38897675
2010-11-25 02:45:00,2010-11-25 09:30:00,0.48426667,0.38408807
2010-11-25 02:45:00,2010-11-25 09:45:00,0.49666664,0.38362783
2010-11-25 02:45:00,2010-11-25 10:00:00,0.2016,0.39171928
2010-11-25 02:45:00,2010-11-25 10:15:00,0.17546663,0.38407883
2010-11-25 02:45:00,2010-11-25 10:30:00,0.21919997,0.3830144
2010-11-25 02:45:00,2010-11-25 10:45:00,0.18359996,0.37598076
2010-11-25 02:45:00,2010-11-25 11:00:00,0.1486666,0.3848632
2010-11-25 02:45:00,2010-11-25 11:15:00,0.27133337,0.37498686
2010-11-25 02:45:00,2010-11-25 11:30:00,0.14919999,0.39003685
2010-11-25 02:45:00,2010-11-25 11:45:00,0.15893327,0.3783056
2010-11-25 02:45:00,2010-11-25 12:00:00,0.28439996,0.37416786
2010-11-25 02:45:00,2010-11-25 12:15:00,0.12546663,0.365911
2010-11-25 02:45:00,2010-11-25 12:30:00,0.21013331,0.35764146
2010-11-25 02:45:00,2010-11-25 12:45:00,0.9637333,0.34781095
2010-11-25 02:45:00,2010-11-25 13:00:00,0.4665333,0.34325892
2010-11-25 02:45:00,2010-11-25 13:15:00,0.68146664,0.3380193
2010-11-25 02:45:00,2010-11-25 13:30:00,0.59239995,0.32676625
2010-11-25 02:45:00,2010-11-25 13:45:00,0.47093332,0.3223827
2010-11-25 02:45:00,2010-11-25 14:00:00,0.48746666,0.32095787
2010-11-25 02:45:00,2010-11-25 14:15:00,0.3624,0.34612048
2010-11-25 02:45:00,2010-11-25 14:30:00,0.22466666,0.3143874
2010-11-25 02:45:00,2010-11-25 14:45:00,0.20759998,0.30435312
2010-11-25 02:45:00,2010-11-25 15:00:00,0.13346663,0.3153134
2010-11-25 02:45:00,2010-11-25 15:15:00,0.24533334,0.31738403
2010-11-25 02:45:00,2010-11-25 15:30:00,0.18573333,0.33021304
2010-11-25 02:45:00,2010-11-25 15:45:00,0.17186667,0.34714046
2010-11-25 02:45:00,2010-11-25 16:00:00,0.2068,0.37246096
2010-11-25 02:45:00,2010-11-25 16:15:00,0.19160001,0.35750207
2010-11-25 02:45:00,2010-11-25 16:30:00,0.21613333,0.39511573
2010-11-25 02:45:00,2010-11-25 16:45:00,0.13426666,0.3977504
2010-11-25 02:45:00,2010-11-25 17:00:00,0.26146665,0.41731378
2010-11-25 02:45:00,2010-11-25 17:15:00,0.29333332,0.39925444
2010-11-25 02:45:00,2010-11-25 17:30:00,0.41079998,0.41097245
2010-11-25 02:45:00,2010-11-25 17:45:00,0.54693335,0.4152088
2010-11-25 02:45:00,2010-11-25 18:00:00,0.45559996,0.4519631
2010-11-25 02:45:00,2010-11-25 18:15:00,0.5201333,0.5129278
2010-11-25 02:45:00,2010-11-25 18:30:00,0.5048,0.49225914
2010-11-25 02:45:00,2010-11-25 18:45:00,0.5197333,0.53183234
2010-11-25 02:45:00,2010-11-25 19:00:00,0.49173334,0.5850848
2010-11-25 02:45:00,2010-11-25 19:15:00,0.45293334,0.5757649
2010-11-25 02:45:00,2010-11-25 19:30:00,0.9118666,0.6456063
2010-11-25 02:45:00,2010-11-25 19:45:00,0.8441333,0.58574224
2010-11-25 02:45:00,2010-11-25 20:00:00,0.998,0.71241355
2010-11-25 02:45:00,2010-11-25 20:15:00,0.68106663,0.61448324
2010-11-25 02:45:00,2010-11-25 20:30:00,1.4341334,0.54490983
2010-11-25 02:45:00,2010-11-25 20:45:00,1.578,0.55172896
2010-11-25 02:45:00,2010-11-25 21:00:00,1.2,0.54553634
2010-11-25 02:45:00,2010-11-25 21:15:00,1.3104,0.54454756
2010-11-25 02:45:00,2010-11-25 21:30:00,1.3174667,0.62038356
2010-11-25 02:45:00,2010-11-25 21:45:00,1.2810667,0.5841344
2010-11-25 02:45:00,2010-11-25 22:00:00,1.2472,0.52340734
2010-11-25 02:45:00,2010-11-25 22:15:00,1.1254667,0.54868203
2010-11-25 02:45:00,2010-11-25 22:30:00,0.576,0.5125702
2010-11-25 02:45:00,2010-11-25 22:45:00,0.23026666,0.45558062
2010-11-25 02:45:00,2010-11-25 23:00:00,0.26066667,0.4199082
2010-11-25 02:45:00,2010-11-25 23:15:00,0.23133333,0.4042865
2010-11-25 02:45:00,2010-11-25 23:30:00,0.18306665,0.35066736
2010-11-25 02:45:00,2010-11-25 23:45:00,0.18919998,0.41388646
2010-11-25 02:45:00,2010-11-26 00:00:00,0.19199994,0.3103196
2010-11-25 02:45:00,2010-11-26 00:15:00,0.22466666,0.2896519
2010-11-25 02:45:00,2010-11-26 00:30:00,0.37253332,0.2898241
2010-11-25 02:45:00,2010-11-26 00:45:00,0.4332,0.31218183
2010-11-25 02:45:00,2010-11-26 01:00:00,0.364,0.2889203
2010-11-25 02:45:00,2010-11-26 01:15:00,0.29279998,0.2895626
2010-11-25 02:45:00,2010-11-26 01:30:00,0.23013332,0.29062662
2010-11-25 02:45:00,2010-11-26 01:45:00,0.15,0.2815825
2010-11-25 02:45:00,2010-11-26 02:00:00,0.218,0.2688965
2010-11-25 02:45:00,2010-11-26 02:15:00,0.16026667,0.27761212
2010-11-25 02:45:00,2010-11-26 02:30:00,0.21999998,0.2677957
2010-11-25 03:00:00,2010-11-25 03:00:00,0.16226667,0.22230874
2010-11-25 03:00:00,2010-11-25 03:15:00,0.23239999,0.21102233
2010-11-25 03:00:00,2010-11-25 03:30:00,0.17533332,0.2161617
2010-11-25 03:00:00,2010-11-25 03:45:00,0.16866666,0.22592963
2010-11-25 03:00:00,2010-11-25 04:00:00,0.27186665,0.2205073
2010-11-25 03:00:00,2010-11-25 04:15:00,0.12733333,0.2224224
2010-11-25 03:00:00,2010-11-25 04:30:00,0.18413332,0.22947009
2010-11-25 03:00:00,2010-11-25 04:45:00,0.25746667,0.2326943
2010-11-25 03:00:00,2010-11-25 05:00:00,0.12253332,0.2363419
2010-11-25 03:00:00,2010-11-25 05:15:00,0.2212,0.25455472
2010-11-25 03:00:00,2010-11-25 05:30:00,0.19066666,0.26169932
2010-11-25 03:00:00,2010-11-25 05:45:00,0.18533333,0.24894825
2010-11-25 03:00:00,2010-11-25 06:00:00,0.20133333,0.2986047
2010-11-25 03:00:00,2010-11-25 06:15:00,0.15693334,0.30307728
2010-11-25 03:00:00,2010-11-25 06:30:00,0.2681333,0.4277285
2010-11-25 03:00:00,2010-11-25 06:45:00,0.8534667,0.45524243
2010-11-25 03:00:00,2010-11-25 07:00:00,0.40053332,0.43877697
2010-11-25 03:00:00,2010-11-25 07:15:00,0.6062667,0.46890116
2010-11-25 03:00:00,2010-11-25 07:30:00,0.35653332,0.49921024
2010-11-25 03:00:00,2010-11-25 07:45:00,0.43866664,0.5315734
2010-11-25 03:00:00,2010-11-25 08:00:00,0.41986668,0.48178026
2010-11-25 03:00:00,2010-11-25 08:15:00,0.45013332,0.49112323
2010-11-25 03:00:00,2010-11-25 08:30:00,0.5382666,0.46124366
2010-11-25 03:00:00,2010-11-25 08:45:00,0.52199996,0.42301247
2010-11-25 03:00:00,2010-11-25 09:00:00,0.5829333,0.38883132
2010-11-25 03:00:00,2010-11-25 09:15:00,0.50146663,0.38520098
2010-11-25 03:00:00,2010-11-25 09:30:00,0.48426667,0.42591456
2010-11-25 03:00:00,2010-11-25 09:45:00,0.49666664,0.38496146
2010-11-25 03:00:00,2010-11-25 10:00:00,0.2016,0.35959518
2010-11-25 03:00:00,2010-11-25 10:15:00,0.17546663,0.39027652
2010-11-25 03:00:00,2010-11-25 10:30:00,0.21919997,0.39389545
2010-11-25 03:00:00,2010-11-25 10:45:00,0.18359996,0.3658847
2010-11-25 03:00:00,2010-11-25 11:00:00,0.1486666,0.36971238
2010-11-25 03:00:00,2010-11-25 11:15:00,0.27133337,0.36670735
2010-11-25 03:00:00,2010-11-25 11:30:00,0.14919999,0.37239102
2010-11-25 03:00:00,2010-11-25 11:45:00,0.15893327,0.37919557
2010-11-25 03:00:00,2010-11-25 12:00:00,0.28439996,0.3785313
2010-11-25 03:00:00,2010-11-25 12:15:00,0.12546663,0.36257815
2010-11-25 03:00:00,2010-11-25 12:30:00,0.21013331,0.35931283
2010-11-25 03:00:00,2010-11-25 12:45:00,0.9637333,0.3505735
2010-11-25 03:00:00,2010-11-25 13:00:00,0.4665333,0.35324663
2010-11-25 03:00:00,2010-11-25 13:15:00,0.68146664,0.33381727
2010-11-25 03:00:00,2010-11-25 13:30:00,0.59239995,0.32097226
2010-11-25 03:00:00,2010-11-25 13:45:00,0.47093332,0.3341833
2010-11-25 03:00:00,2010-11-25 14:00:00,0.48746666,0.33879226
2010-11-25 03:00:00,2010-11-25 14:15:00,0.3624,0.36443856
2010-11-25 03:00:00,2010-11-25 14:30:00,0.22466666,0.3336077
2010-11-25 03:00:00,2010-11-25 14:45:00,0.20759998,0.30699039
2010-11-25 03:00:00,2010-11-25 15:00:00,0.13346663,0.31150717
2010-11-25 03:00:00,2010-11-25 15:15:00,0.24533334,0.31034705
2010-11-25 03:00:00,2010-11-25 15:30:00,0.18573333,0.33463314
2010-11-25 03:00:00,2010-11-25 15:45:00,0.17186667,0.34816068
2010-11-25 03:00:00,2010-11-25 16:00:00,0.2068,0.36349323
2010-11-25 03:00:00,2010-11-25 16:15:00,0.19160001,0.35846695
2010-11-25 03:00:00,2010-11-25 16:30:00,0.21613333,0.3748047
2010-11-25 03:00:00,2010-11-25 16:45:00,0.13426666,0.39092562
2010-11-25 03:00:00,2010-11-25 17:00:00,0.26146665,0.38593543
2010-11-25 03:00:00,2010-11-25 17:15:00,0.29333332,0.41413328
2010-11-25 03:00:00,2010-11-25 17:30:00,0.41079998,0.42319724
2010-11-25 03:00:00,2010-11-25 17:45:00,0.54693335,0.4168426
2010-11-25 03:00:00,2010-11-25 18:00:00,0.45559996,0.45252934
2010-11-25 03:00:00,2010-11-25 18:15:00,0.5201333,0.5291169
2010-11-25 03:00:00,2010-11-25 18:30:00,0.5048,0.4948714
2010-11-25 03:00:00,2010-11-25 18:45:00,0.5197333,0.48610336
2010-11-25 03:00:00,2010-11-25 19:00:00,0.49173334,0.57374597
2010-11-25 03:00:00,2010-11-25 19:15:00,0.45293334,0.56146747
2010-11-25 03:00:00,2010-11-25 19:30:00,0.9118666,0.67998534
2010-11-25 03:00:00,2010-11-25 19:45:00,0.8441333,0.55900556
2010-11-25 03:00:00,2010-11-25 20:00:00,0.998,0.6863111
2010-11-25 03:00:00,2010-11-25 20:15:00,0.68106663,0.63970625
2010-11-25 03:00:00,2010-11-25 20:30:00,1.4341334,0.5484346
2010-11-25 03:00:00,2010-11-25 20:45:00,1.578,0.58538383
2010-11-25 03:00:00,2010-11-25 21:00:00,1.2,0.5428066
2010-11-25 03:00:00,2010-11-25 21:15:00,1.3104,0.5614955
2010-11-25 03:00:00,2010-11-25 21:30:00,1.3174667,0.5805205
2010-11-25 03:00:00,2010-11-25 21:45:00,1.2810667,0.5856294
2010-11-25 03:00:00,2010-11-25 22:00:00,1.2472,0.57391113
2010-11-25 03:00:00,2010-11-25 22:15:00,1.1254667,0.5181309
2010-11-25 03:00:00,2010-11-25 22:30:00,0.576,0.5003773
2010-11-25 03:00:00,2010-11-25 22:45:00,0.23026666,0.47867858
2010-11-25 03:00:00,2010-11-25 23:00:00,0.26066667,0.4172272
2010-11-25 03:00:00,2010-11-25 23:15:00,0.23133333,0.40525928
2010-11-25 03:00:00,2010-11-25 23:30:00,0.18306665,0.4188088
2010-11-25 03:00:00,2010-11-25 23:45:00,0.18919998,0.4048413
2010-11-25 03:00:00,2010-11-26 00:00:00,0.19199994,0.30843583
2010-11-25 03:00:00,2010-11-26 00:15:00,0.22466666,0.31239346
2010-11-25 03:00:00,2010-11-26 00:30:00,0.37253332,0.29461685
2010-11-25 03:00:00,2010-11-26 00:45:00,0.4332,0.28809965
2010-11-25 03:00:00,2010-11-26 01:00:00,0.364,0.28648815
2010-11-25 03:00:00,2010-11-26 01:15:00,0.29279998,0.2888359
2010-11-25 03:00:00,2010-11-26 01:30:00,0.23013332,0.29004857
2010-11-25 03:00:00,2010-11-26 01:45:00,0.15,0.27617723
2010-11-25 03:00:00,2010-11-26 02:00:00,0.218,0.2765119
2010-11-25 03:00:00,2010-11-26 02:15:00,0.16026667,0.27265555
2010-11-25 03:00:00,2010-11-26 02:30:00,0.21999998,0.27254012
2010-11-25 03:00:00,2010-11-26 02:45:00,0.16173334,0.2757966
2010-11-25 03:15:00,2010-11-25 03:15:00,0.23239999,0.20973384
2010-11-25 03:15:00,2010-11-25 03:30:00,0.17533332,0.21579652
2010-11-25 03:15:00,2010-11-25 03:45:00,0.16866666,0.21187885
2010-11-25 03:15:00,2010-11-25 04:00:00,0.27186665,0.22279392
2010-11-25 03:15:00,2010-11-25 04:15:00,0.12733333,0.22649759
2010-11-25 03:15:00,2010-11-25 04:30:00,0.18413332,0.21870622
2010-11-25 03:15:00,2010-11-25 04:45:00,0.25746667,0.23124243
2010-11-25 03:15:00,2010-11-25 05:00:00,0.12253332,0.22783807
2010-11-25 03:15:00,2010-11-25 05:15:00,0.2212,0.2563101
2010-11-25 03:15:00,2010-11-25 05:30:00,0.19066666,0.2555963
2010-11-25 03:15:00,2010-11-25 05:45:00,0.18533333,0.25679109
2010-11-25 03:15:00,2010-11-25 06:00:00,0.20133333,0.2800318
2010-11-25 03:15:00,2010-11-25 06:15:00,0.15693334,0.31160095
2010-11-25 03:15:00,2010-11-25 06:30:00,0.2681333,0.42811295
2010-11-25 03:15:00,2010-11-25 06:45:00,0.8534667,0.45215985
2010-11-25 03:15:00,2010-11-25 07:00:00,0.40053332,0.4358808
2010-11-25 03:15:00,2010-11-25 07:15:00,0.6062667,0.43106768
2010-11-25 03:15:00,2010-11-25 07:30:00,0.35653332,0.4921926
2010-11-25 03:15:00,2010-11-25 07:45:00,0.43866664,0.5138949
2010-11-25 03:15:00,2010-11-25 08:00:00,0.41986668,0.49617183
2010-11-25 03:15:00,2010-11-25 08:15:00,0.45013332,0.4816627
2010-11-25 03:15:00,2010-11-25 08:30:00,0.5382666,0.43387726
2010-11-25 03:15:00,2010-11-25 08:45:00,0.52199996,0.41859937
2010-11-25 03:15:00,2010-11-25 09:00:00,0.5829333,0.38809133
2010-11-25 03:15:00,2010-11-25 09:15:00,0.50146663,0.38274026
2010-11-25 03:15:00,2010-11-25 09:30:00,0.48426667,0.41024098
2010-11-25 03:15:00,2010-11-25 09:45:00,0.49666664,0.37956384
2010-11-25 03:15:00,2010-11-25 10:00:00,0.2016,0.37326866
2010-11-25 03:15:00,2010-11-25 10:15:00,0.17546663,0.37676436
2010-11-25 03:15:00,2010-11-25 10:30:00,0.21919997,0.38515326
2010-11-25 03:15:00,2010-11-25 10:45:00,0.18359996,0.36872178
2010-11-25 03:15:00,2010-11-25 11:00:00,0.1486666,0.36878604
2010-11-25 03:15:00,2010-11-25 11:15:00,0.27133337,0.3877542
2010-11-25 03:15:00,2010-11-25 11:30:00,0.14919999,0.37480262
2010-11-25 03:15:00,2010-11-25 11:45:00,0.15893327,0.36280483
2010-11-25 03:15:00,2010-11-25 12:00:00,0.28439996,0.38809004
2010-11-25 03:15:00,2010-11-25 12:15:00,0.12546663,0.36601576
2010-11-25 03:15:00,2010-11-25 12:30:00,0.21013331,0.3495245
2010-11-25 03:15:00,2010-11-25 12:45:00,0.9637333,0.3645595
2010-11-25 03:15:00,2010-11-25 13:00:00,0.4665333,0.3404496
2010-11-25 03:15:00,2010-11-25 13:15:00,0.68146664,0.3355896
2010-11-25 03:15:00,2010-11-25 13:30:00,0.59239995,0.3239106
2010-11-25 03:15:00,2010-11-25 13:45:00,0.47093332,0.31033263
2010-11-25 03:15:00,2010-11-25 14:00:00,0.48746666,0.32832262
2010-11-25 03:15:00,2010-11-25 14:15:00,0.3624,0.35177332
2010-11-25 03:15:00,2010-11-25 14:30:00,0.22466666,0.3097151
2010-11-25 03:15:00,2010-11-25 14:45:00,0.20759998,0.30666277
2010-11-25 03:15:00,2010-11-25 15:00:00,0.13346663,0.30611157
2010-11-25 03:15:00,2010-11-25 15:15:00,0.24533334,0.3040143
2010-11-25 03:15:00,2010-11-25 15:30:00,0.18573333,0.32673353
2010-11-25 03:15:00,2010-11-25 15:45:00,0.17186667,0.3339893
2010-11-25 03:15:00,2010-11-25 16:00:00,0.2068,0.35999718
2010-11-25 03:15:00,2010-11-25 16:15:00,0.19160001,0.36813378
2010-11-25 03:15:00,2010-11-25 16:30:00,0.21613333,0.3703648
2010-11-25 03:15:00,2010-11-25 16:45:00,0.13426666,0.38994843
2010-11-25 03:15:00,2010-11-25 17:00:00,0.26146665,0.38066566
2010-11-25 03:15:00,2010-11-25 17:15:00,0.29333332,0.4031609
2010-11-25 03:15:00,2010-11-25 17:30:00,0.41079998,0.41427344
2010-11-25 03:15:00,2010-11-25 17:45:00,0.54693335,0.42069113
2010-11-25 03:15:00,2010-11-25 18:00:00,0.45559996,0.42847228
2010-11-25 03:15:00,2010-11-25 18:15:00,0.5201333,0.51329666
2010-11-25 03:15:00,2010-11-25 18:30:00,0.5048,0.48171243
2010-11-25 03:15:00,2010-11-25 18:45:00,0.5197333,0.48048598
2010-11-25 03:15:00,2010-11-25 19:00:00,0.49173334,0.56575644
2010-11-25 03:15:00,2010-11-25 19:15:00,0.45293334,0.5659906
2010-11-25 03:15:00,2010-11-25 19:30:00,0.9118666,0.58448184
2010-11-25 03:15:00,2010-11-25 19:45:00,0.8441333,0.55267346
2010-11-25 03:15:00,2010-11-25 20:00:00,0.998,0.6649262
2010-11-25 03:15:00,2010-11-25 20:15:00,0.68106663,0.6460781
2010-11-25 03:15:00,2010-11-25 20:30:00,1.4341334,0.56592935
2010-11-25 03:15:00,2010-11-25 20:45:00,1.578,0.56298065
2010-11-25 03:15:00,2010-11-25 21:00:00,1.2,0.53799504
2010-11-25 03:15:00,2010-11-25 21:15:00,1.3104,0.55759037
2010-11-25 03:15:00,2010-11-25 21:30:00,1.3174667,0.596241
2010-11-25 03:15:00,2010-11-25 21:45:00,1.2810667,0.59293735
2010-11-25 03:15:00,2010-11-25 22:00:00,1.2472,0.5606789
2010-11-25 03:15:00,2010-11-25 22:15:00,1.1254667,0.5446202
2010-11-25 03:15:00,2010-11-25 22:30:00,0.576,0.4880862
2010-11-25 03:15:00,2010-11-25 22:45:00,0.23026666,0.4739822
2010-11-25 03:15:00,2010-11-25 23:00:00,0.26066667,0.40216306
2010-11-25 03:15:00,2010-11-25 23:15:00,0.23133333,0.40697807
2010-11-25 03:15:00,2010-11-25 23:30:00,0.18306665,0.4052713
2010-11-25 03:15:00,2010-11-25 23:45:00,0.18919998,0.42099985
2010-11-25 03:15:00,2010-11-26 00:00:00,0.19199994,0.31273845
2010-11-25 03:15:00,2010-11-26 00:15:00,0.22466666,0.29560494
2010-11-25 03:15:00,2010-11-26 00:30:00,0.37253332,0.30134222
2010-11-25 03:15:00,2010-11-26 00:45:00,0.4332,0.3031115
2010-11-25 03:15:00,2010-11-26 01:00:00,0.364,0.28022444
2010-11-25 03:15:00,2010-11-26 01:15:00,0.29279998,0.28802404
2010-11-25 03:15:00,2010-11-26 01:30:00,0.23013332,0.28340706
2010-11-25 03:15:00,2010-11-26 01:45:00,0.15,0.28517842
2010-11-25 03:15:00,2010-11-26 02:00:00,0.218,0.2632962
2010-11-25 03:15:00,2010-11-26 02:15:00,0.16026667,0.2798771
2010-11-25 03:15:00,2010-11-26 02:30:00,0.21999998,0.26955953
2010-11-25 03:15:00,2010-11-26 02:45:00,0.16173334,0.27441454
2010-11-25 03:15:00,2010-11-26 03:00:00,0.19933334,0.2753109
2010-11-25 03:30:00,2010-11-25 03:30:00,0.17533332,0.22152995
2010-11-25 03:30:00,2010-11-25 03:45:00,0.16866666,0.22053272
2010-11-25 03:30:00,2010-11-25 04:00:00,0.27186665,0.22847672
2010-11-25 03:30:00,2010-11-25 04:15:00,0.12733333,0.21406049
2010-11-25 03:30:00,2010-11-25 04:30:00,0.18413332,0.22067119
2010-11-25 03:30:00,2010-11-25 04:45:00,0.25746667,0.24010561
2010-11-25 03:30:00,2010-11-25 05:00:00,0.12253332,0.23397334
2010-11-25 03:30:00,2010-11-25 05:15:00,0.2212,0.2509604
2010-11-25 03:30:00,2010-11-25 05:30:00,0.19066666,0.2641038
2010-11-25 03:30:00,2010-11-25 05:45:00,0.18533333,0.25988293
2010-11-25 03:30:00,2010-11-25 06:00:00,0.20133333,0.29645333
2010-11-25 03:30:00,2010-11-25 06:15:00,0.15693334,0.30969578
2010-11-25 03:30:00,2010-11-25 06:30:00,0.2681333,0.43832803
2010-11-25 03:30:00,2010-11-25 06:45:00,0.8534667,0.44614196
2010-11-25 03:30:00,2010-11-25 07:00:00,0.40053332,0.4326921
2010-11-25 03:30:00,2010-11-25 07:15:00,0.6062667,0.4296174
2010-11-25 03:30:00,2010-11-25 07:30:00,0.35653332,0.4837269
2010-11-25 03:30:00,2010-11-25 07:45:00,0.43866664,0.5510529
2010-11-25 03:30:00,2010-11-25 08:00:00,0.41986668,0.497843
2010-11-25 03:30:00,2010-11-25 08:15:00,0.45013332,0.4971559
2010-11-25 03:30:00,2010-11-25 08:30:00,0.5382666,0.44932112
2010-11-25 03:30:00,2010-11-25 08:45:00,0.52199996,0.4613251
2010-11-25 03:30:00,2010-11-25 09:00:00,0.5829333,0.3985399
2010-11-25 03:30:00,2010-11-25 09:15:00,0.50146663,0.3825786
2010-11-25 03:30:00,2010-11-25 09:30:00,0.48426667,0.39650518
2010-11-25 03:30:00,2010-11-25 09:45:00,0.49666664,0.38106897
2010-11-25 03:30:00,2010-11-25 10:00:00,0.2016,0.3851805
2010-11-25 03:30:00,2010-11-25 10:15:00,0.17546663,0.38124424
2010-11-25 03:30:00,2010-11-25 10:30:00,0.21919997,0.39478043
2010-11-25 03:30:00,2010-11-25 10:45:00,0.18359996,0.3758167
2010-11-25 03:30:00,2010-11-25 11:00:00,0.1486666,0.3773016
2010-11-25 03:30:00,2010-11-25 11:15:00,0.27133337,0.36950493
2010-11-25 03:30:00,2010-11-25 11:30:00,0.14919999,0.37886012
2010-11-25 03:30:00,2010-11-25 11:45:00,0.15893327,0.36736676
2010-11-25 03:30:00,2010-11-25 12:00:00,0.28439996,0.36299914
2010-11-25 03:30:00,2010-11-25 12:15:00,0.12546663,0.3825442
2010-11-25 03:30:00,2010-11-25 12:30:00,0.21013331,0.3596697
2010-11-25 03:30:00,2010-11-25 12:45:00,0.9637333,0.34452188
2010-11-25 03:30:00,2010-11-25 13:00:00,0.4665333,0.33557725
2010-11-25 03:30:00,2010-11-25 13:15:00,0.68146664,0.32463086
2010-11-25 03:30:00,2010-11-25 13:30:00,0.59239995,0.32508376
2010-11-25 03:30:00,2010-11-25 13:45:00,0.47093332,0.3188993
2010-11-25 03:30:00,2010-11-25 14:00:00,0.48746666,0.3192645
2010-11-25 03:30:00,2010-11-25 14:15:00,0.3624,0.3746989
2010-11-25 03:30:00,2010-11-25 14:30:00,0.22466666,0.3293168
2010-11-25 03:30:00,2010-11-25 14:45:00,0.20759998,0.3023571
2010-11-25 03:30:00,2010-11-25 15:00:00,0.13346663,0.3192732
2010-11-25 03:30:00,2010-11-25 15:15:00,0.24533334,0.3129909
2010-11-25 03:30:00,2010-11-25 15:30:00,0.18573333,0.31232315
2010-11-25 03:30:00,2010-11-25 15:45:00,0.17186667,0.349688
2010-11-25 03:30:00,2010-11-25 16:00:00,0.2068,0.35007492
2010-11-25 03:30:00,2010-11-25 16:15:00,0.19160001,0.35410324
2010-11-25 03:30:00,2010-11-25 16:30:00,0.21613333,0.37723535
2010-11-25 03:30:00,2010-11-25 16:45:00,0.13426666,0.3815964
2010-11-25 03:30:00,2010-11-25 17:00:00,0.26146665,0.37691906
2010-11-25 03:30:00,2010-11-25 17:15:00,0.29333332,0.41100514
2010-11-25 03:30:00,2010-11-25 17:30:00,0.41079998,0.4162037
2010-11-25 03:30:00,2010-11-25 17:45:00,0.54693335,0.42563316
2010-11-25 03:30:00,2010-11-25 18:00:00,0.45559996,0.45432204
2010-11-25 03:30:00,2010-11-25 18:15:00,0.5201333,0.49070507
2010-11-25 03:30:00,2010-11-25 18:30:00,0.5048,0.47965276
2010-11-25 03:30:00,2010-11-25 18:45:00,0.5197333,0.48048362
2010-11-25 03:30:00,2010-11-25 19:00:00,0.49173334,0.5748453
2010-11-25 03:30:00,2010-11-25 19:15:00,0.45293334,0.5967815
2010-11-25 03:30:00,2010-11-25 19:30:00,0.9118666,0.6384346
2010-11-25 03:30:00,2010-11-25 19:45:00,0.8441333,0.57070076
2010-11-25 03:30:00,2010-11-25 20:00:00,0.998,0.68567497
2010-11-25 03:30:00,2010-11-25 20:15:00,0.68106663,0.63457984
2010-11-25 03:30:00,2010-11-25 20:30:00,1.4341334,0.5547624
2010-11-25 03:30:00,2010-11-25 20:45:00,1.578,0.58051854
2010-11-25 03:30:00,2010-11-25 21:00:00,1.2,0.5521482
2010-11-25 03:30:00,2010-11-25 21:15:00,1.3104,0.59421235
2010-11-25 03:30:00,2010-11-25 21:30:00,1.3174667,0.58970654
2010-11-25 03:30:00,2010-11-25 21:45:00,1.2810667,0.60219705
2010-11-25 03:30:00,2010-11-25 22:00:00,1.2472,0.5666418
2010-11-25 03:30:00,2010-11-25 22:15:00,1.1254667,0.53806746
2010-11-25 03:30:00,2010-11-25 22:30:00,0.576,0.48902082
2010-11-25 03:30:00,2010-11-25 22:45:00,0.23026666,0.4588508
2010-11-25 03:30:00,2010-11-25 23:00:00,0.26066667,0.42760196
2010-11-25 03:30:00,2010-11-25 23:15:00,0.23133333,0.40151182
2010-11-25 03:30:00,2010-11-25 23:30:00,0.18306665,0.3986718
2010-11-25 03:30:00,2010-11-25 23:45:00,0.18919998,0.42543575
2010-11-25 03:30:00,2010-11-26 00:00:00,0.19199994,0.30783135
2010-11-25 03:30:00,2010-11-26 00:15:00,0.22466666,0.3052237
2010-11-25 03:30:00,2010-11-26 00:30:00,0.37253332,0.29104698
2010-11-25 03:30:00,2010-11-26 00:45:00,0.4332,0.31094277
2010-11-25 03:30:00,2010-11-26 01:00:00,0.364,0.28345725
2010-11-25 03:30:00,2010-11-26 01:15:00,0.29279998,0.27318558
2010-11-25 03:30:00,2010-11-26 01:30:00,0.23013332,0.28244942
2010-11-25 03:30:00,2010-11-26 01:45:00,0.15,0.2842513
2010-11-25 03:30:00,2010-11-26 02:00:00,0.218,0.27784017
2010-11-25 03:30:00,2010-11-26 02:15:00,0.16026667,0.26599765
2010-11-25 03:30:00,2010-11-26 02:30:00,0.21999998,0.27553168
2010-11-25 03:30:00,2010-11-26 02:45:00,0.16173334,0.26535803
2010-11-25 03:30:00,2010-11-26 03:00:00,0.19933334,0.27885136
2010-11-25 03:30:00,2010-11-26 03:15:00,0.25893334,0.2660126
2010-11-25 03:45:00,2010-11-25 03:45:00,0.16866666,0.21339211
2010-11-25 03:45:00,2010-11-25 04:00:00,0.27186665,0.22534291
2010-11-25 03:45:00,2010-11-25 04:15:00,0.12733333,0.20919512
2010-11-25 03:45:00,2010-11-25 04:30:00,0.18413332,0.22927172
2010-11-25 03:45:00,2010-11-25 04:45:00,0.25746667,0.22615947
2010-11-25 03:45:00,2010-11-25 05:00:00,0.12253332,0.21880455
2010-11-25 03:45:00,2010-11-25 05:15:00,0.2212,0.24561433
2010-11-25 03:45:00,2010-11-25 05:30:00,0.19066666,0.24607237
2010-11-25 03:45:00,2010-11-25 05:45:00,0.18533333,0.2526306
2010-11-25 03:45:00,2010-11-25 06:00:00,0.20133333,0.29657492
2010-11-25 03:45:00,2010-11-25 06:15:00,0.15693334,0.31041452
2010-11-25 03:45:00,2010-11-25 06:30:00,0.2681333,0.436077
2010-11-25 03:45:00,2010-11-25 06:45:00,0.8534667,0.45641056
2010-11-25 03:45:00,2010-11-25 07:00:00,0.40053332,0.392924
2010-11-25 03:45:00,2010-11-25 07:15:00,0.6062667,0.43504006
2010-11-25 03:45:00,2010-11-25 07:30:00,0.35653332,0.4755744
2010-11-25 03:45:00,2010-11-25 07:45:00,0.43866664,0.5205691
2010-11-25 03:45:00,2010-11-25 08:00:00,0.41986668,0.4820291
2010-11-25 03:45:00,2010-11-25 08:15:00,0.45013332,0.4780672
2010-11-25 03:45:00,2010-11-25 08:30:00,0.5382666,0.44006357
2010-11-25 03:45:00,2010-11-25 08:45:00,0.52199996,0.42166758
2010-11-25 03:45:00,2010-11-25 09:00:00,0.5829333,0.3691537
2010-11-25 03:45:00,2010-11-25 09:15:00,0.50146663,0.38752764
2010-11-25 03:45:00,2010-11-25 09:30:00,0.48426667,0.39081404
2010-11-25 03:45:00,2010-11-25 09:45:00,0.49666664,0.37301382
2010-11-25 03:45:00,2010-11-25 10:00:00,0.2016,0.3629583
2010-11-25 03:45:00,2010-11-25 10:15:00,0.17546663,0.3988922
2010-11-25 03:45:00,2010-11-25 10:30:00,0.21919997,0.40494213
2010-11-25 03:45:00,2010-11-25 10:45:00,0.18359996,0.36015058
2010-11-25 03:45:00,2010-11-25 11:00:00,0.1486666,0.37673563
2010-11-25 03:45:00,2010-11-25 11:15:00,0.27133337,0.37188253
2010-11-25 03:45:00,2010-11-25 11:30:00,0.14919999,0.3775399
2010-11-25 03:45:00,2010-11-25 11:45:00,0.15893327,0.36520803
2010-11-25 03:45:00,2010-11-25 12:00:00,0.28439996,0.38198385
2010-11-25 03:45:00,2010-11-25 12:15:00,0.12546663,0.3546093
2010-11-25 03:45:00,2010-11-25 12:30:00,0.21013331,0.34942305
2010-11-25 03:45:00,2010-11-25 12:45:00,0.9637333,0.34245732
2010-11-25 03:45:00,2010-11-25 13:00:00,0.4665333,0.33851144
2010-11-25 03:45:00,2010-11-25 13:15:00,0.68146664,0.321089
2010-11-25 03:45:00,2010-11-25 13:30:00,0.59239995,0.32705638
2010-11-25 03:45:00,2010-11-25 13:45:00,0.47093332,0.3135462
2010-11-25 03:45:00,2010-11-25 14:00:00,0.48746666,0.33407068
2010-11-25 03:45:00,2010-11-25 14:15:00,0.3624,0.346105
2010-11-25 03:45:00,2010-11-25 14:30:00,0.22466666,0.33224472
2010-11-25 03:45:00,2010-11-25 14:45:00,0.20759998,0.30849084
2010-11-25 03:45:00,2010-11-25 15:00:00,0.13346663,0.29088706
2010-11-25 03:45:00,2010-11-25 15:15:00,0.24533334,0.31674138
2010-11-25 03:45:00,2010-11-25 15:30:00,0.18573333,0.3264797
2010-11-25 03:45:00,2010-11-25 15:45:00,0.17186667,0.36300755
2010-11-25 03:45:00,2010-11-25 16:00:00,0.2068,0.35395822
2010-11-25 03:45:00,2010-11-25 16:15:00,0.19160001,0.34782144
2010-11-25 03:45:00,2010-11-25 16:30:00,0.21613333,0.3576671
2010-11-25 03:45:00,2010-11-25 16:45:00,0.13426666,0.3795145
2010-11-25 03:45:00,2010-11-25 17:00:00,0.26146665,0.38701588
2010-11-25 03:45:00,2010-11-25 17:15:00,0.29333332,0.3789798
2010-11-25 03:45:00,2010-11-25 17:30:00,0.41079998,0.41210136
2010-11-25 03:45:00,2010-11-25 17:45:00,0.54693335,0.4168677
2010-11-25 03:45:00,2010-11-25 18:00:00,0.45559996,0.45423815
2010-11-25 03:45:00,2010-11-25 18:15:00,0.5201333,0.5018201
2010-11-25 03:45:00,2010-11-25 18:30:00,0.5048,0.5086365
2010-11-25 03:45:00,2010-11-25 18:45:00,0.5197333,0.47309625
2010-11-25 03:45:00,2010-11-25 19:00:00,0.49173334,0.55810356
2010-11-25 03:45:00,2010-11-25 19:15:00,0.45293334,0.5541753
2010-11-25 03:45:00,2010-11-25 19:30:00,0.9118666,0.6809096
2010-11-25 03:45:00,2010-11-25 19:45:00,0.8441333,0.5672509
2010-11-25 03:45:00,2010-11-25 20:00:00,0.998,0.6680592
2010-11-25 03:45:00,2010-11-25 20:15:00,0.68106663,0.62188137
2010-11-25 03:45:00,2010-11-25 20:30:00,1.4341334,0.5649748
2010-11-25 03:45:00,2010-11-25 20:45:00,1.578,0.5906156
2010-11-25 03:45:00,2010-11-25 21:00:00,1.2,0.5413458
2010-11-25 03:45:00,2010-11-25 21:15:00,1.3104,0.5896262
2010-11-25 03:45:00,2010-11-25 21:30:00,1.3174667,0.6269773
2010-11-25 03:45:00,2010-11-25 21:45:00,1.2810667,0.6050102
2010-11-25 03:45:00,2010-11-25 22:00:00,1.2472,0.5810516
2010-11-25 03:45:00,2010-11-25 22:15:00,1.1254667,0.546424
2010-11-25 03:45:00,2010-11-25 22:30:00,0.576,0.5103209
2010-11-25 03:45:00,2010-11-25 22:45:00,0.23026666,0.45833787
2010-11-25 03:45:00,2010-11-25 23:00:00,0.26066667,0.39796042
2010-11-25 03:45:00,2010-11-25 23:15:00,0.23133333,0.38571775
2010-11-25 03:45:00,2010-11-25 23:30:00,0.18306665,0.39992464
2010-11-25 03:45:00,2010-11-25 23:45:00,0.18919998,0.3954971
2010-11-25 03:45:00,2010-11-26 00:00:00,0.19199994,0.30700624
2010-11-25 03:45:00,2010-11-26 00:15:00,0.22466666,0.30387053
2010-11-25 03:45:00,2010-11-26 00:30:00,0.37253332,0.28949916
2010-11-25 03:45:00,2010-11-26 00:45:00,0.4332,0.29556793
2010-11-25 03:45:00,2010-11-26 01:00:00,0.364,0.29674336
2010-11-25 03:45:00,2010-11-26 01:15:00,0.29279998,0.28112322
2010-11-25 03:45:00,2010-11-26 01:30:00,0.23013332,0.27162433
2010-11-25 03:45:00,2010-11-26 01:45:00,0.15,0.295296
2010-11-25 03:45:00,2010-11-26 02:00:00,0.218,0.2694972
2010-11-25 03:45:00,2010-11-26 02:15:00,0.16026667,0.2864701
2010-11-25 03:45:00,2010-11-26 02:30:00,0.21999998,0.26189825
2010-11-25 03:45:00,2010-11-26 02:45:00,0.16173334,0.27139214
2010-11-25 03:45:00,2010-11-26 03:00:00,0.19933334,0.27057847
2010-11-25 03:45:00,2010-11-26 03:15:00,0.25893334,0.27075025
2010-11-25 03:45:00,2010-11-26 03:30:00,0.152,0.2812074
2010-11-25 04:00:00,2010-11-25 04:00:00,0.27186665,0.21816678
2010-11-25 04:00:00,2010-11-25 04:15:00,0.12733333,0.21205604
2010-11-25 04:00:00,2010-11-25 04:30:00,0.18413332,0.20583159
2010-11-25 04:00:00,2010-11-25 04:45:00,0.25746667,0.22961023
2010-11-25 04:00:00,2010-11-25 05:00:00,0.12253332,0.21929221
2010-11-25 04:00:00,2010-11-25 05:15:00,0.2212,0.22651757
2010-11-25 04:00:00,2010-11-25 05:30:00,0.19066666,0.2409932
2010-11-25 04:00:00,2010-11-25 05:45:00,0.18533333,0.24183513
2010-11-25 04:00:00,2010-11-25 06:00:00,0.20133333,0.28869334
2010-11-25 04:00:00,2010-11-25 06:15:00,0.15693334,0.31489965
2010-11-25 04:00:00,2010-11-25 06:30:00,0.2681333,0.44427603
2010-11-25 04:00:00,2010-11-25 06:45:00,0.8534667,0.4219244
2010-11-25 04:00:00,2010-11-25 07:00:00,0.40053332,0.40257484
2010-11-25 04:00:00,2010-11-25 07:15:00,0.6062667,0.4388345
2010-11-25 04:00:00,2010-11-25 07:30:00,0.35653332,0.48838374
2010-11-25 04:00:00,2010-11-25 07:45:00,0.43866664,0.53901887
2010-11-25 04:00:00,2010-11-25 08:00:00,0.41986668,0.4981108
2010-11-25 04:00:00,2010-11-25 08:15:00,0.45013332,0.5019274
2010-11-25 04:00:00,2010-11-25 08:30:00,0.5382666,0.43066466
2010-11-25 04:00:00,2010-11-25 08:45:00,0.52199996,0.4170247
2010-11-25 04:00:00,2010-11-25 09:00:00,0.5829333,0.38550726
2010-11-25 04:00:00,2010-11-25 09:15:00,0.50146663,0.3934014
2010-11-25 04:00:00,2010-11-25 09:30:00,0.48426667,0.38436592
2010-11-25 04:00:00,2010-11-25 09:45:00,0.49666664,0.3798124
2010-11-25 04:00:00,2010-11-25 10:00:00,0.2016,0.37050277
2010-11-25 04:00:00,2010-11-25 10:15:00,0.17546663,0.37962592
2010-11-25 04:00:00,2010-11-25 10:30:00,0.21919997,0.4219277
2010-11-25 04:00:00,2010-11-25 10:45:00,0.18359996,0.37379035
2010-11-25 04:00:00,2010-11-25 11:00:00,0.1486666,0.3747709
2010-11-25 04:00:00,2010-11-25 11:15:00,0.27133337,0.39569262
2010-11-25 04:00:00,2010-11-25 11:30:00,0.14919999,0.37928638
2010-11-25 04:00:00,2010-11-25 11:45:00,0.15893327,0.35957265
2010-11-25 04:00:00,2010-11-25 12:00:00,0.28439996,0.3534355
2010-11-25 04:00:00,2010-11-25 12:15:00,0.12546663,0.3568037
2010-11-25 04:00:00,2010-11-25 12:30:00,0.21013331,0.34817308
2010-11-25 04:00:00,2010-11-25 12:45:00,0.9637333,0.35797536
2010-11-25 04:00:00,2010-11-25 13:00:00,0.4665333,0.34207356
2010-11-25 04:00:00,2010-11-25 13:15:00,0.68146664,0.3246653
2010-11-25 04:00:00,2010-11-25 13:30:00,0.59239995,0.3220108
2010-11-25 04:00:00,2010-11-25 13:45:00,0.47093332,0.30066136
2010-11-25 04:00:00,2010-11-25 14:00:00,0.48746666,0.34038308
2010-11-25 04:00:00,2010-11-25 14:15:00,0.3624,0.36176565
2010-11-25 04:00:00,2010-11-25 14:30:00,0.22466666,0.32568154
2010-11-25 04:00:00,2010-11-25 14:45:00,0.20759998,0.2994887
2010-11-25 04:00:00,2010-11-25 15:00:00,0.13346663,0.29973152
2010-11-25 04:00:00,2010-11-25 15:15:00,0.24533334,0.30037478
2010-11-25 04:00:00,2010-11-25 15:30:00,0.18573333,0.31596446
2010-11-25 04:00:00,2010-11-25 15:45:00,0.17186667,0.3436822
2010-11-25 04:00:00,2010-11-25 16:00:00,0.2068,0.36019364
2010-11-25 04:00:00,2010-11-25 16:15:00,0.19160001,0.3535496
2010-11-25 04:00:00,2010-11-25 16:30:00,0.21613333,0.3746908
2010-11-25 04:00:00,2010-11-25 16:45:00,0.13426666,0.37535396
2010-11-25 04:00:00,2010-11-25 17:00:00,0.26146665,0.3666243
2010-11-25 04:00:00,2010-11-25 17:15:00,0.29333332,0.37890407
2010-11-25 04:00:00,2010-11-25 17:30:00,0.41079998,0.38881853
2010-11-25 04:00:00,2010-11-25 17:45:00,0.54693335,0.41638353
2010-11-25 04:00:00,2010-11-25 18:00:00,0.45559996,0.44815132
2010-11-25 04:00:00,2010-11-25 18:15:00,0.5201333,0.4806469
2010-11-25 04:00:00,2010-11-25 18:30:00,0.5048,0.46893185
2010-11-25 04:00:00,2010-11-25 18:45:00,0.5197333,0.4676939
2010-11-25 04:00:00,2010-11-25 19:00:00,0.49173334,0.59731996
2010-11-25 04:00:00,2010-11-25 19:15:00,0.45293334,0.5582311
2010-11-25 04:00:00,2010-11-25 19:30:00,0.9118666,0.6454692
2010-11-25 04:00:00,2010-11-25 19:45:00,0.8441333,0.57577956
2010-11-25 04:00:00,2010-11-25 20:00:00,0.998,0.6440589
2010-11-25 04:00:00,2010-11-25 20:15:00,0.68106663,0.6417412
2010-11-25 04:00:00,2010-11-25 20:30:00,1.4341334,0.5247543
2010-11-25 04:00:00,2010-11-25 20:45:00,1.578,0.5860458
2010-11-25 04:00:00,2010-11-25 21:00:00,1.2,0.5410137
2010-11-25 04:00:00,2010-11-25 21:15:00,1.3104,0.57967216
2010-11-25 04:00:00,2010-11-25 21:30:00,1.3174667,0.59900653
2010-11-25 04:00:00,2010-11-25 21:45:00,1.2810667,0.5750909
2010-11-25 04:00:00,2010-11-25 22:00:00,1.2472,0.59910345
2010-11-25 04:00:00,2010-11-25 22:15:00,1.1254667,0.5495464
2010-11-25 04:00:00,2010-11-25 22:30:00,0.576,0.5015308
2010-11-25 04:00:00,2010-11-25 22:45:00,0.23026666,0.47406855
2010-11-25 04:00:00,2010-11-25 23:00:00,0.26066667,0.41663185
2010-11-25 04:00:00,2010-11-25 23:15:00,0.23133333,0.40776163
2010-11-25 04:00:00,2010-11-25 23:30:00,0.18306665,0.384483
2010-11-25 04:00:00,2010-11-25 23:45:00,0.18919998,0.40362576
2010-11-25 04:00:00,2010-11-26 00:00:00,0.19199994,0.31783554
2010-11-25 04:00:00,2010-11-26 00:15:00,0.22466666,0.30875874
2010-11-25 04:00:00,2010-11-26 00:30:00,0.37253332,0.28455102
2010-11-25 04:00:00,2010-11-26 00:45:00,0.4332,0.30176672
2010-11-25 04:00:00,2010-11-26 01:00:00,0.364,0.29252586
2010-11-25 04:00:00,2010-11-26 01:15:00,0.29279998,0.2853042
2010-11-25 04:00:00,2010-11-26 01:30:00,0.23013332,0.27012816
2010-11-25 04:00:00,2010-11-26 01:45:00,0.15,0.2725074
2010-11-25 04:00:00,2010-11-26 02:00:00,0.218,0.26532063
2010-11-25 04:00:00,2010-11-26 02:15:00,0.16026667,0.26542622
2010-11-25 04:00:00,2010-11-26 02:30:00,0.21999998,0.27323234
2010-11-25 04:00:00,2010-11-26 02:45:00,0.16173334,0.26449198
2010-11-25 04:00:00,2010-11-26 03:00:00,0.19933334,0.27569732
2010-11-25 04:00:00,2010-11-26 03:15:00,0.25893334,0.2635166
2010-11-25 04:00:00,2010-11-26 03:30:00,0.152,0.27260983
2010-11-25 04:00:00,2010-11-26 03:45:00,0.24733332,0.26538453
2010-11-25 04:15:00,2010-11-25 04:15:00,0.12733333,0.21993336
2010-11-25 04:15:00,2010-11-25 04:30:00,0.18413332,0.2237635
2010-11-25 04:15:00,2010-11-25 04:45:00,0.25746667,0.23679936
2010-11-25 04:15:00,2010-11-25 05:00:00,0.12253332,0.22982287
2010-11-25 04:15:00,2010-11-25 05:15:00,0.2212,0.22690858
2010-11-25 04:15:00,2010-11-25 05:30:00,0.19066666,0.24676888
2010-11-25 04:15:00,2010-11-25 05:45:00,0.18533333,0.25485212
2010-11-25 04:15:00,2010-11-25 06:00:00,0.20133333,0.29673278
2010-11-25 04:15:00,2010-11-25 06:15:00,0.15693334,0.30763626
2010-11-25 04:15:00,2010-11-25 06:30:00,0.2681333,0.41135165
2010-11-25 04:15:00,2010-11-25 06:45:00,0.8534667,0.43919528
2010-11-25 04:15:00,2010-11-25 07:00:00,0.40053332,0.43931746
2010-11-25 04:15:00,2010-11-25 07:15:00,0.6062667,0.4383848
2010-11-25 04:15:00,2010-11-25 07:30:00,0.35653332,0.48785955
2010-11-25 04:15:00,2010-11-25 07:45:00,0.43866664,0.5231113
2010-11-25 04:15:00,2010-11-25 08:00:00,0.41986668,0.5135188
2010-11-25 04:15:00,2010-11-25 08:15:00,0.45013332,0.4906743
2010-11-25 04:15:00,2010-11-25 08:30:00,0.5382666,0.433717
2010-11-25 04:15:00,2010-11-25 08:45:00,0.52199996,0.42594534
2010-11-25 04:15:00,2010-11-25 09:00:00,0.5829333,0.36410698
2010-11-25 04:15:00,2010-11-25 09:15:00,0.50146663,0.3898204
2010-11-25 04:15:00,2010-11-25 09:30:00,0.48426667,0.40203205
2010-11-25 04:15:00,2010-11-25 09:45:00,0.49666664,0.38827598
2010-11-25 04:15:00,2010-11-25 10:00:00,0.2016,0.36973011
2010-11-25 04:15:00,2010-11-25 10:15:00,0.17546663,0.38124365
2010-11-25 04:15:00,2010-11-25 10:30:00,0.21919997,0.38694942
2010-11-25 04:15:00,2010-11-25 10:45:00,0.18359996,0.37806088
2010-11-25 04:15:00,2010-11-25 11:00:00,0.1486666,0.38198158
2010-11-25 04:15:00,2010-11-25 11:15:00,0.27133337,0.37862608
2010-11-25 04:15:00,2010-11-25 11:30:00,0.14919999,0.38796264
2010-11-25 04:15:00,2010-11-25 11:45:00,0.15893327,0.3808093
2010-11-25 04:15:00,2010-11-25 12:00:00,0.28439996,0.34734052
2010-11-25 04:15:00,2010-11-25 12:15:00,0.12546663,0.35277423
2010-11-25 04:15:00,2010-11-25 12:30:00,0.21013331,0.3530614
2010-11-25 04:15:00,2010-11-25 12:45:00,0.9637333,0.33400556
2010-11-25 04:15:00,2010-11-25 13:00:00,0.4665333,0.3445261
2010-11-25 04:15:00,2010-11-25 13:15:00,0.68146664,0.32832253
2010-11-25 04:15:00,2010-11-25 13:30:00,0.59239995,0.3231584
2010-11-25 04:15:00,2010-11-25 13:45:00,0.47093332,0.31253386
2010-11-25 04:15:00,2010-11-25 14:00:00,0.48746666,0.30887508
2010-11-25 04:15:00,2010-11-25 14:15:00,0.3624,0.36107045
2010-11-25 04:15:00,2010-11-25 14:30:00,0.22466666,0.33895507
2010-11-25 04:15:00,2010-11-25 14:45:00,0.20759998,0.30169135
2010-11-25 04:15:00,2010-11-25 15:00:00,0.13346663,0.30306044
2010-11-25 04:15:00,2010-11-25 15:15:00,0.24533334,0.31250528
2010-11-25 04:15:00,2010-11-25 15:30:00,0.18573333,0.31832024
2010-11-25 04:15:00,2010-11-25 15:45:00,0.17186667,0.3395951
2010-11-25 04:15:00,2010-11-25 16:00:00,0.2068,0.36743453
2010-11-25 04:15:00,2010-11-25 16:15:00,0.19160001,0.34217355
2010-11-25 04:15:00,2010-11-25 16:30:00,0.21613333,0.37225196
2010-11-25 04:15:00,2010-11-25 16:45:00,0.13426666,0.38816175
2010-11-25 04:15:00,2010-11-25 17:00:00,0.26146665,0.39569232
2010-11-25 04:15:00,2010-11-25 17:15:00,0.29333332,0.40129972
2010-11-25 04:15:00,2010-11-25 17:30:00,0.41079998,0.42028794
2010-11-25 04:15:00,2010-11-25 17:45:00,0.54693335,0.39849508
2010-11-25 04:15:00,2010-11-25 18:00:00,0.45559996,0.45623067
2010-11-25 04:15:00,2010-11-25 18:15:00,0.5201333,0.4938033
2010-11-25 04:15:00,2010-11-25 18:30:00,0.5048,0.46012542
2010-11-25 04:15:00,2010-11-25 18:45:00,0.5197333,0.4829682
2010-11-25 04:15:00,2010-11-25 19:00:00,0.49173334,0.5448413
2010-11-25 04:15:00,2010-11-25 19:15:00,0.45293334,0.55698967
2010-11-25 04:15:00,2010-11-25 19:30:00,0.9118666,0.6039692
2010-11-25 04:15:00,2010-11-25 19:45:00,0.8441333,0.5489642
2010-11-25 04:15:00,2010-11-25 20:00:00,0.998,0.6602815
2010-11-25 04:15:00,2010-11-25 20:15:00,0.68106663,0.60032874
2010-11-25 04:15:00,2010-11-25 20:30:00,1.4341334,0.5419604
2010-11-25 04:15:00,2010-11-25 20:45:00,1.578,0.55175686
2010-11-25 04:15:00,2010-11-25 21:00:00,1.2,0.54423404
2010-11-25 04:15:00,2010-11-25 21:15:00,1.3104,0.6120377
2010-11-25 04:15:00,2010-11-25 21:30:00,1.3174667,0.6237666
2010-11-25 04:15:00,2010-11-25 21:45:00,1.2810667,0.59304905
2010-11-25 04:15:00,2010-11-25 22:00:00,1.2472,0.5751515
2010-11-25 04:15:00,2010-11-25 22:15:00,1.1254667,0.5712432
2010-11-25 04:15:00,2010-11-25 22:30:00,0.576,0.52698344
2010-11-25 04:15:00,2010-11-25 22:45:00,0.23026666,0.4815264
2010-11-25 04:15:00,2010-11-25 23:00:00,0.26066667,0.41977364
2010-11-25 04:15:00,2010-11-25 23:15:00,0.23133333,0.39276278
2010-11-25 04:15:00,2010-11-25 23:30:00,0.18306665,0.3991114
2010-11-25 04:15:00,2010-11-25 23:45:00,0.18919998,0.4111289
2010-11-25 04:15:00,2010-11-26 00:00:00,0.19199994,0.30695662
2010-11-25 04:15:00,2010-11-26 00:15:00,0.22466666,0.3144385
2010-11-25 04:15:00,2010-11-26 00:30:00,0.37253332,0.29828438
2010-11-25 04:15:00,2010-11-26 00:45:00,0.4332,0.30775505
2010-11-25 04:15:00,2010-11-26 01:00:00,0.364,0.29121557
2010-11-25 04:15:00,2010-11-26 01:15:00,0.29279998,0.29075235
2010-11-25 04:15:00,2010-11-26 01:30:00,0.23013332,0.2844785
2010-11-25 04:15:00,2010-11-26 01:45:00,0.15,0.27699605
2010-11-25 04:15:00,2010-11-26 02:00:00,0.218,0.2713529
2010-11-25 04:15:00,2010-11-26 02:15:00,0.16026667,0.27096602
2010-11-25 04:15:00,2010-11-26 02:30:00,0.21999998,0.26345173
2010-11-25 04:15:00,2010-11-26 02:45:00,0.16173334,0.29016232
2010-11-25 04:15:00,2010-11-26 03:00:00,0.19933334,0.27232426
2010-11-25 04:15:00,2010-11-26 03:15:00,0.25893334,0.28048834
2010-11-25 04:15:00,2010-11-26 03:30:00,0.152,0.28535643
2010-11-25 04:15:00,2010-11-26 03:45:00,0.24733332,0.29255822
2010-11-25 04:15:00,2010-11-26 04:00:00,0.17426665,0.28222272
2010-11-25 04:30:00,2010-11-25 04:30:00,0.18413332,0.21678235
2010-11-25 04:30:00,2010-11-25 04:45:00,0.25746667,0.23418742
2010-11-25 04:30:00,2010-11-25 05:00:00,0.12253332,0.21450882
2010-11-25 04:30:00,2010-11-25 05:15:00,0.2212,0.22690895
2010-11-25 04:30:00,2010-11-25 05:30:00,0.19066666,0.25273132
2010-11-25 04:30:00,2010-11-25 05:45:00,0.18533333,0.24833313
2010-11-25 04:30:00,2010-11-25 06:00:00,0.20133333,0.26931047
2010-11-25 04:30:00,2010-11-25 06:15:00,0.15693334,0.29530448
2010-11-25 04:30:00,2010-11-25 06:30:00,0.2681333,0.42144832
2010-11-25 04:30:00,2010-11-25 06:45:00,0.8534667,0.43162516
2010-11-25 04:30:00,2010-11-25 07:00:00,0.40053332,0.4331309
2010-11-25 04:30:00,2010-11-25 07:15:00,0.6062667,0.4339405
2010-11-25 04:30:00,2010-11-25 07:30:00,0.35653332,0.5212641
2010-11-25 04:30:00,2010-11-25 07:45:00,0.43866664,0.51246256
2010-11-25 04:30:00,2010-11-25 08:00:00,0.41986668,0.48141792
2010-11-25 04:30:00,2010-11-25 08:15:00,0.45013332,0.46864408
2010-11-25 04:30:00,2010-11-25 08:30:00,0.5382666,0.44473198
2010-11-25 04:30:00,2010-11-25 08:45:00,0.52199996,0.4337761
2010-11-25 04:30:00,2010-11-25 09:00:00,0.5829333,0.38094097
2010-11-25 04:30:00,2010-11-25 09:15:00,0.50146663,0.37600547
2010-11-25 04:30:00,2010-11-25 09:30:00,0.48426667,0.3794558
2010-11-25 04:30:00,2010-11-25 09:45:00,0.49666664,0.36506867
2010-11-25 04:30:00,2010-11-25 10:00:00,0.2016,0.37711787
2010-11-25 04:30:00,2010-11-25 10:15:00,0.17546663,0.3859539
2010-11-25 04:30:00,2010-11-25 10:30:00,0.21919997,0.38913995
2010-11-25 04:30:00,2010-11-25 10:45:00,0.18359996,0.37537664
2010-11-25 04:30:00,2010-11-25 11:00:00,0.1486666,0.37557167
2010-11-25 04:30:00,2010-11-25 11:15:00,0.27133337,0.39110398
2010-11-25 04:30:00,2010-11-25 11:30:00,0.14919999,0.3617375
2010-11-25 04:30:00,2010-11-25 11:45:00,0.15893327,0.37565175
2010-11-25 04:30:00,2010-11-25 12:00:00,0.28439996,0.35709748
2010-11-25 04:30:00,2010-11-25 12:15:00,0.12546663,0.350783
2010-11-25 04:30:00,2010-11-25 12:30:00,0.21013331,0.35524207
2010-11-25 04:30:00,2010-11-25 12:45:00,0.9637333,0.3458906
2010-11-25 04:30:00,2010-11-25 13:00:00,0.4665333,0.3257258
2010-11-25 04:30:00,2010-11-25 13:15:00,0.68146664,0.31709307
2010-11-25 04:30:00,2010-11-25 13:30:00,0.59239995,0.31844348
2010-11-25 04:30:00,2010-11-25 13:45:00,0.47093332,0.29805124
2010-11-25 04:30:00,2010-11-25 14:00:00,0.48746666,0.32139972
2010-11-25 04:30:00,2010-11-25 14:15:00,0.3624,0.3449572
2010-11-25 04:30:00,2010-11-25 14:30:00,0.22466666,0.3208443
2010-11-25 04:30:00,2010-11-25 14:45:00,0.20759998,0.3127097
2010-11-25 04:30:00,2010-11-25 15:00:00,0.13346663,0.30198157
2010-11-25 04:30:00,2010-11-25 15:15:00,0.24533334,0.3067526
2010-11-25 04:30:00,2010-11-25 15:30:00,0.18573333,0.3132209
2010-11-25 04:30:00,2010-11-25 15:45:00,0.17186667,0.32658902
2010-11-25 04:30:00,2010-11-25 16:00:00,0.2068,0.34959552
2010-11-25 04:30:00,2010-11-25 16:15:00,0.19160001,0.34921876
2010-11-25 04:30:00,2010-11-25 16:30:00,0.21613333,0.36768368
2010-11-25 04:30:00,2010-11-25 16:45:00,0.13426666,0.39593962
2010-11-25 04:30:00,2010-11-25 17:00:00,0.26146665,0.39358208
2010-11-25 04:30:00,2010-11-25 17:15:00,0.29333332,0.38562974
2010-11-25 04:30:00,2010-11-25 17:30:00,0.41079998,0.41069987
2010-11-25 04:30:00,2010-11-25 17:45:00,0.54693335,0.42044076
2010-11-25 04:30:00,2010-11-25 18:00:00,0.45559996,0.43929464
2010-11-25 04:30:00,2010-11-25 18:15:00,0.5201333,0.5000101
2010-11-25 04:30:00,2010-11-25 18:30:00,0.5048,0.48874176
2010-11-25 04:30:00,2010-11-25 18:45:00,0.5197333,0.47602144
2010-11-25 04:30:00,2010-11-25 19:00:00,0.49173334,0.55353403
2010-11-25 04:30:00,2010-11-25 19:15:00,0.45293334,0.5833991
2010-11-25 04:30:00,2010-11-25 19:30:00,0.9118666,0.65734327
2010-11-25 04:30:00,2010-11-25 19:45:00,0.8441333,0.57048553
2010-11-25 04:30:00,2010-11-25 20:00:00,0.998,0.65518826
2010-11-25 04:30:00,2010-11-25 20:15:00,0.68106663,0.6398266
2010-11-25 04:30:00,2010-11-25 20:30:00,1.4341334,0.58038574
2010-11-25 04:30:00,2010-11-25 20:45:00,1.578,0.57154024
2010-11-25 04:30:00,2010-11-25 21:00:00,1.2,0.51916885
2010-11-25 04:30:00,2010-11-25 21:15:00,1.3104,0.60300285
2010-11-25 04:30:00,2010-11-25 21:30:00,1.3174667,0.639911
2010-11-25 04:30:00,2010-11-25 21:45:00,1.2810667,0.59546256
2010-11-25 04:30:00,2010-11-25 22:00:00,1.2472,0.5735567
2010-11-25 04:30:00,2010-11-25 22:15:00,1.1254667,0.5388849
2010-11-25 04:30:00,2010-11-25 22:30:00,0.576,0.5098947
2010-11-25 04:30:00,2010-11-25 22:45:00,0.23026666,0.47292173
2010-11-25 04:30:00,2010-11-25 23:00:00,0.26066667,0.41446903
2010-11-25 04:30:00,2010-11-25 23:15:00,0.23133333,0.4216296
2010-11-25 04:30:00,2010-11-25 23:30:00,0.18306665,0.3964344
2010-11-25 04:30:00,2010-11-25 23:45:00,0.18919998,0.40981048
2010-11-25 04:30:00,2010-11-26 00:00:00,0.19199994,0.30597928
2010-11-25 04:30:00,2010-11-26 00:15:00,0.22466666,0.31145146
2010-11-25 04:30:00,2010-11-26 00:30:00,0.37253332,0.28175235
2010-11-25 04:30:00,2010-11-26 00:45:00,0.4332,0.3035154
2010-11-25 04:30:00,2010-11-26 01:00:00,0.364,0.29739165
2010-11-25 04:30:00,2010-11-26 01:15:00,0.29279998,0.27604082
2010-11-25 04:30:00,2010-11-26 01:30:00,0.23013332,0.28265753
2010-11-25 04:30:00,2010-11-26 01:45:00,0.15,0.28925857
2010-11-25 04:30:00,2010-11-26 02:00:00,0.218,0.26861218
2010-11-25 04:30:00,2010-11-26 02:15:00,0.16026667,0.27006003
2010-11-25 04:30:00,2010-11-26 02:30:00,0.21999998,0.2781373
2010-11-25 04:30:00,2010-11-26 02:45:00,0.16173334,0.26373586
2010-11-25 04:30:00,2010-11-26 03:00:00,0.19933334,0.27755362
2010-11-25 04:30:00,2010-11-26 03:15:00,0.25893334,0.27096286
2010-11-25 04:30:00,2010-11-26 03:30:00,0.152,0.27783528
2010-11-25 04:30:00,2010-11-26 03:45:00,0.24733332,0.27612382
2010-11-25 04:30:00,2010-11-26 04:00:00,0.17426665,0.276931
2010-11-25 04:30:00,2010-11-26 04:15:00,0.19359998,0.27332997
2010-11-25 04:45:00,2010-11-25 04:45:00,0.25746667,0.23084208
2010-11-25 04:45:00,2010-11-25 05:00:00,0.12253332,0.21010403
2010-11-25 04:45:00,2010-11-25 05:15:00,0.2212,0.22344762
2010-11-25 04:45:00,2010-11-25 05:30:00,0.19066666,0.24556519
2010-11-25 04:45:00,2010-11-25 05:45:00,0.18533333,0.23842746
2010-11-25 04:45:00,2010-11-25 06:00:00,0.20133333,0.29628336
2010-11-25 04:45:00,2010-11-25 06:15:00,0.15693334,0.28106424
2010-11-25 04:45:00,2010-11-25 06:30:00,0.2681333,0.4196085
2010-11-25 04:45:00,2010-11-25 06:45:00,0.8534667,0.42066607
2010-11-25 04:45:00,2010-11-25 07:00:00,0.40053332,0.4304876
2010-11-25 04:45:00,2010-11-25 07:15:00,0.6062667,0.42171893
2010-11-25 04:45:00,2010-11-25 07:30:00,0.35653332,0.49605146
2010-11-25 04:45:00,2010-11-25 07:45:00,0.43866664,0.5281805
2010-11-25 04:45:00,2010-11-25 08:00:00,0.41986668,0.50611097
2010-11-25 04:45:00,2010-11-25 08:15:00,0.45013332,0.45993823
2010-11-25 04:45:00,2010-11-25 08:30:00,0.5382666,0.44337055
2010-11-25 04:45:00,2010-11-25 08:45:00,0.52199996,0.41434708
2010-11-25 04:45:00,2010-11-25 09:00:00,0.5829333,0.37240252
2010-11-25 04:45:00,2010-11-25 09:15:00,0.50146663,0.38346612
2010-11-25 04:45:00,2010-11-25 09:30:00,0.48426667,0.40549114
2010-11-25 04:45:00,2010-11-25 09:45:00,0.49666664,0.36458337
2010-11-25 04:45:00,2010-11-25 10:00:00,0.2016,0.3787675
2010-11-25 04:45:00,2010-11-25 10:15:00,0.17546663,0.382306
2010-11-25 04:45:00,2010-11-25 10:30:00,0.21919997,0.3801181
2010-11-25 04:45:00,2010-11-25 10:45:00,0.18359996,0.3735987
2010-11-25 04:45:00,2010-11-25 11:00:00,0.1486666,0.3525916
2010-11-25 04:45:00,2010-11-25 11:15:00,0.27133337,0.38225704
2010-11-25 04:45:00,2010-11-25 11:30:00,0.14919999,0.378746
2010-11-25 04:45:00,2010-11-25 11:45:00,0.15893327,0.3679042
2010-11-25 04:45:00,2010-11-25 12:00:00,0.28439996,0.39282882
2010-11-25 04:45:00,2010-11-25 12:15:00,0.12546663,0.3659963
2010-11-25 04:45:00,2010-11-25 12:30:00,0.21013331,0.34767285
2010-11-25 04:45:00,2010-11-25 12:45:00,0.9637333,0.34323487
2010-11-25 04:45:00,2010-11-25 13:00:00,0.4665333,0.33756623
2010-11-25 04:45:00,2010-11-25 13:15:00,0.68146664,0.3172736
2010-11-25 04:45:00,2010-11-25 13:30:00,0.59239995,0.3230572
2010-11-25 04:45:00,2010-11-25 13:45:00,0.47093332,0.30566904
2010-11-25 04:45:00,2010-11-25 14:00:00,0.48746666,0.31792077
2010-11-25 04:45:00,2010-11-25 14:15:00,0.3624,0.33372793
2010-11-25 04:45:00,2010-11-25 14:30:00,0.22466666,0.31858462
2010-11-25 04:45:00,2010-11-25 14:45:00,0.20759998,0.3031046
2010-11-25 04:45:00,2010-11-25 15:00:00,0.13346663,0.29295087
2010-11-25 04:45:00,2010-11-25 15:15:00,0.24533334,0.30082577
2010-11-25 04:45:00,2010-11-25 15:30:00,0.18573333,0.31147078
2010-11-25 04:45:00,2010-11-25 15:45:00,0.17186667,0.3259582
2010-11-25 04:45:00,2010-11-25 16:00:00,0.2068,0.34613863
2010-11-25 04:45:00,2010-11-25 16:15:00,0.19160001,0.3344211
2010-11-25 04:45:00,2010-11-25 16:30:00,0.21613333,0.35417894
2010-11-25 04:45:00,2010-11-25 16:45:00,0.13426666,0.39354897
2010-11-25 04:45:00,2010-11-25 17:00:00,0.26146665,0.38220087
2010-11-25 04:45:00,2010-11-25 17:15:00,0.29333332,0.3886272
2010-11-25 04:45:00,2010-11-25 17:30:00,0.41079998,0.39651743
2010-11-25 04:45:00,2010-11-25 17:45:00,0.54693335,0.39194903
2010-11-25 04:45:00,2010-11-25 18:00:00,0.45559996,0.44126529
2010-11-25 04:45:00,2010-11-25 18:15:00,0.5201333,0.48752075
2010-11-25 04:45:00,2010-11-25 18:30:00,0.5048,0.47213027
2010-11-25 04:45:00,2010-11-25 18:45:00,0.5197333,0.48603538
2010-11-25 04:45:00,2010-11-25 19:00:00,0.49173334,0.5623034
2010-11-25 04:45:00,2010-11-25 19:15:00,0.45293334,0.55318356
2010-11-25 04:45:00,2010-11-25 19:30:00,0.9118666,0.62008196
2010-11-25 04:45:00,2010-11-25 19:45:00,0.8441333,0.5480912
2010-11-25 04:45:00,2010-11-25 20:00:00,0.998,0.6712281
2010-11-25 04:45:00,2010-11-25 20:15:00,0.68106663,0.63928074
2010-11-25 04:45:00,2010-11-25 20:30:00,1.4341334,0.5726442
2010-11-25 04:45:00,2010-11-25 20:45:00,1.578,0.5771698
2010-11-25 04:45:00,2010-11-25 21:00:00,1.2,0.5606492
2010-11-25 04:45:00,2010-11-25 21:15:00,1.3104,0.571088
2010-11-25 04:45:00,2010-11-25 21:30:00,1.3174667,0.5946099
2010-11-25 04:45:00,2010-11-25 21:45:00,1.2810667,0.62733865
2010-11-25 04:45:00,2010-11-25 22:00:00,1.2472,0.56819767
2010-11-25 04:45:00,2010-11-25 22:15:00,1.1254667,0.5540616
2010-11-25 04:45:00,2010-11-25 22:30:00,0.576,0.48673922
2010-11-25 04:45:00,2010-11-25 22:45:00,0.23026666,0.48086163
2010-11-25 04:45:00,2010-11-25 23:00:00,0.26066667,0.40703145
2010-11-25 04:45:00,2010-11-25 23:15:00,0.23133333,0.400566
2010-11-25 04:45:00,2010-11-25 23:30:00,0.18306665,0.41107056
2010-11-25 04:45:00,2010-11-25 23:45:00,0.18919998,0.41521898
2010-11-25 04:45:00,2010-11-26 00:00:00,0.19199994,0.30761647
2010-11-25 04:45:00,2010-11-26 00:15:00,0.22466666,0.30894864
2010-11-25 04:45:00,2010-11-26 00:30:00,0.37253332,0.30362728
2010-11-25 04:45:00,2010-11-26 00:45:00,0.4332,0.29436153
2010-11-25 04:45:00,2010-11-26 01:00:00,0.364,0.3067603
2010-11-25 04:45:00,2010-11-26 01:15:00,0.29279998,0.2874125
2010-11-25 04:45:00,2010-11-26 01:30:00,0.23013332,0.28046286
2010-11-25 04:45:00,2010-11-26 01:45:00,0.15,0.2931549
2010-11-25 04:45:00,2010-11-26 02:00:00,0.218,0.28010377
2010-11-25 04:45:00,2010-11-26 02:15:00,0.16026667,0.27002975
2010-11-25 04:45:00,2010-11-26 02:30:00,0.21999998,0.25777408
2010-11-25 04:45:00,2010-11-26 02:45:00,0.16173334,0.2634463
2010-11-25 04:45:00,2010-11-26 03:00:00,0.19933334,0.2680292
2010-11-25 04:45:00,2010-11-26 03:15:00,0.25893334,0.27072966
2010-11-25 04:45:00,2010-11-26 03:30:00,0.152,0.27062723
2010-11-25 04:45:00,2010-11-26 03:45:00,0.24733332,0.27621365
2010-11-25 04:45:00,2010-11-26 04:00:00,0.17426665,0.26965716
2010-11-25 04:45:00,2010-11-26 04:15:00,0.19359998,0.2727376
2010-11-25 04:45:00,2010-11-26 04:30:00,0.16853333,0.2791558
2010-11-25 05:00:00,2010-11-25 05:00:00,0.12253332,0.2172862
2010-11-25 05:00:00,2010-11-25 05:15:00,0.2212,0.22315338
2010-11-25 05:00:00,2010-11-25 05:30:00,0.19066666,0.25112352
2010-11-25 05:00:00,2010-11-25 05:45:00,0.18533333,0.24139492
2010-11-25 05:00:00,2010-11-25 06:00:00,0.20133333,0.28480238
2010-11-25 05:00:00,2010-11-25 06:15:00,0.15693334,0.30893356
2010-11-25 05:00:00,2010-11-25 06:30:00,0.2681333,0.42150268
2010-11-25 05:00:00,2010-11-25 06:45:00,0.8534667,0.4181514
2010-11-25 05:00:00,2010-11-25 07:00:00,0.40053332,0.43328616
2010-11-25 05:00:00,2010-11-25 07:15:00,0.6062667,0.4374685
2010-11-25 05:00:00,2010-11-25 07:30:00,0.35653332,0.49823892
2010-11-25 05:00:00,2010-11-25 07:45:00,0.43866664,0.49803573
2010-11-25 05:00:00,2010-11-25 08:00:00,0.41986668,0.505246
2010-11-25 05:00:00,2010-11-25 08:15:00,0.45013332,0.47618112
2010-11-25 05:00:00,2010-11-25 08:30:00,0.5382666,0.43938708
2010-11-25 05:00:00,2010-11-25 08:45:00,0.52199996,0.40921444
2010-11-25 05:00:00,2010-11-25 09:00:00,0.5829333,0.38759816
2010-11-25 05:00:00,2010-11-25 09:15:00,0.50146663,0.3641198
2010-11-25 05:00:00,2010-11-25 09:30:00,0.48426667,0.38743168
2010-11-25 05:00:00,2010-11-25 09:45:00,0.49666664,0.36395535
2010-11-25 05:00:00,2010-11-25 10:00:00,0.2016,0.35724077
2010-11-25 05:00:00,2010-11-25 10:15:00,0.17546663,0.37741354
2010-11-25 05:00:00,2010-11-25 10:30:00,0.21919997,0.40941945
2010-11-25 05:00:00,2010-11-25 10:45:00,0.18359996,0.36822772
2010-11-25 05:00:00,2010-11-25 11:00:00,0.1486666,0.36508656
2010-11-25 05:00:00,2010-11-25 11:15:00,0.27133337,0.37207803
2010-11-25 05:00:00,2010-11-25 11:30:00,0.14919999,0.38643703
2010-11-25 05:00:00,2010-11-25 11:45:00,0.15893327,0.38177547
2010-11-25 05:00:00,2010-11-25 12:00:00,0.28439996,0.3747674
2010-11-25 05:00:00,2010-11-25 12:15:00,0.12546663,0.36425087
2010-11-25 05:00:00,2010-11-25 12:30:00,0.21013331,0.35140836
2010-11-25 05:00:00,2010-11-25 12:45:00,0.9637333,0.35006076
2010-11-25 05:00:00,2010-11-25 13:00:00,0.4665333,0.33507854
2010-11-25 05:00:00,2010-11-25 13:15:00,0.68146664,0.32199174
2010-11-25 05:00:00,2010-11-25 13:30:00,0.59239995,0.3039022
2010-11-25 05:00:00,2010-11-25 13:45:00,0.47093332,0.31014717
2010-11-25 05:00:00,2010-11-25 14:00:00,0.48746666,0.3265627
2010-11-25 05:00:00,2010-11-25 14:15:00,0.3624,0.33267918
2010-11-25 05:00:00,2010-11-25 14:30:00,0.22466666,0.31845117
2010-11-25 05:00:00,2010-11-25 14:45:00,0.20759998,0.29923087
2010-11-25 05:00:00,2010-11-25 15:00:00,0.13346663,0.31751457
2010-11-25 05:00:00,2010-11-25 15:15:00,0.24533334,0.30849192
2010-11-25 05:00:00,2010-11-25 15:30:00,0.18573333,0.31557098
2010-11-25 05:00:00,2010-11-25 15:45:00,0.17186667,0.34109318
2010-11-25 05:00:00,2010-11-25 16:00:00,0.2068,0.36450988
2010-11-25 05:00:00,2010-11-25 16:15:00,0.19160001,0.33106232
2010-11-25 05:00:00,2010-11-25 16:30:00,0.21613333,0.35971862
2010-11-25 05:00:00,2010-11-25 16:45:00,0.13426666,0.36530322
2010-11-25 05:00:00,2010-11-25 17:00:00,0.26146665,0.3861926
2010-11-25 05:00:00,2010-11-25 17:15:00,0.29333332,0.3915649
2010-11-25 05:00:00,2010-11-25 17:30:00,0.41079998,0.40916988
2010-11-25 05:00:00,2010-11-25 17:45:00,0.54693335,0.40609863
2010-11-25 05:00:00,2010-11-25 18:00:00,0.45559996,0.45593426
2010-11-25 05:00:00,2010-11-25 18:15:00,0.5201333,0.49924853
2010-11-25 05:00:00,2010-11-25 18:30:00,0.5048,0.48642182
2010-11-25 05:00:00,2010-11-25 18:45:00,0.5197333,0.4730387
2010-11-25 05:00:00,2010-11-25 19:00:00,0.49173334,0.5572444
2010-11-25 05:00:00,2010-11-25 19:15:00,0.45293334,0.5548026
2010-11-25 05:00:00,2010-11-25 19:30:00,0.9118666,0.6276508
2010-11-25 05:00:00,2010-11-25 19:45:00,0.8441333,0.56483215
2010-11-25 05:00:00,2010-11-25 20:00:00,0.998,0.6558778
2010-11-25 05:00:00,2010-11-25 20:15:00,0.68106663,0.6449383
2010-11-25 05:00:00,2010-11-25 20:30:00,1.4341334,0.5676387
2010-11-25 05:00:00,2010-11-25 20:45:00,1.578,0.6020513
2010-11-25 05:00:00,2010-11-25 21:00:00,1.2,0.54002935
2010-11-25 05:00:00,2010-11-25 21:15:00,1.3104,0.57660276
2010-11-25 05:00:00,2010-11-25 21:30:00,1.3174667,0.6138912
2010-11-25 05:00:00,2010-11-25 21:45:00,1.2810667,0.58203965
2010-11-25 05:00:00,2010-11-25 22:00:00,1.2472,0.5722326
2010-11-25 05:00:00,2010-11-25 22:15:00,1.1254667,0.5434286
2010-11-25 05:00:00,2010-11-25 22:30:00,0.576,0.5126549
2010-11-25 05:00:00,2010-11-25 22:45:00,0.23026666,0.4776323
2010-11-25 05:00:00,2010-11-25 23:00:00,0.26066667,0.40285787
2010-11-25 05:00:00,2010-11-25 23:15:00,0.23133333,0.40483353
2010-11-25 05:00:00,2010-11-25 23:30:00,0.18306665,0.3969445
2010-11-25 05:00:00,2010-11-25 23:45:00,0.18919998,0.4084972
2010-11-25 05:00:00,2010-11-26 00:00:00,0.19199994,0.30219546
2010-11-25 05:00:00,2010-11-26 00:15:00,0.22466666,0.2923139
2010-11-25 05:00:00,2010-11-26 00:30:00,0.37253332,0.30334777
2010-11-25 05:00:00,2010-11-26 00:45:00,0.4332,0.29739454
2010-11-25 05:00:00,2010-11-26 01:00:00,0.364,0.2878459
2010-11-25 05:00:00,2010-11-26 01:15:00,0.29279998,0.29196328
2010-11-25 05:00:00,2010-11-26 01:30:00,0.23013332,0.2859413
2010-11-25 05:00:00,2010-11-26 01:45:00,0.15,0.28206426
2010-11-25 05:00:00,2010-11-26 02:00:00,0.218,0.2825593
2010-11-25 05:00:00,2010-11-26 02:15:00,0.16026667,0.27837482
2010-11-25 05:00:00,2010-11-26 02:30:00,0.21999998,0.27141294
2010-11-25 05:00:00,2010-11-26 02:45:00,0.16173334,0.27778685
2010-11-25 05:00:00,2010-11-26 03:00:00,0.19933334,0.26319933
2010-11-25 05:00:00,2010-11-26 03:15:00,0.25893334,0.27092007
2010-11-25 05:00:00,2010-11-26 03:30:00,0.152,0.27912128
2010-11-25 05:00:00,2010-11-26 03:45:00,0.24733332,0.26783663
2010-11-25 05:00:00,2010-11-26 04:00:00,0.17426665,0.28282195
2010-11-25 05:00:00,2010-11-26 04:15:00,0.19359998,0.2719473
2010-11-25 05:00:00,2010-11-26 04:30:00,0.16853333,0.284834
2010-11-25 05:00:00,2010-11-26 04:45:00,0.20573333,0.28691608
2010-11-25 05:15:00,2010-11-25 05:15:00,0.2212,0.22140107
2010-11-25 05:15:00,2010-11-25 05:30:00,0.19066666,0.24771446
2010-11-25 05:15:00,2010-11-25 05:45:00,0.18533333,0.22844747
2010-11-25 05:15:00,2010-11-25 06:00:00,0.20133333,0.29219973
2010-11-25 05:15:00,2010-11-25 06:15:00,0.15693334,0.29368368
2010-11-25 05:15:00,2010-11-25 06:30:00,0.2681333,0.39876577
2010-11-25 05:15:00,2010-11-25 06:45:00,0.8534667,0.4240591
2010-11-25 05:15:00,2010-11-25 07:00:00,0.40053332,0.4469305
2010-11-25 05:15:00,2010-11-25 07:15:00,0.6062667,0.41582426
2010-11-25 05:15:00,2010-11-25 07:30:00,0.35653332,0.48872116
2010-11-25 05:15:00,2010-11-25 07:45:00,0.43866664,0.5226896
2010-11-25 05:15:00,2010-11-25 08:00:00,0.41986668,0.51412594
2010-11-25 05:15:00,2010-11-25 08:15:00,0.45013332,0.5050353
2010-11-25 05:15:00,2010-11-25 08:30:00,0.5382666,0.43672192
2010-11-25 05:15:00,2010-11-25 08:45:00,0.52199996,0.41637397
2010-11-25 05:15:00,2010-11-25 09:00:00,0.5829333,0.37302274
2010-11-25 05:15:00,2010-11-25 09:15:00,0.50146663,0.36611503
2010-11-25 05:15:00,2010-11-25 09:30:00,0.48426667,0.38674223
2010-11-25 05:15:00,2010-11-25 09:45:00,0.49666664,0.35238576
2010-11-25 05:15:00,2010-11-25 10:00:00,0.2016,0.37750292
2010-11-25 05:15:00,2010-11-25 10:15:00,0.17546663,0.35948354
2010-11-25 05:15:00,2010-11-25 10:30:00,0.21919997,0.39502308
2010-11-25 05:15:00,2010-11-25 10:45:00,0.18359996,0.3686176
2010-11-25 05:15:00,2010-11-25 11:00:00,0.1486666,0.36679694
2010-11-25 05:15:00,2010-11-25 11:15:00,0.27133337,0.364508
2010-11-25 05:15:00,2010-11-25 11:30:00,0.14919999,0.37106776
2010-11-25 05:15:00,2010-11-25 11:45:00,0.15893327,0.39538518
2010-11-25 05:15:00,2010-11-25 12:00:00,0.28439996,0.38306662
2010-11-25 05:15:00,2010-11-25 12:15:00,0.12546663,0.3581336
2010-11-25 05:15:00,2010-11-25 12:30:00,0.21013331,0.35610023
2010-11-25 05:15:00,2010-11-25 12:45:00,0.9637333,0.33974168
2010-11-25 05:15:00,2010-11-25 13:00:00,0.4665333,0.3348483
2010-11-25 05:15:00,2010-11-25 13:15:00,0.68146664,0.34101036
2010-11-25 05:15:00,2010-11-25 13:30:00,0.59239995,0.32096148
2010-11-25 05:15:00,2010-11-25 13:45:00,0.47093332,0.3017194
2010-11-25 05:15:00,2010-11-25 14:00:00,0.48746666,0.29467598
2010-11-25 05:15:00,2010-11-25 14:15:00,0.3624,0.33603215
2010-11-25 05:15:00,2010-11-25 14:30:00,0.22466666,0.3163704
2010-11-25 05:15:00,2010-11-25 14:45:00,0.20759998,0.30076402
2010-11-25 05:15:00,2010-11-25 15:00:00,0.13346663,0.2959849
2010-11-25 05:15:00,2010-11-25 15:15:00,0.24533334,0.30114722
2010-11-25 05:15:00,2010-11-25 15:30:00,0.18573333,0.3038169
2010-11-25 05:15:00,2010-11-25 15:45:00,0.17186667,0.3261285
2010-11-25 05:15:00,2010-11-25 16:00:00,0.2068,0.3366041
2010-11-25 05:15:00,2010-11-25 16:15:00,0.19160001,0.3285439
2010-11-25 05:15:00,2010-11-25 16:30:00,0.21613333,0.35163388
2010-11-25 05:15:00,2010-11-25 16:45:00,0.13426666,0.3759834
2010-11-25 05:15:00,2010-11-25 17:00:00,0.26146665,0.35763896
2010-11-25 05:15:00,2010-11-25 17:15:00,0.29333332,0.3955063
2010-11-25 05:15:00,2010-11-25 17:30:00,0.41079998,0.41677934
2010-11-25 05:15:00,2010-11-25 17:45:00,0.54693335,0.41005453
2010-11-25 05:15:00,2010-11-25 18:00:00,0.45559996,0.4447547
2010-11-25 05:15:00,2010-11-25 18:15:00,0.5201333,0.5190408
2010-11-25 05:15:00,2010-11-25 18:30:00,0.5048,0.4686491
2010-11-25 05:15:00,2010-11-25 18:45:00,0.5197333,0.49817023
2010-11-25 05:15:00,2010-11-25 19:00:00,0.49173334,0.5495162
2010-11-25 05:15:00,2010-11-25 19:15:00,0.45293334,0.5587277
2010-11-25 05:15:00,2010-11-25 19:30:00,0.9118666,0.6546129
2010-11-25 05:15:00,2010-11-25 19:45:00,0.8441333,0.51792604
2010-11-25 05:15:00,2010-11-25 20:00:00,0.998,0.6346646
2010-11-25 05:15:00,2010-11-25 20:15:00,0.68106663,0.6398962
2010-11-25 05:15:00,2010-11-25 20:30:00,1.4341334,0.5504258
2010-11-25 05:15:00,2010-11-25 20:45:00,1.578,0.5742744
2010-11-25 05:15:00,2010-11-25 21:00:00,1.2,0.53220844
2010-11-25 05:15:00,2010-11-25 21:15:00,1.3104,0.5773939
2010-11-25 05:15:00,2010-11-25 21:30:00,1.3174667,0.6128137
2010-11-25 05:15:00,2010-11-25 21:45:00,1.2810667,0.5955117
2010-11-25 05:15:00,2010-11-25 22:00:00,1.2472,0.5613142
2010-11-25 05:15:00,2010-11-25 22:15:00,1.1254667,0.558381
2010-11-25 05:15:00,2010-11-25 22:30:00,0.576,0.50358635
2010-11-25 05:15:00,2010-11-25 22:45:00,0.23026666,0.48662084
2010-11-25 05:15:00,2010-11-25 23:00:00,0.26066667,0.40231287
2010-11-25 05:15:00,2010-11-25 23:15:00,0.23133333,0.39059693
2010-11-25 05:15:00,2010-11-25 23:30:00,0.18306665,0.3903012
2010-11-25 05:15:00,2010-11-25 23:45:00,0.18919998,0.42371807
2010-11-25 05:15:00,2010-11-26 00:00:00,0.19199994,0.3096504
2010-11-25 05:15:00,2010-11-26 00:15:00,0.22466666,0.29578906
2010-11-25 05:15:00,2010-11-26 00:30:00,0.37253332,0.286158
2010-11-25 05:15:00,2010-11-26 00:45:00,0.4332,0.30584183
2010-11-25 05:15:00,2010-11-26 01:00:00,0.364,0.31276324
2010-11-25 05:15:00,2010-11-26 01:15:00,0.29279998,0.2692949
2010-11-25 05:15:00,2010-11-26 01:30:00,0.23013332,0.27891192
2010-11-25 05:15:00,2010-11-26 01:45:00,0.15,0.2877012
2010-11-25 05:15:00,2010-11-26 02:00:00,0.218,0.2641305
2010-11-25 05:15:00,2010-11-26 02:15:00,0.16026667,0.27374494
2010-11-25 05:15:00,2010-11-26 02:30:00,0.21999998,0.2774517
2010-11-25 05:15:00,2010-11-26 02:45:00,0.16173334,0.2614406
2010-11-25 05:15:00,2010-11-26 03:00:00,0.19933334,0.26168227
2010-11-25 05:15:00,2010-11-26 03:15:00,0.25893334,0.277214
2010-11-25 05:15:00,2010-11-26 03:30:00,0.152,0.26448706
2010-11-25 05:15:00,2010-11-26 03:45:00,0.24733332,0.26787266
2010-11-25 05:15:00,2010-11-26 04:00:00,0.17426665,0.27633256
2010-11-25 05:15:00,2010-11-26 04:15:00,0.19359998,0.26443452
2010-11-25 05:15:00,2010-11-26 04:30:00,0.16853333,0.279087
2010-11-25 05:15:00,2010-11-26 04:45:00,0.20573333,0.2724384
2010-11-25 05:15:00,2010-11-26 05:00:00,0.18773334,0.2715488
2010-11-25 05:30:00,2010-11-25 05:30:00,0.19066666,0.24431805
2010-11-25 05:30:00,2010-11-25 05:45:00,0.18533333,0.22444198
2010-11-25 05:30:00,2010-11-25 06:00:00,0.20133333,0.26384604
2010-11-25 05:30:00,2010-11-25 06:15:00,0.15693334,0.30565807
2010-11-25 05:30:00,2010-11-25 06:30:00,0.2681333,0.44974795
2010-11-25 05:30:00,2010-11-25 06:45:00,0.8534667,0.4141608
2010-11-25 05:30:00,2010-11-25 07:00:00,0.40053332,0.40538514
2010-11-25 05:30:00,2010-11-25 07:15:00,0.6062667,0.4718506
2010-11-25 05:30:00,2010-11-25 07:30:00,0.35653332,0.5125781
2010-11-25 05:30:00,2010-11-25 07:45:00,0.43866664,0.52992725
2010-11-25 05:30:00,2010-11-25 08:00:00,0.41986668,0.50486284
2010-11-25 05:30:00,2010-11-25 08:15:00,0.45013332,0.4841096
2010-11-25 05:30:00,2010-11-25 08:30:00,0.5382666,0.41847914
2010-11-25 05:30:00,2010-11-25 08:45:00,0.52199996,0.41195872
2010-11-25 05:30:00,2010-11-25 09:00:00,0.5829333,0.36565748
2010-11-25 05:30:00,2010-11-25 09:15:00,0.50146663,0.35731393
2010-11-25 05:30:00,2010-11-25 09:30:00,0.48426667,0.3872341
2010-11-25 05:30:00,2010-11-25 09:45:00,0.49666664,0.3734692
2010-11-25 05:30:00,2010-11-25 10:00:00,0.2016,0.35405812
2010-11-25 05:30:00,2010-11-25 10:15:00,0.17546663,0.36492386
2010-11-25 05:30:00,2010-11-25 10:30:00,0.21919997,0.3806625
2010-11-25 05:30:00,2010-11-25 10:45:00,0.18359996,0.37143606
2010-11-25 05:30:00,2010-11-25 11:00:00,0.1486666,0.3437171
2010-11-25 05:30:00,2010-11-25 11:15:00,0.27133337,0.37348065
2010-11-25 05:30:00,2010-11-25 11:30:00,0.14919999,0.3675645
2010-11-25 05:30:00,2010-11-25 11:45:00,0.15893327,0.37611622
2010-11-25 05:30:00,2010-11-25 12:00:00,0.28439996,0.36705408
2010-11-25 05:30:00,2010-11-25 12:15:00,0.12546663,0.3361622
2010-11-25 05:30:00,2010-11-25 12:30:00,0.21013331,0.3402694
2010-11-25 05:30:00,2010-11-25 12:45:00,0.9637333,0.3343145
2010-11-25 05:30:00,2010-11-25 13:00:00,0.4665333,0.33748776
2010-11-25 05:30:00,2010-11-25 13:15:00,0.68146664,0.31966907
2010-11-25 05:30:00,2010-11-25 13:30:00,0.59239995,0.32692763
2010-11-25 05:30:00,2010-11-25 13:45:00,0.47093332,0.30619523
2010-11-25 05:30:00,2010-11-25 14:00:00,0.48746666,0.30851865
2010-11-25 05:30:00,2010-11-25 14:15:00,0.3624,0.35673445
2010-11-25 05:30:00,2010-11-25 14:30:00,0.22466666,0.32118583
2010-11-25 05:30:00,2010-11-25 14:45:00,0.20759998,0.29231557
2010-11-25 05:30:00,2010-11-25 15:00:00,0.13346663,0.30502826
2010-11-25 05:30:00,2010-11-25 15:15:00,0.24533334,0.29938677
2010-11-25 05:30:00,2010-11-25 15:30:00,0.18573333,0.30721268
2010-11-25 05:30:00,2010-11-25 15:45:00,0.17186667,0.3322298
2010-11-25 05:30:00,2010-11-25 16:00:00,0.2068,0.336783
2010-11-25 05:30:00,2010-11-25 16:15:00,0.19160001,0.33200395
2010-11-25 05:30:00,2010-11-25 16:30:00,0.21613333,0.35163715
2010-11-25 05:30:00,2010-11-25 16:45:00,0.13426666,0.37340903
2010-11-25 05:30:00,2010-11-25 17:00:00,0.26146665,0.37421438
2010-11-25 05:30:00,2010-11-25 17:15:00,0.29333332,0.38109416
2010-11-25 05:30:00,2010-11-25 17:30:00,0.41079998,0.3948399
2010-11-25 05:30:00,2010-11-25 17:45:00,0.54693335,0.40286613
2010-11-25 05:30:00,2010-11-25 18:00:00,0.45559996,0.43957186
2010-11-25 05:30:00,2010-11-25 18:15:00,0.5201333,0.48836088
2010-11-25 05:30:00,2010-11-25 18:30:00,0.5048,0.4977968
2010-11-25 05:30:00,2010-11-25 18:45:00,0.5197333,0.46690735
2010-11-25 05:30:00,2010-11-25 19:00:00,0.49173334,0.56364375
2010-11-25 05:30:00,2010-11-25 19:15:00,0.45293334,0.5261736
2010-11-25 05:30:00,2010-11-25 19:30:00,0.9118666,0.6253267
2010-11-25 05:30:00,2010-11-25 19:45:00,0.8441333,0.54642016
2010-11-25 05:30:00,2010-11-25 20:00:00,0.998,0.67639464
2010-11-25 05:30:00,2010-11-25 20:15:00,0.68106663,0.6096382
2010-11-25 05:30:00,2010-11-25 20:30:00,1.4341334,0.55701077
2010-11-25 05:30:00,2010-11-25 20:45:00,1.578,0.57243925
2010-11-25 05:30:00,2010-11-25 21:00:00,1.2,0.5482839
2010-11-25 05:30:00,2010-11-25 21:15:00,1.3104,0.58319396
2010-11-25 05:30:00,2010-11-25 21:30:00,1.3174667,0.6092323
2010-11-25 05:30:00,2010-11-25 21:45:00,1.2810667,0.5768962
2010-11-25 05:30:00,2010-11-25 22:00:00,1.2472,0.5582156
2010-11-25 05:30:00,2010-11-25 22:15:00,1.1254667,0.5351441
2010-11-25 05:30:00,2010-11-25 22:30:00,0.576,0.5250255
2010-11-25 05:30:00,2010-11-25 22:45:00,0.23026666,0.46748054
2010-11-25 05:30:00,2010-11-25 23:00:00,0.26066667,0.3944059
2010-11-25 05:30:00,2010-11-25 23:15:00,0.23133333,0.4140645
2010-11-25 05:30:00,2010-11-25 23:30:00,0.18306665,0.38739425
2010-11-25 05:30:00,2010-11-25 23:45:00,0.18919998,0.41524088
2010-11-25 05:30:00,2010-11-26 00:00:00,0.19199994,0.31481877
2010-11-25 05:30:00,2010-11-26 00:15:00,0.22466666,0.2927883
2010-11-25 05:30:00,2010-11-26 00:30:00,0.37253332,0.2886021
2010-11-25 05:30:00,2010-11-26 00:45:00,0.4332,0.30247298
2010-11-25 05:30:00,2010-11-26 01:00:00,0.364,0.28704137
2010-11-25 05:30:00,2010-11-26 01:15:00,0.29279998,0.28741452
2010-11-25 05:30:00,2010-11-26 01:30:00,0.23013332,0.28558868
2010-11-25 05:30:00,2010-11-26 01:45:00,0.15,0.2861343
2010-11-25 05:30:00,2010-11-26 02:00:00,0.218,0.2738687
2010-11-25 05:30:00,2010-11-26 02:15:00,0.16026667,0.27224922
2010-11-25 05:30:00,2010-11-26 02:30:00,0.21999998,0.26871848
2010-11-25 05:30:00,2010-11-26 02:45:00,0.16173334,0.27413392
2010-11-25 05:30:00,2010-11-26 03:00:00,0.19933334,0.26907945
2010-11-25 05:30:00,2010-11-26 03:15:00,0.25893334,0.27583802
2010-11-25 05:30:00,2010-11-26 03:30:00,0.152,0.2671334
2010-11-25 05:30:00,2010-11-26 03:45:00,0.24733332,0.27152726
2010-11-25 05:30:00,2010-11-26 04:00:00,0.17426665,0.28915992
2010-11-25 05:30:00,2010-11-26 04:15:00,0.19359998,0.26476473
2010-11-25 05:30:00,2010-11-26 04:30:00,0.16853333,0.28286365
2010-11-25 05:30:00,2010-11-26 04:45:00,0.20573333,0.2765208
2010-11-25 05:30:00,2010-11-26 05:00:00,0.18773334,0.27544656
2010-11-25 05:30:00,2010-11-26 05:15:00,0.12333333,0.28278732
2010-11-25 05:45:00,2010-11-25 05:45:00,0.18533333,0.21017396
2010-11-25 05:45:00,2010-11-25 06:00:00,0.20133333,0.2546281
2010-11-25 05:45:00,2010-11-25 06:15:00,0.15693334,0.29385248
2010-11-25 05:45:00,2010-11-25 06:30:00,0.2681333,0.40192202
2010-11-25 05:45:00,2010-11-25 06:45:00,0.8534667,0.42814386
2010-11-25 05:45:00,2010-11-25 07:00:00,0.40053332,0.4047303
2010-11-25 05:45:00,2010-11-25 07:15:00,0.6062667,0.42682996
2010-11-25 05:45:00,2010-11-25 07:30:00,0.35653332,0.514924
2010-11-25 05:45:00,2010-11-25 07:45:00,0.43866664,0.56766474
2010-11-25 05:45:00,2010-11-25 08:00:00,0.41986668,0.52586496
2010-11-25 05:45:00,2010-11-25 08:15:00,0.45013332,0.48623988
2010-11-25 05:45:00,2010-11-25 08:30:00,0.5382666,0.44362974
2010-11-25 05:45:00,2010-11-25 08:45:00,0.52199996,0.44633827
2010-11-25 05:45:00,2010-11-25 09:00:00,0.5829333,0.38295153
2010-11-25 05:45:00,2010-11-25 09:15:00,0.50146663,0.37298203
2010-11-25 05:45:00,2010-11-25 09:30:00,0.48426667,0.365042
2010-11-25 05:45:00,2010-11-25 09:45:00,0.49666664,0.3598276
2010-11-25 05:45:00,2010-11-25 10:00:00,0.2016,0.36085966
2010-11-25 05:45:00,2010-11-25 10:15:00,0.17546663,0.35971433
2010-11-25 05:45:00,2010-11-25 10:30:00,0.21919997,0.39311334
2010-11-25 05:45:00,2010-11-25 10:45:00,0.18359996,0.3599495
2010-11-25 05:45:00,2010-11-25 11:00:00,0.1486666,0.36526257
2010-11-25 05:45:00,2010-11-25 11:15:00,0.27133337,0.36999628
2010-11-25 05:45:00,2010-11-25 11:30:00,0.14919999,0.37099463
2010-11-25 05:45:00,2010-11-25 11:45:00,0.15893327,0.36820823
2010-11-25 05:45:00,2010-11-25 12:00:00,0.28439996,0.3561643
2010-11-25 05:45:00,2010-11-25 12:15:00,0.12546663,0.3594338
2010-11-25 05:45:00,2010-11-25 12:30:00,0.21013331,0.35473773
2010-11-25 05:45:00,2010-11-25 12:45:00,0.9637333,0.3544744
2010-11-25 05:45:00,2010-11-25 13:00:00,0.4665333,0.3495913
2010-11-25 05:45:00,2010-11-25 13:15:00,0.68146664,0.32097358
2010-11-25 05:45:00,2010-11-25 13:30:00,0.59239995,0.32915813
2010-11-25 05:45:00,2010-11-25 13:45:00,0.47093332,0.31661302
2010-11-25 05:45:00,2010-11-25 14:00:00,0.48746666,0.32504833
2010-11-25 05:45:00,2010-11-25 14:15:00,0.3624,0.33023557
2010-11-25 05:45:00,2010-11-25 14:30:00,0.22466666,0.3208998
2010-11-25 05:45:00,2010-11-25 14:45:00,0.20759998,0.2952422
2010-11-25 05:45:00,2010-11-25 15:00:00,0.13346663,0.2932938
2010-11-25 05:45:00,2010-11-25 15:15:00,0.24533334,0.2930111
2010-11-25 05:45:00,2010-11-25 15:30:00,0.18573333,0.30754828
2010-11-25 05:45:00,2010-11-25 15:45:00,0.17186667,0.32410243
2010-11-25 05:45:00,2010-11-25 16:00:00,0.2068,0.34020063
2010-11-25 05:45:00,2010-11-25 16:15:00,0.19160001,0.32537603
2010-11-25 05:45:00,2010-11-25 16:30:00,0.21613333,0.35495505
2010-11-25 05:45:00,2010-11-25 16:45:00,0.13426666,0.3745736
2010-11-25 05:45:00,2010-11-25 17:00:00,0.26146665,0.37608108
2010-11-25 05:45:00,2010-11-25 17:15:00,0.29333332,0.38346526
2010-11-25 05:45:00,2010-11-25 17:30:00,0.41079998,0.39294747
2010-11-25 05:45:00,2010-11-25 17:45:00,0.54693335,0.40680638
2010-11-25 05:45:00,2010-11-25 18:00:00,0.45559996,0.43305805
2010-11-25 05:45:00,2010-11-25 18:15:00,0.5201333,0.50694746
2010-11-25 05:45:00,2010-11-25 18:30:00,0.5048,0.4646275
2010-11-25 05:45:00,2010-11-25 18:45:00,0.5197333,0.4910096
2010-11-25 05:45:00,2010-11-25 19:00:00,0.49173334,0.5465658
2010-11-25 05:45:00,2010-11-25 19:15:00,0.45293334,0.5516022
2010-11-25 05:45:00,2010-11-25 19:30:00,0.9118666,0.6171598
2010-11-25 05:45:00,2010-11-25 19:45:00,0.8441333,0.5651131
2010-11-25 05:45:00,2010-11-25 20:00:00,0.998,0.66119766
2010-11-25 05:45:00,2010-11-25 20:15:00,0.68106663,0.61165816
2010-11-25 05:45:00,2010-11-25 20:30:00,1.4341334,0.5293924
2010-11-25 05:45:00,2010-11-25 20:45:00,1.578,0.5647555
2010-11-25 05:45:00,2010-11-25 21:00:00,1.2,0.5402576
2010-11-25 05:45:00,2010-11-25 21:15:00,1.3104,0.5835121
2010-11-25 05:45:00,2010-11-25 21:30:00,1.3174667,0.6138398
2010-11-25 05:45:00,2010-11-25 21:45:00,1.2810667,0.630567
2010-11-25 05:45:00,2010-11-25 22:00:00,1.2472,0.56254554
2010-11-25 05:45:00,2010-11-25 22:15:00,1.1254667,0.54580647
2010-11-25 05:45:00,2010-11-25 22:30:00,0.576,0.5002376
2010-11-25 05:45:00,2010-11-25 22:45:00,0.23026666,0.4666651
2010-11-25 05:45:00,2010-11-25 23:00:00,0.26066667,0.41320354
2010-11-25 05:45:00,2010-11-25 23:15:00,0.23133333,0.3825476
2010-11-25 05:45:00,2010-11-25 23:30:00,0.18306665,0.38293144
2010-11-25 05:45:00,2010-11-25 23:45:00,0.18919998,0.38114586
2010-11-25 05:45:00,2010-11-26 00:00:00,0.19199994,0.30022857
2010-11-25 05:45:00,2010-11-26 00:15:00,0.22466666,0.2853659
2010-11-25 05:45:00,2010-11-26 00:30:00,0.37253332,0.290602
2010-11-25 05:45:00,2010-11-26 00:45:00,0.4332,0.2919331
2010-11-25 05:45:00,2010-11-26 01:00:00,0.364,0.29701367
2010-11-25 05:45:00,2010-11-26 01:15:00,0.29279998,0.2859766
2010-11-25 05:45:00,2010-11-26 01:30:00,0.23013332,0.28655586
2010-11-25 05:45:00,2010-11-26 01:45:00,0.15,0.27644858
2010-11-25 05:45:00,2010-11-26 02:00:00,0.218,0.26933587
2010-11-25 05:45:00,2010-11-26 02:15:00,0.16026667,0.27112776
2010-11-25 05:45:00,2010-11-26 02:30:00,0.21999998,0.27275255
2010-11-25 05:45:00,2010-11-26 02:45:00,0.16173334,0.26316056
2010-11-25 05:45:00,2010-11-26 03:00:00,0.19933334,0.275257
2010-11-25 05:45:00,2010-11-26 03:15:00,0.25893334,0.26980773
2010-11-25 05:45:00,2010-11-26 03:30:00,0.152,0.2710228
2010-11-25 05:45:00,2010-11-26 03:45:00,0.24733332,0.26255196
2010-11-25 05:45:00,2010-11-26 04:00:00,0.17426665,0.27466038
2010-11-25 05:45:00,2010-11-26 04:15:00,0.19359998,0.2689676
2010-11-25 05:45:00,2010-11-26 04:30:00,0.16853333,0.27418151
2010-11-25 05:45:00,2010-11-26 04:45:00,0.20573333,0.28503448
2010-11-25 05:45:00,2010-11-26 05:00:00,0.18773334,0.27694434
2010-11-25 05:45:00,2010-11-26 05:15:00,0.12333333,0.2815555
2010-11-25 05:45:00,2010-11-26 05:30:00,0.2836,0.29254037
2010-11-25 06:00:00,2010-11-25 06:00:00,0.20133333,0.2607016
2010-11-25 06:00:00,2010-11-25 06:15:00,0.15693334,0.28974023
2010-11-25 06:00:00,2010-11-25 06:30:00,0.2681333,0.39864343
2010-11-25 06:00:00,2010-11-25 06:45:00,0.8534667,0.39981326
2010-11-25 06:00:00,2010-11-25 07:00:00,0.40053332,0.42378405
2010-11-25 06:00:00,2010-11-25 07:15:00,0.6062667,0.42673293
2010-11-25 06:00:00,2010-11-25 07:30:00,0.35653332,0.481915
2010-11-25 06:00:00,2010-11-25 07:45:00,0.43866664,0.52460474
2010-11-25 06:00:00,2010-11-25 08:00:00,0.41986668,0.49700797
2010-11-25 06:00:00,2010-11-25 08:15:00,0.45013332,0.45217088
2010-11-25 06:00:00,2010-11-25 08:30:00,0.5382666,0.44642907
2010-11-25 06:00:00,2010-11-25 08:45:00,0.52199996,0.41093466
2010-11-25 06:00:00,2010-11-25 09:00:00,0.5829333,0.3729651
2010-11-25 06:00:00,2010-11-25 09:15:00,0.50146663,0.35604572
2010-11-25 06:00:00,2010-11-25 09:30:00,0.48426667,0.36308324
2010-11-25 06:00:00,2010-11-25 09:45:00,0.49666664,0.35157505
2010-11-25 06:00:00,2010-11-25 10:00:00,0.2016,0.35140896
2010-11-25 06:00:00,2010-11-25 10:15:00,0.17546663,0.36124167
2010-11-25 06:00:00,2010-11-25 10:30:00,0.21919997,0.36483714
2010-11-25 06:00:00,2010-11-25 10:45:00,0.18359996,0.3556137
2010-11-25 06:00:00,2010-11-25 11:00:00,0.1486666,0.34464255
2010-11-25 06:00:00,2010-11-25 11:15:00,0.27133337,0.3744548
2010-11-25 06:00:00,2010-11-25 11:30:00,0.14919999,0.3748327
2010-11-25 06:00:00,2010-11-25 11:45:00,0.15893327,0.36730635
2010-11-25 06:00:00,2010-11-25 12:00:00,0.28439996,0.36355016
2010-11-25 06:00:00,2010-11-25 12:15:00,0.12546663,0.3491787
2010-11-25 06:00:00,2010-11-25 12:30:00,0.21013331,0.34119695
2010-11-25 06:00:00,2010-11-25 12:45:00,0.9637333,0.3370823
2010-11-25 06:00:00,2010-11-25 13:00:00,0.4665333,0.33354807
2010-11-25 06:00:00,2010-11-25 13:15:00,0.68146664,0.31771365
2010-11-25 06:00:00,2010-11-25 13:30:00,0.59239995,0.30617595
2010-11-25 06:00:00,2010-11-25 13:45:00,0.47093332,0.29381984
2010-11-25 06:00:00,2010-11-25 14:00:00,0.48746666,0.31230018
2010-11-25 06:00:00,2010-11-25 14:15:00,0.3624,0.34062096
2010-11-25 06:00:00,2010-11-25 14:30:00,0.22466666,0.32575288
2010-11-25 06:00:00,2010-11-25 14:45:00,0.20759998,0.28796053
2010-11-25 06:00:00,2010-11-25 15:00:00,0.13346663,0.2934811
2010-11-25 06:00:00,2010-11-25 15:15:00,0.24533334,0.2817227
2010-11-25 06:00:00,2010-11-25 15:30:00,0.18573333,0.29830292
2010-11-25 06:00:00,2010-11-25 15:45:00,0.17186667,0.32713753
2010-11-25 06:00:00,2010-11-25 16:00:00,0.2068,0.34868675
2010-11-25 06:00:00,2010-11-25 16:15:00,0.19160001,0.32837722
2010-11-25 06:00:00,2010-11-25 16:30:00,0.21613333,0.33204603
2010-11-25 06:00:00,2010-11-25 16:45:00,0.13426666,0.36224583
2010-11-25 06:00:00,2010-11-25 17:00:00,0.26146665,0.36306858
2010-11-25 06:00:00,2010-11-25 17:15:00,0.29333332,0.37400144
2010-11-25 06:00:00,2010-11-25 17:30:00,0.41079998,0.38320482
2010-11-25 06:00:00,2010-11-25 17:45:00,0.54693335,0.39379483
2010-11-25 06:00:00,2010-11-25 18:00:00,0.45559996,0.44261447
2010-11-25 06:00:00,2010-11-25 18:15:00,0.5201333,0.4934396
2010-11-25 06:00:00,2010-11-25 18:30:00,0.5048,0.47906932
2010-11-25 06:00:00,2010-11-25 18:45:00,0.5197333,0.48339358
2010-11-25 06:00:00,2010-11-25 19:00:00,0.49173334,0.571433
2010-11-25 06:00:00,2010-11-25 19:15:00,0.45293334,0.5357281
2010-11-25 06:00:00,2010-11-25 19:30:00,0.9118666,0.6224823
2010-11-25 06:00:00,2010-11-25 19:45:00,0.8441333,0.53074414
2010-11-25 06:00:00,2010-11-25 20:00:00,0.998,0.6466371
2010-11-25 06:00:00,2010-11-25 20:15:00,0.68106663,0.61186385
2010-11-25 06:00:00,2010-11-25 20:30:00,1.4341334,0.54220295
2010-11-25 06:00:00,2010-11-25 20:45:00,1.578,0.5380526
2010-11-25 06:00:00,2010-11-25 21:00:00,1.2,0.5152531
2010-11-25 06:00:00,2010-11-25 21:15:00,1.3104,0.5607924
2010-11-25 06:00:00,2010-11-25 21:30:00,1.3174667,0.6053196
2010-11-25 06:00:00,2010-11-25 21:45:00,1.2810667,0.6069099
2010-11-25 06:00:00,2010-11-25 22:00:00,1.2472,0.58471817
2010-11-25 06:00:00,2010-11-25 22:15:00,1.1254667,0.545071
2010-11-25 06:00:00,2010-11-25 22:30:00,0.576,0.51086867
2010-11-25 06:00:00,2010-11-25 22:45:00,0.23026666,0.44744343
2010-11-25 06:00:00,2010-11-25 23:00:00,0.26066667,0.39882168
2010-11-25 06:00:00,2010-11-25 23:15:00,0.23133333,0.394218
2010-11-25 06:00:00,2010-11-25 23:30:00,0.18306665,0.40533042
2010-11-25 06:00:00,2010-11-25 23:45:00,0.18919998,0.40510264
2010-11-25 06:00:00,2010-11-26 00:00:00,0.19199994,0.2982884
2010-11-25 06:00:00,2010-11-26 00:15:00,0.22466666,0.29070643
2010-11-25 06:00:00,2010-11-26 00:30:00,0.37253332,0.27811912
2010-11-25 06:00:00,2010-11-26 00:45:00,0.4332,0.29183996
2010-11-25 06:00:00,2010-11-26 01:00:00,0.364,0.29070964
2010-11-25 06:00:00,2010-11-26 01:15:00,0.29279998,0.27914214
2010-11-25 06:00:00,2010-11-26 01:30:00,0.23013332,0.27555916
2010-11-25 06:00:00,2010-11-26 01:45:00,0.15,0.28697574
2010-11-25 06:00:00,2010-11-26 02:00:00,0.218,0.2606228
2010-11-25 06:00:00,2010-11-26 02:15:00,0.16026667,0.2765909
2010-11-25 06:00:00,2010-11-26 02:30:00,0.21999998,0.26222003
2010-11-25 06:00:00,2010-11-26 02:45:00,0.16173334,0.26732716
2010-11-25 06:00:00,2010-11-26 03:00:00,0.19933334,0.27354956
2010-11-25 06:00:00,2010-11-26 03:15:00,0.25893334,0.27688774
2010-11-25 06:00:00,2010-11-26 03:30:00,0.152,0.2645344
2010-11-25 06:00:00,2010-11-26 03:45:00,0.24733332,0.2611333
2010-11-25 06:00:00,2010-11-26 04:00:00,0.17426665,0.28151333
2010-11-25 06:00:00,2010-11-26 04:15:00,0.19359998,0.26634455
2010-11-25 06:00:00,2010-11-26 04:30:00,0.16853333,0.27679297
2010-11-25 06:00:00,2010-11-26 04:45:00,0.20573333,0.28236204
2010-11-25 06:00:00,2010-11-26 05:00:00,0.18773334,0.2781411
2010-11-25 06:00:00,2010-11-26 05:15:00,0.12333333,0.27946097
2010-11-25 06:00:00,2010-11-26 05:30:00,0.2836,0.28404683
2010-11-25 06:00:00,2010-11-26 05:45:00,0.12146667,0.26734465
2010-11-25 06:15:00,2010-11-25 06:15:00,0.15693334,0.28079006
2010-11-25 06:15:00,2010-11-25 06:30:00,0.2681333,0.36419848
2010-11-25 06:15:00,2010-11-25 06:45:00,0.8534667,0.39987364
2010-11-25 06:15:00,2010-11-25 07:00:00,0.40053332,0.40115294
2010-11-25 06:15:00,2010-11-25 07:15:00,0.6062667,0.4072457
2010-11-25 06:15:00,2010-11-25 07:30:00,0.35653332,0.4822131
2010-11-25 06:15:00,2010-11-25 07:45:00,0.43866664,0.5141969
2010-11-25 06:15:00,2010-11-25 08:00:00,0.41986668,0.5151025
2010-11-25 06:15:00,2010-11-25 08:15:00,0.45013332,0.5135445
2010-11-25 06:15:00,2010-11-25 08:30:00,0.5382666,0.45341453
2010-11-25 06:15:00,2010-11-25 08:45:00,0.52199996,0.41397098
2010-11-25 06:15:00,2010-11-25 09:00:00,0.5829333,0.35688418
2010-11-25 06:15:00,2010-11-25 09:15:00,0.50146663,0.35763302
2010-11-25 06:15:00,2010-11-25 09:30:00,0.48426667,0.39239752
2010-11-25 06:15:00,2010-11-25 09:45:00,0.49666664,0.34708065
2010-11-25 06:15:00,2010-11-25 10:00:00,0.2016,0.3357719
2010-11-25 06:15:00,2010-11-25 10:15:00,0.17546663,0.35572755
2010-11-25 06:15:00,2010-11-25 10:30:00,0.21919997,0.367506
2010-11-25 06:15:00,2010-11-25 10:45:00,0.18359996,0.3737788
2010-11-25 06:15:00,2010-11-25 11:00:00,0.1486666,0.35282788
2010-11-25 06:15:00,2010-11-25 11:15:00,0.27133337,0.3703279
2010-11-25 06:15:00,2010-11-25 11:30:00,0.14919999,0.3704726
2010-11-25 06:15:00,2010-11-25 11:45:00,0.15893327,0.34847993
2010-11-25 06:15:00,2010-11-25 12:00:00,0.28439996,0.36651105
2010-11-25 06:15:00,2010-11-25 12:15:00,0.12546663,0.35190108
2010-11-25 06:15:00,2010-11-25 12:30:00,0.21013331,0.33176252
2010-11-25 06:15:00,2010-11-25 12:45:00,0.9637333,0.33561188
2010-11-25 06:15:00,2010-11-25 13:00:00,0.4665333,0.33624306
2010-11-25 06:15:00,2010-11-25 13:15:00,0.68146664,0.3137865
2010-11-25 06:15:00,2010-11-25 13:30:00,0.59239995,0.31934676
2010-11-25 06:15:00,2010-11-25 13:45:00,0.47093332,0.31070337
2010-11-25 06:15:00,2010-11-25 14:00:00,0.48746666,0.29515317
2010-11-25 06:15:00,2010-11-25 14:15:00,0.3624,0.3192677
2010-11-25 06:15:00,2010-11-25 14:30:00,0.22466666,0.3195666
2010-11-25 06:15:00,2010-11-25 14:45:00,0.20759998,0.28093562
2010-11-25 06:15:00,2010-11-25 15:00:00,0.13346663,0.2952944
2010-11-25 06:15:00,2010-11-25 15:15:00,0.24533334,0.30674514
2010-11-25 06:15:00,2010-11-25 15:30:00,0.18573333,0.29120559
2010-11-25 06:15:00,2010-11-25 15:45:00,0.17186667,0.32484883
2010-11-25 06:15:00,2010-11-25 16:00:00,0.2068,0.33994937
2010-11-25 06:15:00,2010-11-25 16:15:00,0.19160001,0.31501874
2010-11-25 06:15:00,2010-11-25 16:30:00,0.21613333,0.33917728
2010-11-25 06:15:00,2010-11-25 16:45:00,0.13426666,0.36929652
2010-11-25 06:15:00,2010-11-25 17:00:00,0.26146665,0.35532248
2010-11-25 06:15:00,2010-11-25 17:15:00,0.29333332,0.35630018
2010-11-25 06:15:00,2010-11-25 17:30:00,0.41079998,0.38371646
2010-11-25 06:15:00,2010-11-25 17:45:00,0.54693335,0.38676462
2010-11-25 06:15:00,2010-11-25 18:00:00,0.45559996,0.4424203
2010-11-25 06:15:00,2010-11-25 18:15:00,0.5201333,0.503379
2010-11-25 06:15:00,2010-11-25 18:30:00,0.5048,0.46275988
2010-11-25 06:15:00,2010-11-25 18:45:00,0.5197333,0.47377554
2010-11-25 06:15:00,2010-11-25 19:00:00,0.49173334,0.56841266
2010-11-25 06:15:00,2010-11-25 19:15:00,0.45293334,0.5536281
2010-11-25 06:15:00,2010-11-25 19:30:00,0.9118666,0.63608617
2010-11-25 06:15:00,2010-11-25 19:45:00,0.8441333,0.54396915
2010-11-25 06:15:00,2010-11-25 20:00:00,0.998,0.6354147
2010-11-25 06:15:00,2010-11-25 20:15:00,0.68106663,0.58790874
2010-11-25 06:15:00,2010-11-25 20:30:00,1.4341334,0.5295769
2010-11-25 06:15:00,2010-11-25 20:45:00,1.578,0.54277265
2010-11-25 06:15:00,2010-11-25 21:00:00,1.2,0.5359425
2010-11-25 06:15:00,2010-11-25 21:15:00,1.3104,0.6073817
2010-11-25 06:15:00,2010-11-25 21:30:00,1.3174667,0.60376966
2010-11-25 06:15:00,2010-11-25 21:45:00,1.2810667,0.5781857
2010-11-25 06:15:00,2010-11-25 22:00:00,1.2472,0.6034415
2010-11-25 06:15:00,2010-11-25 22:15:00,1.1254667,0.5578558
2010-11-25 06:15:00,2010-11-25 22:30:00,0.576,0.48889735
2010-11-25 06:15:00,2010-11-25 22:45:00,0.23026666,0.4779751
2010-11-25 06:15:00,2010-11-25 23:00:00,0.26066667,0.4018773
2010-11-25 06:15:00,2010-11-25 23:15:00,0.23133333,0.37917456
2010-11-25 06:15:00,2010-11-25 23:30:00,0.18306665,0.3760272
2010-11-25 06:15:00,2010-11-25 23:45:00,0.18919998,0.409173
2010-11-25 06:15:00,2010-11-26 00:00:00,0.19199994,0.3107931
2010-11-25 06:15:00,2010-11-26 00:15:00,0.22466666,0.29120806
2010-11-25 06:15:00,2010-11-26 00:30:00,0.37253332,0.2901149
2010-11-25 06:15:00,2010-11-26 00:45:00,0.4332,0.29095033
2010-11-25 06:15:00,2010-11-26 01:00:00,0.364,0.28088352
2010-11-25 06:15:00,2010-11-26 01:15:00,0.29279998,0.27679
2010-11-25 06:15:00,2010-11-26 01:30:00,0.23013332,0.2802843
2010-11-25 06:15:00,2010-11-26 01:45:00,0.15,0.27197284
2010-11-25 06:15:00,2010-11-26 02:00:00,0.218,0.26541197
2010-11-25 06:15:00,2010-11-26 02:15:00,0.16026667,0.27090192
2010-11-25 06:15:00,2010-11-26 02:30:00,0.21999998,0.27865678
2010-11-25 06:15:00,2010-11-26 02:45:00,0.16173334,0.2687443
2010-11-25 06:15:00,2010-11-26 03:00:00,0.19933334,0.26526326
2010-11-25 06:15:00,2010-11-26 03:15:00,0.25893334,0.26325563
2010-11-25 06:15:00,2010-11-26 03:30:00,0.152,0.27064818
2010-11-25 06:15:00,2010-11-26 03:45:00,0.24733332,0.26941672
2010-11-25 06:15:00,2010-11-26 04:00:00,0.17426665,0.2659431
2010-11-25 06:15:00,2010-11-26 04:15:00,0.19359998,0.27346268
2010-11-25 06:15:00,2010-11-26 04:30:00,0.16853333,0.26586434
2010-11-25 06:15:00,2010-11-26 04:45:00,0.20573333,0.28592548
2010-11-25 06:15:00,2010-11-26 05:00:00,0.18773334,0.2754508
2010-11-25 06:15:00,2010-11-26 05:15:00,0.12333333,0.2807163
2010-11-25 06:15:00,2010-11-26 05:30:00,0.2836,0.27244845
2010-11-25 06:15:00,2010-11-26 05:45:00,0.12146667,0.270235
2010-11-25 06:15:00,2010-11-26 06:00:00,0.18853334,0.2938683
2010-11-25 06:30:00,2010-11-25 06:30:00,0.2681333,0.34767804
2010-11-25 06:30:00,2010-11-25 06:45:00,0.8534667,0.37341204
2010-11-25 06:30:00,2010-11-25 07:00:00,0.40053332,0.35888183
2010-11-25 06:30:00,2010-11-25 07:15:00,0.6062667,0.38441235
2010-11-25 06:30:00,2010-11-25 07:30:00,0.35653332,0.49999425
2010-11-25 06:30:00,2010-11-25 07:45:00,0.43866664,0.5076488
2010-11-25 06:30:00,2010-11-25 08:00:00,0.41986668,0.46574384
2010-11-25 06:30:00,2010-11-25 08:15:00,0.45013332,0.48636952
2010-11-25 06:30:00,2010-11-25 08:30:00,0.5382666,0.43759713
2010-11-25 06:30:00,2010-11-25 08:45:00,0.52199996,0.4005977
2010-11-25 06:30:00,2010-11-25 09:00:00,0.5829333,0.37387165
2010-11-25 06:30:00,2010-11-25 09:15:00,0.50146663,0.35351184
2010-11-25 06:30:00,2010-11-25 09:30:00,0.48426667,0.380132
2010-11-25 06:30:00,2010-11-25 09:45:00,0.49666664,0.34065843
2010-11-25 06:30:00,2010-11-25 10:00:00,0.2016,0.3474774
2010-11-25 06:30:00,2010-11-25 10:15:00,0.17546663,0.35215476
2010-11-25 06:30:00,2010-11-25 10:30:00,0.21919997,0.35985
2010-11-25 06:30:00,2010-11-25 10:45:00,0.18359996,0.35380235
2010-11-25 06:30:00,2010-11-25 11:00:00,0.1486666,0.35120073
2010-11-25 06:30:00,2010-11-25 11:15:00,0.27133337,0.372723
2010-11-25 06:30:00,2010-11-25 11:30:00,0.14919999,0.36665645
2010-11-25 06:30:00,2010-11-25 11:45:00,0.15893327,0.3656271
2010-11-25 06:30:00,2010-11-25 12:00:00,0.28439996,0.3550347
2010-11-25 06:30:00,2010-11-25 12:15:00,0.12546663,0.32879055
2010-11-25 06:30:00,2010-11-25 12:30:00,0.21013331,0.35294724
2010-11-25 06:30:00,2010-11-25 12:45:00,0.9637333,0.32857147
2010-11-25 06:30:00,2010-11-25 13:00:00,0.4665333,0.3347684
2010-11-25 06:30:00,2010-11-25 13:15:00,0.68146664,0.31954142
2010-11-25 06:30:00,2010-11-25 13:30:00,0.59239995,0.313603
2010-11-25 06:30:00,2010-11-25 13:45:00,0.47093332,0.29824507
2010-11-25 06:30:00,2010-11-25 14:00:00,0.48746666,0.3104091
2010-11-25 06:30:00,2010-11-25 14:15:00,0.3624,0.3287698
2010-11-25 06:30:00,2010-11-25 14:30:00,0.22466666,0.3231461
2010-11-25 06:30:00,2010-11-25 14:45:00,0.20759998,0.29223463
2010-11-25 06:30:00,2010-11-25 15:00:00,0.13346663,0.29897994
2010-11-25 06:30:00,2010-11-25 15:15:00,0.24533334,0.2963926
2010-11-25 06:30:00,2010-11-25 15:30:00,0.18573333,0.3002693
2010-11-25 06:30:00,2010-11-25 15:45:00,0.17186667,0.3134368
2010-11-25 06:30:00,2010-11-25 16:00:00,0.2068,0.33171627
2010-11-25 06:30:00,2010-11-25 16:15:00,0.19160001,0.3195218
2010-11-25 06:30:00,2010-11-25 16:30:00,0.21613333,0.33436346
2010-11-25 06:30:00,2010-11-25 16:45:00,0.13426666,0.35242772
2010-11-25 06:30:00,2010-11-25 17:00:00,0.26146665,0.34643716
2010-11-25 06:30:00,2010-11-25 17:15:00,0.29333332,0.36843753
2010-11-25 06:30:00,2010-11-25 17:30:00,0.41079998,0.3969455
2010-11-25 06:30:00,2010-11-25 17:45:00,0.54693335,0.37164515
2010-11-25 06:30:00,2010-11-25 18:00:00,0.45559996,0.41734034
2010-11-25 06:30:00,2010-11-25 18:15:00,0.5201333,0.47960457
2010-11-25 06:30:00,2010-11-25 18:30:00,0.5048,0.47604915
2010-11-25 06:30:00,2010-11-25 18:45:00,0.5197333,0.46727535
2010-11-25 06:30:00,2010-11-25 19:00:00,0.49173334,0.5574981
2010-11-25 06:30:00,2010-11-25 19:15:00,0.45293334,0.5524634
2010-11-25 06:30:00,2010-11-25 19:30:00,0.9118666,0.5980194
2010-11-25 06:30:00,2010-11-25 19:45:00,0.8441333,0.52675056
2010-11-25 06:30:00,2010-11-25 20:00:00,0.998,0.6318903
2010-11-25 06:30:00,2010-11-25 20:15:00,0.68106663,0.5904318
2010-11-25 06:30:00,2010-11-25 20:30:00,1.4341334,0.5393392
2010-11-25 06:30:00,2010-11-25 20:45:00,1.578,0.5500448
2010-11-25 06:30:00,2010-11-25 21:00:00,1.2,0.5185718
2010-11-25 06:30:00,2010-11-25 21:15:00,1.3104,0.54447323
2010-11-25 06:30:00,2010-11-25 21:30:00,1.3174667,0.61226326
2010-11-25 06:30:00,2010-11-25 21:45:00,1.2810667,0.5917913
2010-11-25 06:30:00,2010-11-25 22:00:00,1.2472,0.55458796
2010-11-25 06:30:00,2010-11-25 22:15:00,1.1254667,0.5671056
2010-11-25 06:30:00,2010-11-25 22:30:00,0.576,0.49396393
2010-11-25 06:30:00,2010-11-25 22:45:00,0.23026666,0.44930077
2010-11-25 06:30:00,2010-11-25 23:00:00,0.26066667,0.42263916
2010-11-25 06:30:00,2010-11-25 23:15:00,0.23133333,0.40146685
2010-11-25 06:30:00,2010-11-25 23:30:00,0.18306665,0.35547054
2010-11-25 06:30:00,2010-11-25 23:45:00,0.18919998,0.4120216
2010-11-25 06:30:00,2010-11-26 00:00:00,0.19199994,0.30686355
2010-11-25 06:30:00,2010-11-26 00:15:00,0.22466666,0.29660103
2010-11-25 06:30:00,2010-11-26 00:30:00,0.37253332,0.288881
2010-11-25 06:30:00,2010-11-26 00:45:00,0.4332,0.297517
2010-11-25 06:30:00,2010-11-26 01:00:00,0.364,0.28870735
2010-11-25 06:30:00,2010-11-26 01:15:00,0.29279998,0.271839
2010-11-25 06:30:00,2010-11-26 01:30:00,0.23013332,0.27182394
2010-11-25 06:30:00,2010-11-26 01:45:00,0.15,0.28300774
2010-11-25 06:30:00,2010-11-26 02:00:00,0.218,0.2732827
2010-11-25 06:30:00,2010-11-26 02:15:00,0.16026667,0.27549413
2010-11-25 06:30:00,2010-11-26 02:30:00,0.21999998,0.27294007
2010-11-25 06:30:00,2010-11-26 02:45:00,0.16173334,0.26992044
2010-11-25 06:30:00,2010-11-26 03:00:00,0.19933334,0.2718335
2010-11-25 06:30:00,2010-11-26 03:15:00,0.25893334,0.26642168
2010-11-25 06:30:00,2010-11-26 03:30:00,0.152,0.2661212
2010-11-25 06:30:00,2010-11-26 03:45:00,0.24733332,0.27442172
2010-11-25 06:30:00,2010-11-26 04:00:00,0.17426665,0.2834108
2010-11-25 06:30:00,2010-11-26 04:15:00,0.19359998,0.26489672
2010-11-25 06:30:00,2010-11-26 04:30:00,0.16853333,0.27465805
2010-11-25 06:30:00,2010-11-26 04:45:00,0.20573333,0.27164385
2010-11-25 06:30:00,2010-11-26 05:00:00,0.18773334,0.27956364
2010-11-25 06:30:00,2010-11-26 05:15:00,0.12333333,0.2813961
2010-11-25 06:30:00,2010-11-26 05:30:00,0.2836,0.28165922
2010-11-25 06:30:00,2010-11-26 05:45:00,0.12146667,0.2757503
2010-11-25 06:30:00,2010-11-26 06:00:00,0.18853334,0.293529
2010-11-25 06:30:00,2010-11-26 06:15:00,0.22426668,0.3012467
2010-11-25 06:45:00,2010-11-25 06:45:00,0.8534667,0.3558157
2010-11-25 06:45:00,2010-11-25 07:00:00,0.40053332,0.35270798
2010-11-25 06:45:00,2010-11-25 07:15:00,0.6062667,0.39429718
2010-11-25 06:45:00,2010-11-25 07:30:00,0.35653332,0.48671404
2010-11-25 06:45:00,2010-11-25 07:45:00,0.43866664,0.5240432
2010-11-25 06:45:00,2010-11-25 08:00:00,0.41986668,0.50508016
2010-11-25 06:45:00,2010-11-25 08:15:00,0.45013332,0.48909548
2010-11-25 06:45:00,2010-11-25 08:30:00,0.5382666,0.4427153
2010-11-25 06:45:00,2010-11-25 08:45:00,0.52199996,0.42710808
2010-11-25 06:45:00,2010-11-25 09:00:00,0.5829333,0.3709734
2010-11-25 06:45:00,2010-11-25 09:15:00,0.50146663,0.3607068
2010-11-25 06:45:00,2010-11-25 09:30:00,0.48426667,0.3777297
2010-11-25 06:45:00,2010-11-25 09:45:00,0.49666664,0.34589893
2010-11-25 06:45:00,2010-11-25 10:00:00,0.2016,0.36253086
2010-11-25 06:45:00,2010-11-25 10:15:00,0.17546663,0.36031288
2010-11-25 06:45:00,2010-11-25 10:30:00,0.21919997,0.37416196
2010-11-25 06:45:00,2010-11-25 10:45:00,0.18359996,0.34856683
2010-11-25 06:45:00,2010-11-25 11:00:00,0.1486666,0.34139043
2010-11-25 06:45:00,2010-11-25 11:15:00,0.27133337,0.37324125
2010-11-25 06:45:00,2010-11-25 11:30:00,0.14919999,0.35124096
2010-11-25 06:45:00,2010-11-25 11:45:00,0.15893327,0.35433075
2010-11-25 06:45:00,2010-11-25 12:00:00,0.28439996,0.3834235
2010-11-25 06:45:00,2010-11-25 12:15:00,0.12546663,0.3438582
2010-11-25 06:45:00,2010-11-25 12:30:00,0.21013331,0.3381828
2010-11-25 06:45:00,2010-11-25 12:45:00,0.9637333,0.3466104
2010-11-25 06:45:00,2010-11-25 13:00:00,0.4665333,0.3193815
2010-11-25 06:45:00,2010-11-25 13:15:00,0.68146664,0.32015443
2010-11-25 06:45:00,2010-11-25 13:30:00,0.59239995,0.30737832
2010-11-25 06:45:00,2010-11-25 13:45:00,0.47093332,0.31082577
2010-11-25 06:45:00,2010-11-25 14:00:00,0.48746666,0.3200643
2010-11-25 06:45:00,2010-11-25 14:15:00,0.3624,0.3222145
2010-11-25 06:45:00,2010-11-25 14:30:00,0.22466666,0.30181488
2010-11-25 06:45:00,2010-11-25 14:45:00,0.20759998,0.29017565
2010-11-25 06:45:00,2010-11-25 15:00:00,0.13346663,0.2974143
2010-11-25 06:45:00,2010-11-25 15:15:00,0.24533334,0.30674717
2010-11-25 06:45:00,2010-11-25 15:30:00,0.18573333,0.3016208
2010-11-25 06:45:00,2010-11-25 15:45:00,0.17186667,0.33101964
2010-11-25 06:45:00,2010-11-25 16:00:00,0.2068,0.32352254
2010-11-25 06:45:00,2010-11-25 16:15:00,0.19160001,0.31778964
2010-11-25 06:45:00,2010-11-25 16:30:00,0.21613333,0.33790547
2010-11-25 06:45:00,2010-11-25 16:45:00,0.13426666,0.34491378
2010-11-25 06:45:00,2010-11-25 17:00:00,0.26146665,0.36450693
2010-11-25 06:45:00,2010-11-25 17:15:00,0.29333332,0.37706178
2010-11-25 06:45:00,2010-11-25 17:30:00,0.41079998,0.37246934
2010-11-25 06:45:00,2010-11-25 17:45:00,0.54693335,0.40871352
2010-11-25 06:45:00,2010-11-25 18:00:00,0.45559996,0.4176297
2010-11-25 06:45:00,2010-11-25 18:15:00,0.5201333,0.46803397
2010-11-25 06:45:00,2010-11-25 18:30:00,0.5048,0.48376256
2010-11-25 06:45:00,2010-11-25 18:45:00,0.5197333,0.4583476
2010-11-25 06:45:00,2010-11-25 19:00:00,0.49173334,0.5417869
2010-11-25 06:45:00,2010-11-25 19:15:00,0.45293334,0.5264055
2010-11-25 06:45:00,2010-11-25 19:30:00,0.9118666,0.64029545
2010-11-25 06:45:00,2010-11-25 19:45:00,0.8441333,0.5207839
2010-11-25 06:45:00,2010-11-25 20:00:00,0.998,0.6005995
2010-11-25 06:45:00,2010-11-25 20:15:00,0.68106663,0.5855797
2010-11-25 06:45:00,2010-11-25 20:30:00,1.4341334,0.52058816
2010-11-25 06:45:00,2010-11-25 20:45:00,1.578,0.5470641
2010-11-25 06:45:00,2010-11-25 21:00:00,1.2,0.50262076
2010-11-25 06:45:00,2010-11-25 21:15:00,1.3104,0.59069103
2010-11-25 06:45:00,2010-11-25 21:30:00,1.3174667,0.5850463
2010-11-25 06:45:00,2010-11-25 21:45:00,1.2810667,0.587692
2010-11-25 06:45:00,2010-11-25 22:00:00,1.2472,0.5527673
2010-11-25 06:45:00,2010-11-25 22:15:00,1.1254667,0.5376306
2010-11-25 06:45:00,2010-11-25 22:30:00,0.576,0.49372035
2010-11-25 06:45:00,2010-11-25 22:45:00,0.23026666,0.45028013
2010-11-25 06:45:00,2010-11-25 23:00:00,0.26066667,0.39689153
2010-11-25 06:45:00,2010-11-25 23:15:00,0.23133333,0.39131925
2010-11-25 06:45:00,2010-11-25 23:30:00,0.18306665,0.37986368
2010-11-25 06:45:00,2010-11-25 23:45:00,0.18919998,0.38939428
2010-11-25 06:45:00,2010-11-26 00:00:00,0.19199994,0.32457706
2010-11-25 06:45:00,2010-11-26 00:15:00,0.22466666,0.29955256
2010-11-25 06:45:00,2010-11-26 00:30:00,0.37253332,0.300221
2010-11-25 06:45:00,2010-11-26 00:45:00,0.4332,0.28486815
2010-11-25 06:45:00,2010-11-26 01:00:00,0.364,0.29533383
2010-11-25 06:45:00,2010-11-26 01:15:00,0.29279998,0.27470705
2010-11-25 06:45:00,2010-11-26 01:30:00,0.23013332,0.27753603
2010-11-25 06:45:00,2010-11-26 01:45:00,0.15,0.28441072
2010-11-25 06:45:00,2010-11-26 02:00:00,0.218,0.26502842
2010-11-25 06:45:00,2010-11-26 02:15:00,0.16026667,0.27173027
2010-11-25 06:45:00,2010-11-26 02:30:00,0.21999998,0.26842847
2010-11-25 06:45:00,2010-11-26 02:45:00,0.16173334,0.2600184
2010-11-25 06:45:00,2010-11-26 03:00:00,0.19933334,0.2725442
2010-11-25 06:45:00,2010-11-26 03:15:00,0.25893334,0.27363542
2010-11-25 06:45:00,2010-11-26 03:30:00,0.152,0.27660844
2010-11-25 06:45:00,2010-11-26 03:45:00,0.24733332,0.26823056
2010-11-25 06:45:00,2010-11-26 04:00:00,0.17426665,0.28980032
2010-11-25 06:45:00,2010-11-26 04:15:00,0.19359998,0.26369455
2010-11-25 06:45:00,2010-11-26 04:30:00,0.16853333,0.27198255
2010-11-25 06:45:00,2010-11-26 04:45:00,0.20573333,0.2785755
2010-11-25 06:45:00,2010-11-26 05:00:00,0.18773334,0.26221266
2010-11-25 06:45:00,2010-11-26 05:15:00,0.12333333,0.29004422
2010-11-25 06:45:00,2010-11-26 05:30:00,0.2836,0.28680345
2010-11-25 06:45:00,2010-11-26 05:45:00,0.12146667,0.27621406
2010-11-25 06:45:00,2010-11-26 06:00:00,0.18853334,0.3205643
2010-11-25 06:45:00,2010-11-26 06:15:00,0.22426668,0.32361263
2010-11-25 06:45:00,2010-11-26 06:30:00,0.9669333,0.34636307
2010-11-25 07:00:00,2010-11-25 07:00:00,0.40053332,0.50444955
2010-11-25 07:00:00,2010-11-25 07:15:00,0.6062667,0.51285547
2010-11-25 07:00:00,2010-11-25 07:30:00,0.35653332,0.5656864
2010-11-25 07:00:00,2010-11-25 07:45:00,0.43866664,0.5637514
2010-11-25 07:00:00,2010-11-25 08:00:00,0.41986668,0.539965
2010-11-25 07:00:00,2010-11-25 08:15:00,0.45013332,0.48365346
2010-11-25 07:00:00,2010-11-25 08:30:00,0.5382666,0.46459422
2010-11-25 07:00:00,2010-11-25 08:45:00,0.52199996,0.43219537
2010-11-25 07:00:00,2010-11-25 09:00:00,0.5829333,0.3774999
2010-11-25 07:00:00,2010-11-25 09:15:00,0.50146663,0.37250206
2010-11-25 07:00:00,2010-11-25 09:30:00,0.48426667,0.38641754
2010-11-25 07:00:00,2010-11-25 09:45:00,0.49666664,0.36348295
2010-11-25 07:00:00,2010-11-25 10:00:00,0.2016,0.36740938
2010-11-25 07:00:00,2010-11-25 10:15:00,0.17546663,0.37883088
2010-11-25 07:00:00,2010-11-25 10:30:00,0.21919997,0.39051977
2010-11-25 07:00:00,2010-11-25 10:45:00,0.18359996,0.36457902
2010-11-25 07:00:00,2010-11-25 11:00:00,0.1486666,0.35588375
2010-11-25 07:00:00,2010-11-25 11:15:00,0.27133337,0.3804072
2010-11-25 07:00:00,2010-11-25 11:30:00,0.14919999,0.38417453
2010-11-25 07:00:00,2010-11-25 11:45:00,0.15893327,0.34603634
2010-11-25 07:00:00,2010-11-25 12:00:00,0.28439996,0.36552203
2010-11-25 07:00:00,2010-11-25 12:15:00,0.12546663,0.36936805
2010-11-25 07:00:00,2010-11-25 12:30:00,0.21013331,0.32857388
2010-11-25 07:00:00,2010-11-25 12:45:00,0.9637333,0.339251
2010-11-25 07:00:00,2010-11-25 13:00:00,0.4665333,0.34840605
2010-11-25 07:00:00,2010-11-25 13:15:00,0.68146664,0.329865
2010-11-25 07:00:00,2010-11-25 13:30:00,0.59239995,0.31878373
2010-11-25 07:00:00,2010-11-25 13:45:00,0.47093332,0.30300242
2010-11-25 07:00:00,2010-11-25 14:00:00,0.48746666,0.30858788
2010-11-25 07:00:00,2010-11-25 14:15:00,0.3624,0.36902118
2010-11-25 07:00:00,2010-11-25 14:30:00,0.22466666,0.3245859
2010-11-25 07:00:00,2010-11-25 14:45:00,0.20759998,0.31011948
2010-11-25 07:00:00,2010-11-25 15:00:00,0.13346663,0.30200365
2010-11-25 07:00:00,2010-11-25 15:15:00,0.24533334,0.29753813
2010-11-25 07:00:00,2010-11-25 15:30:00,0.18573333,0.2866389
2010-11-25 07:00:00,2010-11-25 15:45:00,0.17186667,0.32255864
2010-11-25 07:00:00,2010-11-25 16:00:00,0.2068,0.3474866
2010-11-25 07:00:00,2010-11-25 16:15:00,0.19160001,0.33160415
2010-11-25 07:00:00,2010-11-25 16:30:00,0.21613333,0.34870872
2010-11-25 07:00:00,2010-11-25 16:45:00,0.13426666,0.36377805
2010-11-25 07:00:00,2010-11-25 17:00:00,0.26146665,0.35534695
2010-11-25 07:00:00,2010-11-25 17:15:00,0.29333332,0.36651364
2010-11-25 07:00:00,2010-11-25 17:30:00,0.41079998,0.3781265
2010-11-25 07:00:00,2010-11-25 17:45:00,0.54693335,0.38259524
2010-11-25 07:00:00,2010-11-25 18:00:00,0.45559996,0.43919805
2010-11-25 07:00:00,2010-11-25 18:15:00,0.5201333,0.46583286
2010-11-25 07:00:00,2010-11-25 18:30:00,0.5048,0.45830393
2010-11-25 07:00:00,2010-11-25 18:45:00,0.5197333,0.48274577
2010-11-25 07:00:00,2010-11-25 19:00:00,0.49173334,0.5550454
2010-11-25 07:00:00,2010-11-25 19:15:00,0.45293334,0.52324814
2010-11-25 07:00:00,2010-11-25 19:30:00,0.9118666,0.602148
2010-11-25 07:00:00,2010-11-25 19:45:00,0.8441333,0.5578191
2010-11-25 07:00:00,2010-11-25 20:00:00,0.998,0.63917506
2010-11-25 07:00:00,2010-11-25 20:15:00,0.68106663,0.6291067
2010-11-25 07:00:00,2010-11-25 20:30:00,1.4341334,0.5441514
2010-11-25 07:00:00,2010-11-25 20:45:00,1.578,0.5607393
2010-11-25 07:00:00,2010-11-25 21:00:00,1.2,0.5292073
2010-11-25 07:00:00,2010-11-25 21:15:00,1.3104,0.5393025
2010-11-25 07:00:00,2010-11-25 21:30:00,1.3174667,0.61264735
2010-11-25 07:00:00,2010-11-25 21:45:00,1.2810667,0.56581914
2010-11-25 07:00:00,2010-11-25 22:00:00,1.2472,0.5780989
2010-11-25 07:00:00,2010-11-25 22:15:00,1.1254667,0.563593
2010-11-25 07:00:00,2010-11-25 22:30:00,0.576,0.50332093
2010-11-25 07:00:00,2010-11-25 22:45:00,0.23026666,0.463934
2010-11-25 07:00:00,2010-11-25 23:00:00,0.26066667,0.3992382
2010-11-25 07:00:00,2010-11-25 23:15:00,0.23133333,0.38420045
2010-11-25 07:00:00,2010-11-25 23:30:00,0.18306665,0.39451125
2010-11-25 07:00:00,2010-11-25 23:45:00,0.18919998,0.41697112
2010-11-25 07:00:00,2010-11-26 00:00:00,0.19199994,0.316086
2010-11-25 07:00:00,2010-11-26 00:15:00,0.22466666,0.29639465
2010-11-25 07:00:00,2010-11-26 00:30:00,0.37253332,0.28176233
2010-11-25 07:00:00,2010-11-26 00:45:00,0.4332,0.31084612
2010-11-25 07:00:00,2010-11-26 01:00:00,0.364,0.2927724
2010-11-25 07:00:00,2010-11-26 01:15:00,0.29279998,0.2911328
2010-11-25 07:00:00,2010-11-26 01:30:00,0.23013332,0.2757197
2010-11-25 07:00:00,2010-11-26 01:45:00,0.15,0.28440472
2010-11-25 07:00:00,2010-11-26 02:00:00,0.218,0.26968622
2010-11-25 07:00:00,2010-11-26 02:15:00,0.16026667,0.2725329
2010-11-25 07:00:00,2010-11-26 02:30:00,0.21999998,0.26984707
2010-11-25 07:00:00,2010-11-26 02:45:00,0.16173334,0.27096668
2010-11-25 07:00:00,2010-11-26 03:00:00,0.19933334,0.26785702
2010-11-25 07:00:00,2010-11-26 03:15:00,0.25893334,0.27440813
2010-11-25 07:00:00,2010-11-26 03:30:00,0.152,0.2796515
2010-11-25 07:00:00,2010-11-26 03:45:00,0.24733332,0.26707813
2010-11-25 07:00:00,2010-11-26 04:00:00,0.17426665,0.2723861
2010-11-25 07:00:00,2010-11-26 04:15:00,0.19359998,0.28303045
2010-11-25 07:00:00,2010-11-26 04:30:00,0.16853333,0.26798102
2010-11-25 07:00:00,2010-11-26 04:45:00,0.20573333,0.28367755
2010-11-25 07:00:00,2010-11-26 05:00:00,0.18773334,0.27884924
2010-11-25 07:00:00,2010-11-26 05:15:00,0.12333333,0.2753818
2010-11-25 07:00:00,2010-11-26 05:30:00,0.2836,0.30176225
2010-11-25 07:00:00,2010-11-26 05:45:00,0.12146667,0.28438678
2010-11-25 07:00:00,2010-11-26 06:00:00,0.18853334,0.3027718
2010-11-25 07:00:00,2010-11-26 06:15:00,0.22426668,0.3289404
2010-11-25 07:00:00,2010-11-26 06:30:00,0.9669333,0.34282833
2010-11-25 07:00:00,2010-11-26 06:45:00,0.27733332,0.4396998
2010-11-25 07:15:00,2010-11-25 07:15:00,0.6062667,0.46321937
2010-11-25 07:15:00,2010-11-25 07:30:00,0.35653332,0.5344654
2010-11-25 07:15:00,2010-11-25 07:45:00,0.43866664,0.5412724
2010-11-25 07:15:00,2010-11-25 08:00:00,0.41986668,0.51439273
2010-11-25 07:15:00,2010-11-25 08:15:00,0.45013332,0.4708497
2010-11-25 07:15:00,2010-11-25 08:30:00,0.5382666,0.45226708
2010-11-25 07:15:00,2010-11-25 08:45:00,0.52199996,0.44384363
2010-11-25 07:15:00,2010-11-25 09:00:00,0.5829333,0.4083808
2010-11-25 07:15:00,2010-11-25 09:15:00,0.50146663,0.36451894
2010-11-25 07:15:00,2010-11-25 09:30:00,0.48426667,0.39974198
2010-11-25 07:15:00,2010-11-25 09:45:00,0.49666664,0.38664877
2010-11-25 07:15:00,2010-11-25 10:00:00,0.2016,0.3760858
2010-11-25 07:15:00,2010-11-25 10:15:00,0.17546663,0.377509
2010-11-25 07:15:00,2010-11-25 10:30:00,0.21919997,0.4013512
2010-11-25 07:15:00,2010-11-25 10:45:00,0.18359996,0.36430493
2010-11-25 07:15:00,2010-11-25 11:00:00,0.1486666,0.37821183
2010-11-25 07:15:00,2010-11-25 11:15:00,0.27133337,0.37047368
2010-11-25 07:15:00,2010-11-25 11:30:00,0.14919999,0.385156
2010-11-25 07:15:00,2010-11-25 11:45:00,0.15893327,0.35592574
2010-11-25 07:15:00,2010-11-25 12:00:00,0.28439996,0.3581264
2010-11-25 07:15:00,2010-11-25 12:15:00,0.12546663,0.36160594
2010-11-25 07:15:00,2010-11-25 12:30:00,0.21013331,0.35007325
2010-11-25 07:15:00,2010-11-25 12:45:00,0.9637333,0.34168848
2010-11-25 07:15:00,2010-11-25 13:00:00,0.4665333,0.34317917
2010-11-25 07:15:00,2010-11-25 13:15:00,0.68146664,0.33504742
2010-11-25 07:15:00,2010-11-25 13:30:00,0.59239995,0.3164303
2010-11-25 07:15:00,2010-11-25 13:45:00,0.47093332,0.30482534
2010-11-25 07:15:00,2010-11-25 14:00:00,0.48746666,0.31030503
2010-11-25 07:15:00,2010-11-25 14:15:00,0.3624,0.34798086
2010-11-25 07:15:00,2010-11-25 14:30:00,0.22466666,0.32157698
2010-11-25 07:15:00,2010-11-25 14:45:00,0.20759998,0.30131292
2010-11-25 07:15:00,2010-11-25 15:00:00,0.13346663,0.3093562
2010-11-25 07:15:00,2010-11-25 15:15:00,0.24533334,0.2956149
2010-11-25 07:15:00,2010-11-25 15:30:00,0.18573333,0.30358624
2010-11-25 07:15:00,2010-11-25 15:45:00,0.17186667,0.3235716
2010-11-25 07:15:00,2010-11-25 16:00:00,0.2068,0.35507596
2010-11-25 07:15:00,2010-11-25 16:15:00,0.19160001,0.3365931
2010-11-25 07:15:00,2010-11-25 16:30:00,0.21613333,0.35282317
2010-11-25 07:15:00,2010-11-25 16:45:00,0.13426666,0.3766314
2010-11-25 07:15:00,2010-11-25 17:00:00,0.26146665,0.3653938
2010-11-25 07:15:00,2010-11-25 17:15:00,0.29333332,0.37744898
2010-11-25 07:15:00,2010-11-25 17:30:00,0.41079998,0.38674697
2010-11-25 07:15:00,2010-11-25 17:45:00,0.54693335,0.41647115
2010-11-25 07:15:00,2010-11-25 18:00:00,0.45559996,0.413194
2010-11-25 07:15:00,2010-11-25 18:15:00,0.5201333,0.52904266
2010-11-25 07:15:00,2010-11-25 18:30:00,0.5048,0.46486685
2010-11-25 07:15:00,2010-11-25 18:45:00,0.5197333,0.48129317
2010-11-25 07:15:00,2010-11-25 19:00:00,0.49173334,0.52785486
2010-11-25 07:15:00,2010-11-25 19:15:00,0.45293334,0.54299915
2010-11-25 07:15:00,2010-11-25 19:30:00,0.9118666,0.59713274
2010-11-25 07:15:00,2010-11-25 19:45:00,0.8441333,0.56350845
2010-11-25 07:15:00,2010-11-25 20:00:00,0.998,0.6625884
2010-11-25 07:15:00,2010-11-25 20:15:00,0.68106663,0.59571457
2010-11-25 07:15:00,2010-11-25 20:30:00,1.4341334,0.56352943
2010-11-25 07:15:00,2010-11-25 20:45:00,1.578,0.57333493
2010-11-25 07:15:00,2010-11-25 21:00:00,1.2,0.527801
2010-11-25 07:15:00,2010-11-25 21:15:00,1.3104,0.5433404
2010-11-25 07:15:00,2010-11-25 21:30:00,1.3174667,0.58746415
2010-11-25 07:15:00,2010-11-25 21:45:00,1.2810667,0.58841807
2010-11-25 07:15:00,2010-11-25 22:00:00,1.2472,0.5494827
2010-11-25 07:15:00,2010-11-25 22:15:00,1.1254667,0.5866891
2010-11-25 07:15:00,2010-11-25 22:30:00,0.576,0.51312673
2010-11-25 07:15:00,2010-11-25 22:45:00,0.23026666,0.48559082
2010-11-25 07:15:00,2010-11-25 23:00:00,0.26066667,0.40334257
2010-11-25 07:15:00,2010-11-25 23:15:00,0.23133333,0.40243083
2010-11-25 07:15:00,2010-11-25 23:30:00,0.18306665,0.37038723
2010-11-25 07:15:00,2010-11-25 23:45:00,0.18919998,0.420363
2010-11-25 07:15:00,2010-11-26 00:00:00,0.19199994,0.31419393
2010-11-25 07:15:00,2010-11-26 00:15:00,0.22466666,0.28654987
2010-11-25 07:15:00,2010-11-26 00:30:00,0.37253332,0.31696716
2010-11-25 07:15:00,2010-11-26 00:45:00,0.4332,0.30730727
2010-11-25 07:15:00,2010-11-26 01:00:00,0.364,0.31926525
2010-11-25 07:15:00,2010-11-26 01:15:00,0.29279998,0.28707552
2010-11-25 07:15:00,2010-11-26 01:30:00,0.23013332,0.28145579
2010-11-25 07:15:00,2010-11-26 01:45:00,0.15,0.27688885
2010-11-25 07:15:00,2010-11-26 02:00:00,0.218,0.27695602
2010-11-25 07:15:00,2010-11-26 02:15:00,0.16026667,0.26690343
2010-11-25 07:15:00,2010-11-26 02:30:00,0.21999998,0.2697397
2010-11-25 07:15:00,2010-11-26 02:45:00,0.16173334,0.27630302
2010-11-25 07:15:00,2010-11-26 03:00:00,0.19933334,0.2782772
2010-11-25 07:15:00,2010-11-26 03:15:00,0.25893334,0.27265126
2010-11-25 07:15:00,2010-11-26 03:30:00,0.152,0.2760654
2010-11-25 07:15:00,2010-11-26 03:45:00,0.24733332,0.26395103
2010-11-25 07:15:00,2010-11-26 04:00:00,0.17426665,0.28002915
2010-11-25 07:15:00,2010-11-26 04:15:00,0.19359998,0.28288785
2010-11-25 07:15:00,2010-11-26 04:30:00,0.16853333,0.28869143
2010-11-25 07:15:00,2010-11-26 04:45:00,0.20573333,0.28101408
2010-11-25 07:15:00,2010-11-26 05:00:00,0.18773334,0.27068943
2010-11-25 07:15:00,2010-11-26 05:15:00,0.12333333,0.27900884
2010-11-25 07:15:00,2010-11-26 05:30:00,0.2836,0.27884164
2010-11-25 07:15:00,2010-11-26 05:45:00,0.12146667,0.29824522
2010-11-25 07:15:00,2010-11-26 06:00:00,0.18853334,0.33420274
2010-11-25 07:15:00,2010-11-26 06:15:00,0.22426668,0.33474073
2010-11-25 07:15:00,2010-11-26 06:30:00,0.9669333,0.3821795
2010-11-25 07:15:00,2010-11-26 06:45:00,0.27733332,0.4785301
2010-11-25 07:15:00,2010-11-26 07:00:00,0.23053332,0.51116854
2010-11-25 07:30:00,2010-11-25 07:30:00,0.35653332,0.5933675
2010-11-25 07:30:00,2010-11-25 07:45:00,0.43866664,0.5768492
2010-11-25 07:30:00,2010-11-25 08:00:00,0.41986668,0.55739444
2010-11-25 07:30:00,2010-11-25 08:15:00,0.45013332,0.4945461
2010-11-25 07:30:00,2010-11-25 08:30:00,0.5382666,0.47700197
2010-11-25 07:30:00,2010-11-25 08:45:00,0.52199996,0.42950338
2010-11-25 07:30:00,2010-11-25 09:00:00,0.5829333,0.3908383
2010-11-25 07:30:00,2010-11-25 09:15:00,0.50146663,0.38882837
2010-11-25 07:30:00,2010-11-25 09:30:00,0.48426667,0.39475015
2010-11-25 07:30:00,2010-11-25 09:45:00,0.49666664,0.38869482
2010-11-25 07:30:00,2010-11-25 10:00:00,0.2016,0.37962452
2010-11-25 07:30:00,2010-11-25 10:15:00,0.17546663,0.38447368
2010-11-25 07:30:00,2010-11-25 10:30:00,0.21919997,0.38239416
2010-11-25 07:30:00,2010-11-25 10:45:00,0.18359996,0.38275322
2010-11-25 07:30:00,2010-11-25 11:00:00,0.1486666,0.37398228
2010-11-25 07:30:00,2010-11-25 11:15:00,0.27133337,0.3728087
2010-11-25 07:30:00,2010-11-25 11:30:00,0.14919999,0.3802341
2010-11-25 07:30:00,2010-11-25 11:45:00,0.15893327,0.36541426
2010-11-25 07:30:00,2010-11-25 12:00:00,0.28439996,0.37884247
2010-11-25 07:30:00,2010-11-25 12:15:00,0.12546663,0.35570118
2010-11-25 07:30:00,2010-11-25 12:30:00,0.21013331,0.35139465
2010-11-25 07:30:00,2010-11-25 12:45:00,0.9637333,0.35232702
2010-11-25 07:30:00,2010-11-25 13:00:00,0.4665333,0.3406958
2010-11-25 07:30:00,2010-11-25 13:15:00,0.68146664,0.3190891
2010-11-25 07:30:00,2010-11-25 13:30:00,0.59239995,0.32252002
2010-11-25 07:30:00,2010-11-25 13:45:00,0.47093332,0.30360815
2010-11-25 07:30:00,2010-11-25 14:00:00,0.48746666,0.315345
2010-11-25 07:30:00,2010-11-25 14:15:00,0.3624,0.33012766
2010-11-25 07:30:00,2010-11-25 14:30:00,0.22466666,0.31058863
2010-11-25 07:30:00,2010-11-25 14:45:00,0.20759998,0.30620566
2010-11-25 07:30:00,2010-11-25 15:00:00,0.13346663,0.3102107
2010-11-25 07:30:00,2010-11-25 15:15:00,0.24533334,0.29229388
2010-11-25 07:30:00,2010-11-25 15:30:00,0.18573333,0.30019832
2010-11-25 07:30:00,2010-11-25 15:45:00,0.17186667,0.32224846
2010-11-25 07:30:00,2010-11-25 16:00:00,0.2068,0.34983802
2010-11-25 07:30:00,2010-11-25 16:15:00,0.19160001,0.34339637
2010-11-25 07:30:00,2010-11-25 16:30:00,0.21613333,0.35321152
2010-11-25 07:30:00,2010-11-25 16:45:00,0.13426666,0.36309692
2010-11-25 07:30:00,2010-11-25 17:00:00,0.26146665,0.3569984
2010-11-25 07:30:00,2010-11-25 17:15:00,0.29333332,0.3811139
2010-11-25 07:30:00,2010-11-25 17:30:00,0.41079998,0.39157516
2010-11-25 07:30:00,2010-11-25 17:45:00,0.54693335,0.39819282
2010-11-25 07:30:00,2010-11-25 18:00:00,0.45559996,0.43416914
2010-11-25 07:30:00,2010-11-25 18:15:00,0.5201333,0.48466533
2010-11-25 07:30:00,2010-11-25 18:30:00,0.5048,0.4501577
2010-11-25 07:30:00,2010-11-25 18:45:00,0.5197333,0.46227482
2010-11-25 07:30:00,2010-11-25 19:00:00,0.49173334,0.56051487
2010-11-25 07:30:00,2010-11-25 19:15:00,0.45293334,0.5630168
2010-11-25 07:30:00,2010-11-25 19:30:00,0.9118666,0.6229284
2010-11-25 07:30:00,2010-11-25 19:45:00,0.8441333,0.5178413
2010-11-25 07:30:00,2010-11-25 20:00:00,0.998,0.67063755
2010-11-25 07:30:00,2010-11-25 20:15:00,0.68106663,0.61727375
2010-11-25 07:30:00,2010-11-25 20:30:00,1.4341334,0.5417181
2010-11-25 07:30:00,2010-11-25 20:45:00,1.578,0.5602579
2010-11-25 07:30:00,2010-11-25 21:00:00,1.2,0.56264913
2010-11-25 07:30:00,2010-11-25 21:15:00,1.3104,0.56715125
2010-11-25 07:30:00,2010-11-25 21:30:00,1.3174667,0.5956634
2010-11-25 07:30:00,2010-11-25 21:45:00,1.2810667,0.5839837
2010-11-25 07:30:00,2010-11-25 22:00:00,1.2472,0.5634646
2010-11-25 07:30:00,2010-11-25 22:15:00,1.1254667,0.54480827
2010-11-25 07:30:00,2010-11-25 22:30:00,0.576,0.5286491
2010-11-25 07:30:00,2010-11-25 22:45:00,0.23026666,0.46701142
2010-11-25 07:30:00,2010-11-25 23:00:00,0.26066667,0.3901555
2010-11-25 07:30:00,2010-11-25 23:15:00,0.23133333,0.40447107
2010-11-25 07:30:00,2010-11-25 23:30:00,0.18306665,0.38810158
2010-11-25 07:30:00,2010-11-25 23:45:00,0.18919998,0.4109253
2010-11-25 07:30:00,2010-11-26 00:00:00,0.19199994,0.31967515
2010-11-25 07:30:00,2010-11-26 00:15:00,0.22466666,0.30194739
2010-11-25 07:30:00,2010-11-26 00:30:00,0.37253332,0.28476384
2010-11-25 07:30:00,2010-11-26 00:45:00,0.4332,0.30608135
2010-11-25 07:30:00,2010-11-26 01:00:00,0.364,0.30135515
2010-11-25 07:30:00,2010-11-26 01:15:00,0.29279998,0.28735238
2010-11-25 07:30:00,2010-11-26 01:30:00,0.23013332,0.2696935
2010-11-25 07:30:00,2010-11-26 01:45:00,0.15,0.28775734
2010-11-25 07:30:00,2010-11-26 02:00:00,0.218,0.26941726
2010-11-25 07:30:00,2010-11-26 02:15:00,0.16026667,0.27415532
2010-11-25 07:30:00,2010-11-26 02:30:00,0.21999998,0.26919857
2010-11-25 07:30:00,2010-11-26 02:45:00,0.16173334,0.26706025
2010-11-25 07:30:00,2010-11-26 03:00:00,0.19933334,0.26936752
2010-11-25 07:30:00,2010-11-26 03:15:00,0.25893334,0.27082503
2010-11-25 07:30:00,2010-11-26 03:30:00,0.152,0.2661657
2010-11-25 07:30:00,2010-11-26 03:45:00,0.24733332,0.27052
2010-11-25 07:30:00,2010-11-26 04:00:00,0.17426665,0.2883708
2010-11-25 07:30:00,2010-11-26 04:15:00,0.19359998,0.27858108
2010-11-25 07:30:00,2010-11-26 04:30:00,0.16853333,0.2792564
2010-11-25 07:30:00,2010-11-26 04:45:00,0.20573333,0.28528363
2010-11-25 07:30:00,2010-11-26 05:00:00,0.18773334,0.27997953
2010-11-25 07:30:00,2010-11-26 05:15:00,0.12333333,0.27735007
2010-11-25 07:30:00,2010-11-26 05:30:00,0.2836,0.29528362
2010-11-25 07:30:00,2010-11-26 05:45:00,0.12146667,0.28775296
2010-11-25 07:30:00,2010-11-26 06:00:00,0.18853334,0.33526894
2010-11-25 07:30:00,2010-11-26 06:15:00,0.22426668,0.33119807
2010-11-25 07:30:00,2010-11-26 06:30:00,0.9669333,0.37074232
2010-11-25 07:30:00,2010-11-26 06:45:00,0.27733332,0.46884355
2010-11-25 07:30:00,2010-11-26 07:00:00,0.23053332,0.51680815
2010-11-25 07:30:00,2010-11-26 07:15:00,0.43213332,0.4624987
2010-11-25 07:45:00,2010-11-25 07:45:00,0.43866664,0.5029547
2010-11-25 07:45:00,2010-11-25 08:00:00,0.41986668,0.47146648
2010-11-25 07:45:00,2010-11-25 08:15:00,0.45013332,0.46406323
2010-11-25 07:45:00,2010-11-25 08:30:00,0.5382666,0.47739825
2010-11-25 07:45:00,2010-11-25 08:45:00,0.52199996,0.44538903
2010-11-25 07:45:00,2010-11-25 09:00:00,0.5829333,0.40419564
2010-11-25 07:45:00,2010-11-25 09:15:00,0.50146663,0.394959
2010-11-25 07:45:00,2010-11-25 09:30:00,0.48426667,0.41230088
2010-11-25 07:45:00,2010-11-25 09:45:00,0.49666664,0.3863086
2010-11-25 07:45:00,2010-11-25 10:00:00,0.2016,0.38717848
2010-11-25 07:45:00,2010-11-25 10:15:00,0.17546663,0.39831293
2010-11-25 07:45:00,2010-11-25 10:30:00,0.21919997,0.40356484
2010-11-25 07:45:00,2010-11-25 10:45:00,0.18359996,0.38116688
2010-11-25 07:45:00,2010-11-25 11:00:00,0.1486666,0.3700357
2010-11-25 07:45:00,2010-11-25 11:15:00,0.27133337,0.37584484
2010-11-25 07:45:00,2010-11-25 11:30:00,0.14919999,0.39936447
2010-11-25 07:45:00,2010-11-25 11:45:00,0.15893327,0.3673225
2010-11-25 07:45:00,2010-11-25 12:00:00,0.28439996,0.38351083
2010-11-25 07:45:00,2010-11-25 12:15:00,0.12546663,0.3822847
2010-11-25 07:45:00,2010-11-25 12:30:00,0.21013331,0.35786602
2010-11-25 07:45:00,2010-11-25 12:45:00,0.9637333,0.3315571
2010-11-25 07:45:00,2010-11-25 13:00:00,0.4665333,0.33358264
2010-11-25 07:45:00,2010-11-25 13:15:00,0.68146664,0.3152562
2010-11-25 07:45:00,2010-11-25 13:30:00,0.59239995,0.32786164
2010-11-25 07:45:00,2010-11-25 13:45:00,0.47093332,0.3213278
2010-11-25 07:45:00,2010-11-25 14:00:00,0.48746666,0.3066615
2010-11-25 07:45:00,2010-11-25 14:15:00,0.3624,0.34842578
2010-11-25 07:45:00,2010-11-25 14:30:00,0.22466666,0.32624498
2010-11-25 07:45:00,2010-11-25 14:45:00,0.20759998,0.28563118
2010-11-25 07:45:00,2010-11-25 15:00:00,0.13346663,0.30144507
2010-11-25 07:45:00,2010-11-25 15:15:00,0.24533334,0.2982916
2010-11-25 07:45:00,2010-11-25 15:30:00,0.18573333,0.31658968
2010-11-25 07:45:00,2010-11-25 15:45:00,0.17186667,0.33912775
2010-11-25 07:45:00,2010-11-25 16:00:00,0.2068,0.3499266
2010-11-25 07:45:00,2010-11-25 16:15:00,0.19160001,0.32344273
2010-11-25 07:45:00,2010-11-25 16:30:00,0.21613333,0.3401449
2010-11-25 07:45:00,2010-11-25 16:45:00,0.13426666,0.37776086
2010-11-25 07:45:00,2010-11-25 17:00:00,0.26146665,0.3934036
2010-11-25 07:45:00,2010-11-25 17:15:00,0.29333332,0.37103993
2010-11-25 07:45:00,2010-11-25 17:30:00,0.41079998,0.40319106
2010-11-25 07:45:00,2010-11-25 17:45:00,0.54693335,0.40427628
2010-11-25 07:45:00,2010-11-25 18:00:00,0.45559996,0.43750077
2010-11-25 07:45:00,2010-11-25 18:15:00,0.5201333,0.48993272
2010-11-25 07:45:00,2010-11-25 18:30:00,0.5048,0.46674517
2010-11-25 07:45:00,2010-11-25 18:45:00,0.5197333,0.48574036
2010-11-25 07:45:00,2010-11-25 19:00:00,0.49173334,0.56019557
2010-11-25 07:45:00,2010-11-25 19:15:00,0.45293334,0.5537754
2010-11-25 07:45:00,2010-11-25 19:30:00,0.9118666,0.579399
2010-11-25 07:45:00,2010-11-25 19:45:00,0.8441333,0.54746526
2010-11-25 07:45:00,2010-11-25 20:00:00,0.998,0.6334431
2010-11-25 07:45:00,2010-11-25 20:15:00,0.68106663,0.62398183
2010-11-25 07:45:00,2010-11-25 20:30:00,1.4341334,0.5501307
2010-11-25 07:45:00,2010-11-25 20:45:00,1.578,0.53099215
2010-11-25 07:45:00,2010-11-25 21:00:00,1.2,0.5676384
2010-11-25 07:45:00,2010-11-25 21:15:00,1.3104,0.57249385
2010-11-25 07:45:00,2010-11-25 21:30:00,1.3174667,0.6183869
2010-11-25 07:45:00,2010-11-25 21:45:00,1.2810667,0.5867409
2010-11-25 07:45:00,2010-11-25 22:00:00,1.2472,0.5576135
2010-11-25 07:45:00,2010-11-25 22:15:00,1.1254667,0.5343707
2010-11-25 07:45:00,2010-11-25 22:30:00,0.576,0.56269217
2010-11-25 07:45:00,2010-11-25 22:45:00,0.23026666,0.49069515
2010-11-25 07:45:00,2010-11-25 23:00:00,0.26066667,0.41294646
2010-11-25 07:45:00,2010-11-25 23:15:00,0.23133333,0.40039918
2010-11-25 07:45:00,2010-11-25 23:30:00,0.18306665,0.38248837
2010-11-25 07:45:00,2010-11-25 23:45:00,0.18919998,0.4103982
2010-11-25 07:45:00,2010-11-26 00:00:00,0.19199994,0.3214099
2010-11-25 07:45:00,2010-11-26 00:15:00,0.22466666,0.29073864
2010-11-25 07:45:00,2010-11-26 00:30:00,0.37253332,0.29457784
2010-11-25 07:45:00,2010-11-26 00:45:00,0.4332,0.30500293
2010-11-25 07:45:00,2010-11-26 01:00:00,0.364,0.30323848
2010-11-25 07:45:00,2010-11-26 01:15:00,0.29279998,0.2860668
2010-11-25 07:45:00,2010-11-26 01:30:00,0.23013332,0.28216
2010-11-25 07:45:00,2010-11-26 01:45:00,0.15,0.29367936
2010-11-25 07:45:00,2010-11-26 02:00:00,0.218,0.28366438
2010-11-25 07:45:00,2010-11-26 02:15:00,0.16026667,0.26926142
2010-11-25 07:45:00,2010-11-26 02:30:00,0.21999998,0.2814122
2010-11-25 07:45:00,2010-11-26 02:45:00,0.16173334,0.26673877
2010-11-25 07:45:00,2010-11-26 03:00:00,0.19933334,0.2670318
2010-11-25 07:45:00,2010-11-26 03:15:00,0.25893334,0.28616285
2010-11-25 07:45:00,2010-11-26 03:30:00,0.152,0.27681187
2010-11-25 07:45:00,2010-11-26 03:45:00,0.24733332,0.25871387
2010-11-25 07:45:00,2010-11-26 04:00:00,0.17426665,0.27543756
2010-11-25 07:45:00,2010-11-26 04:15:00,0.19359998,0.28448042
2010-11-25 07:45:00,2010-11-26 04:30:00,0.16853333,0.28636497
2010-11-25 07:45:00,2010-11-26 04:45:00,0.20573333,0.27948755
2010-11-25 07:45:00,2010-11-26 05:00:00,0.18773334,0.2874716
2010-11-25 07:45:00,2010-11-26 05:15:00,0.12333333,0.28532332
2010-11-25 07:45:00,2010-11-26 05:30:00,0.2836,0.2780397
2010-11-25 07:45:00,2010-11-26 05:45:00,0.12146667,0.29441836
2010-11-25 07:45:00,2010-11-26 06:00:00,0.18853334,0.31187493
2010-11-25 07:45:00,2010-11-26 06:15:00,0.22426668,0.32648972
2010-11-25 07:45:00,2010-11-26 06:30:00,0.9669333,0.38403058
2010-11-25 07:45:00,2010-11-26 06:45:00,0.27733332,0.4681241
2010-11-25 07:45:00,2010-11-26 07:00:00,0.23053332,0.5598227
2010-11-25 07:45:00,2010-11-26 07:15:00,0.43213332,0.487899
2010-11-25 07:45:00,2010-11-26 07:30:00,0.2782666,0.5110677
2010-11-25 08:00:00,2010-11-25 08:00:00,0.41986668,0.49344975
2010-11-25 08:00:00,2010-11-25 08:15:00,0.45013332,0.4679717
2010-11-25 08:00:00,2010-11-25 08:30:00,0.5382666,0.46695927
2010-11-25 08:00:00,2010-11-25 08:45:00,0.52199996,0.4391698
2010-11-25 08:00:00,2010-11-25 09:00:00,0.5829333,0.41858605
2010-11-25 08:00:00,2010-11-25 09:15:00,0.50146663,0.4050023
2010-11-25 08:00:00,2010-11-25 09:30:00,0.48426667,0.4139251
2010-11-25 08:00:00,2010-11-25 09:45:00,0.49666664,0.39038497
2010-11-25 08:00:00,2010-11-25 10:00:00,0.2016,0.384421
2010-11-25 08:00:00,2010-11-25 10:15:00,0.17546663,0.395075
2010-11-25 08:00:00,2010-11-25 10:30:00,0.21919997,0.39466447
2010-11-25 08:00:00,2010-11-25 10:45:00,0.18359996,0.38272065
2010-11-25 08:00:00,2010-11-25 11:00:00,0.1486666,0.37406588
2010-11-25 08:00:00,2010-11-25 11:15:00,0.27133337,0.38057277
2010-11-25 08:00:00,2010-11-25 11:30:00,0.14919999,0.38781255
2010-11-25 08:00:00,2010-11-25 11:45:00,0.15893327,0.3741311
2010-11-25 08:00:00,2010-11-25 12:00:00,0.28439996,0.3688444
2010-11-25 08:00:00,2010-11-25 12:15:00,0.12546663,0.36635235
2010-11-25 08:00:00,2010-11-25 12:30:00,0.21013331,0.3476563
2010-11-25 08:00:00,2010-11-25 12:45:00,0.9637333,0.33202067
2010-11-25 08:00:00,2010-11-25 13:00:00,0.4665333,0.35054642
2010-11-25 08:00:00,2010-11-25 13:15:00,0.68146664,0.334049
2010-11-25 08:00:00,2010-11-25 13:30:00,0.59239995,0.32016703
2010-11-25 08:00:00,2010-11-25 13:45:00,0.47093332,0.32071865
2010-11-25 08:00:00,2010-11-25 14:00:00,0.48746666,0.31289098
2010-11-25 08:00:00,2010-11-25 14:15:00,0.3624,0.3471
2010-11-25 08:00:00,2010-11-25 14:30:00,0.22466666,0.32881245
2010-11-25 08:00:00,2010-11-25 14:45:00,0.20759998,0.2967222
2010-11-25 08:00:00,2010-11-25 15:00:00,0.13346663,0.30314067
2010-11-25 08:00:00,2010-11-25 15:15:00,0.24533334,0.30063018
2010-11-25 08:00:00,2010-11-25 15:30:00,0.18573333,0.2980791
2010-11-25 08:00:00,2010-11-25 15:45:00,0.17186667,0.333825
2010-11-25 08:00:00,2010-11-25 16:00:00,0.2068,0.33535534
2010-11-25 08:00:00,2010-11-25 16:15:00,0.19160001,0.34309703
2010-11-25 08:00:00,2010-11-25 16:30:00,0.21613333,0.3545372
2010-11-25 08:00:00,2010-11-25 16:45:00,0.13426666,0.36886176
2010-11-25 08:00:00,2010-11-25 17:00:00,0.26146665,0.36919224
2010-11-25 08:00:00,2010-11-25 17:15:00,0.29333332,0.3653359
2010-11-25 08:00:00,2010-11-25 17:30:00,0.41079998,0.39114767
2010-11-25 08:00:00,2010-11-25 17:45:00,0.54693335,0.41306102
2010-11-25 08:00:00,2010-11-25 18:00:00,0.45559996,0.4366317
2010-11-25 08:00:00,2010-11-25 18:15:00,0.5201333,0.5066061
2010-11-25 08:00:00,2010-11-25 18:30:00,0.5048,0.46761286
2010-11-25 08:00:00,2010-11-25 18:45:00,0.5197333,0.49081853
2010-11-25 08:00:00,2010-11-25 19:00:00,0.49173334,0.5302988
2010-11-25 08:00:00,2010-11-25 19:15:00,0.45293334,0.536238
2010-11-25 08:00:00,2010-11-25 19:30:00,0.9118666,0.6154636
2010-11-25 08:00:00,2010-11-25 19:45:00,0.8441333,0.56246966
2010-11-25 08:00:00,2010-11-25 20:00:00,0.998,0.65056753
2010-11-25 08:00:00,2010-11-25 20:15:00,0.68106663,0.5908256
2010-11-25 08:00:00,2010-11-25 20:30:00,1.4341334,0.5608201
2010-11-25 08:00:00,2010-11-25 20:45:00,1.578,0.5757115
2010-11-25 08:00:00,2010-11-25 21:00:00,1.2,0.54691267
2010-11-25 08:00:00,2010-11-25 21:15:00,1.3104,0.5817603
2010-11-25 08:00:00,2010-11-25 21:30:00,1.3174667,0.64528066
2010-11-25 08:00:00,2010-11-25 21:45:00,1.2810667,0.6459276
2010-11-25 08:00:00,2010-11-25 22:00:00,1.2472,0.5627726
2010-11-25 08:00:00,2010-11-25 22:15:00,1.1254667,0.5293395
2010-11-25 08:00:00,2010-11-25 22:30:00,0.576,0.492486
2010-11-25 08:00:00,2010-11-25 22:45:00,0.23026666,0.49365285
2010-11-25 08:00:00,2010-11-25 23:00:00,0.26066667,0.43489864
2010-11-25 08:00:00,2010-11-25 23:15:00,0.23133333,0.40079084
2010-11-25 08:00:00,2010-11-25 23:30:00,0.18306665,0.3701688
2010-11-25 08:00:00,2010-11-25 23:45:00,0.18919998,0.40756634
2010-11-25 08:00:00,2010-11-26 00:00:00,0.19199994,0.30447504
2010-11-25 08:00:00,2010-11-26 00:15:00,0.22466666,0.31961626
2010-11-25 08:00:00,2010-11-26 00:30:00,0.37253332,0.29399684
2010-11-25 08:00:00,2010-11-26 00:45:00,0.4332,0.30988863
2010-11-25 08:00:00,2010-11-26 01:00:00,0.364,0.28469363
2010-11-25 08:00:00,2010-11-26 01:15:00,0.29279998,0.2950873
2010-11-25 08:00:00,2010-11-26 01:30:00,0.23013332,0.2954061
2010-11-25 08:00:00,2010-11-26 01:45:00,0.15,0.29048267
2010-11-25 08:00:00,2010-11-26 02:00:00,0.218,0.2688954
2010-11-25 08:00:00,2010-11-26 02:15:00,0.16026667,0.27638388
2010-11-25 08:00:00,2010-11-26 02:30:00,0.21999998,0.2686869
2010-11-25 08:00:00,2010-11-26 02:45:00,0.16173334,0.27278703
2010-11-25 08:00:00,2010-11-26 03:00:00,0.19933334,0.27241722
2010-11-25 08:00:00,2010-11-26 03:15:00,0.25893334,0.27619782
2010-11-25 08:00:00,2010-11-26 03:30:00,0.152,0.2768201
2010-11-25 08:00:00,2010-11-26 03:45:00,0.24733332,0.27639684
2010-11-25 08:00:00,2010-11-26 04:00:00,0.17426665,0.27807072
2010-11-25 08:00:00,2010-11-26 04:15:00,0.19359998,0.28501502
2010-11-25 08:00:00,2010-11-26 04:30:00,0.16853333,0.28413355
2010-11-25 08:00:00,2010-11-26 04:45:00,0.20573333,0.29503852
2010-11-25 08:00:00,2010-11-26 05:00:00,0.18773334,0.28006363
2010-11-25 08:00:00,2010-11-26 05:15:00,0.12333333,0.29171407
2010-11-25 08:00:00,2010-11-26 05:30:00,0.2836,0.29270512
2010-11-25 08:00:00,2010-11-26 05:45:00,0.12146667,0.2720601
2010-11-25 08:00:00,2010-11-26 06:00:00,0.18853334,0.3141326
2010-11-25 08:00:00,2010-11-26 06:15:00,0.22426668,0.32593137
2010-11-25 08:00:00,2010-11-26 06:30:00,0.9669333,0.38224262
2010-11-25 08:00:00,2010-11-26 06:45:00,0.27733332,0.46914715
2010-11-25 08:00:00,2010-11-26 07:00:00,0.23053332,0.5174018
2010-11-25 08:00:00,2010-11-26 07:15:00,0.43213332,0.4813794
2010-11-25 08:00:00,2010-11-26 07:30:00,0.2782666,0.48714754
2010-11-25 08:00:00,2010-11-26 07:45:00,0.26866665,0.5753577
2010-11-25 08:15:00,2010-11-25 08:15:00,0.45013332,0.44642946
2010-11-25 08:15:00,2010-11-25 08:30:00,0.5382666,0.45215935
2010-11-25 08:15:00,2010-11-25 08:45:00,0.52199996,0.462821
2010-11-25 08:15:00,2010-11-25 09:00:00,0.5829333,0.41069195
2010-11-25 08:15:00,2010-11-25 09:15:00,0.50146663,0.4047957
2010-11-25 08:15:00,2010-11-25 09:30:00,0.48426667,0.438194
2010-11-25 08:15:00,2010-11-25 09:45:00,0.49666664,0.40055385
2010-11-25 08:15:00,2010-11-25 10:00:00,0.2016,0.3842524
2010-11-25 08:15:00,2010-11-25 10:15:00,0.17546663,0.39105445
2010-11-25 08:15:00,2010-11-25 10:30:00,0.21919997,0.40212506
2010-11-25 08:15:00,2010-11-25 10:45:00,0.18359996,0.3745309
2010-11-25 08:15:00,2010-11-25 11:00:00,0.1486666,0.36951947
2010-11-25 08:15:00,2010-11-25 11:15:00,0.27133337,0.4072006
2010-11-25 08:15:00,2010-11-25 11:30:00,0.14919999,0.38057813
2010-11-25 08:15:00,2010-11-25 11:45:00,0.15893327,0.3685925
2010-11-25 08:15:00,2010-11-25 12:00:00,0.28439996,0.36952674
2010-11-25 08:15:00,2010-11-25 12:15:00,0.12546663,0.36043835
2010-11-25 08:15:00,2010-11-25 12:30:00,0.21013331,0.3549402
2010-11-25 08:15:00,2010-11-25 12:45:00,0.9637333,0.35815805
2010-11-25 08:15:00,2010-11-25 13:00:00,0.4665333,0.35098073
2010-11-25 08:15:00,2010-11-25 13:15:00,0.68146664,0.32052433
2010-11-25 08:15:00,2010-11-25 13:30:00,0.59239995,0.33508295
2010-11-25 08:15:00,2010-11-25 13:45:00,0.47093332,0.31658557
2010-11-25 08:15:00,2010-11-25 14:00:00,0.48746666,0.32970428
2010-11-25 08:15:00,2010-11-25 14:15:00,0.3624,0.3565002
2010-11-25 08:15:00,2010-11-25 14:30:00,0.22466666,0.31468046
2010-11-25 08:15:00,2010-11-25 14:45:00,0.20759998,0.30428222
2010-11-25 08:15:00,2010-11-25 15:00:00,0.13346663,0.30958632
2010-11-25 08:15:00,2010-11-25 15:15:00,0.24533334,0.30267045
2010-11-25 08:15:00,2010-11-25 15:30:00,0.18573333,0.3250452
2010-11-25 08:15:00,2010-11-25 15:45:00,0.17186667,0.33547986
2010-11-25 08:15:00,2010-11-25 16:00:00,0.2068,0.33768415
2010-11-25 08:15:00,2010-11-25 16:15:00,0.19160001,0.33633113
2010-11-25 08:15:00,2010-11-25 16:30:00,0.21613333,0.33476532
2010-11-25 08:15:00,2010-11-25 16:45:00,0.13426666,0.36419138
2010-11-25 08:15:00,2010-11-25 17:00:00,0.26146665,0.37688512
2010-11-25 08:15:00,2010-11-25 17:15:00,0.29333332,0.37490073
2010-11-25 08:15:00,2010-11-25 17:30:00,0.41079998,0.3883708
2010-11-25 08:15:00,2010-11-25 17:45:00,0.54693335,0.393545
2010-11-25 08:15:00,2010-11-25 18:00:00,0.45559996,0.4499632
2010-11-25 08:15:00,2010-11-25 18:15:00,0.5201333,0.48266056
2010-11-25 08:15:00,2010-11-25 18:30:00,0.5048,0.46251452
2010-11-25 08:15:00,2010-11-25 18:45:00,0.5197333,0.49381107
2010-11-25 08:15:00,2010-11-25 19:00:00,0.49173334,0.5709013
2010-11-25 08:15:00,2010-11-25 19:15:00,0.45293334,0.52266616
2010-11-25 08:15:00,2010-11-25 19:30:00,0.9118666,0.63106275
2010-11-25 08:15:00,2010-11-25 19:45:00,0.8441333,0.5281475
2010-11-25 08:15:00,2010-11-25 20:00:00,0.998,0.63407034
2010-11-25 08:15:00,2010-11-25 20:15:00,0.68106663,0.6195395
2010-11-25 08:15:00,2010-11-25 20:30:00,1.4341334,0.57391167
2010-11-25 08:15:00,2010-11-25 20:45:00,1.578,0.5605789
2010-11-25 08:15:00,2010-11-25 21:00:00,1.2,0.56221783
2010-11-25 08:15:00,2010-11-25 21:15:00,1.3104,0.5647786
2010-11-25 08:15:00,2010-11-25 21:30:00,1.3174667,0.66177356
2010-11-25 08:15:00,2010-11-25 21:45:00,1.2810667,0.6060669
2010-11-25 08:15:00,2010-11-25 22:00:00,1.2472,0.61419713
2010-11-25 08:15:00,2010-11-25 22:15:00,1.1254667,0.530063
2010-11-25 08:15:00,2010-11-25 22:30:00,0.576,0.5305386
2010-11-25 08:15:00,2010-11-25 22:45:00,0.23026666,0.47038203
2010-11-25 08:15:00,2010-11-25 23:00:00,0.26066667,0.42968953
2010-11-25 08:15:00,2010-11-25 23:15:00,0.23133333,0.42560846
2010-11-25 08:15:00,2010-11-25 23:30:00,0.18306665,0.38524842
2010-11-25 08:15:00,2010-11-25 23:45:00,0.18919998,0.4491723
2010-11-25 08:15:00,2010-11-26 00:00:00,0.19199994,0.30779
2010-11-25 08:15:00,2010-11-26 00:15:00,0.22466666,0.29772207
2010-11-25 08:15:00,2010-11-26 00:30:00,0.37253332,0.2989032
2010-11-25 08:15:00,2010-11-26 00:45:00,0.4332,0.2951251
2010-11-25 08:15:00,2010-11-26 01:00:00,0.364,0.29081723
2010-11-25 08:15:00,2010-11-26 01:15:00,0.29279998,0.27927876
2010-11-25 08:15:00,2010-11-26 01:30:00,0.23013332,0.28889698
2010-11-25 08:15:00,2010-11-26 01:45:00,0.15,0.2884664
2010-11-25 08:15:00,2010-11-26 02:00:00,0.218,0.27212673
2010-11-25 08:15:00,2010-11-26 02:15:00,0.16026667,0.2684102
2010-11-25 08:15:00,2010-11-26 02:30:00,0.21999998,0.28231934
2010-11-25 08:15:00,2010-11-26 02:45:00,0.16173334,0.2679167
2010-11-25 08:15:00,2010-11-26 03:00:00,0.19933334,0.27921933
2010-11-25 08:15:00,2010-11-26 03:15:00,0.25893334,0.27236998
2010-11-25 08:15:00,2010-11-26 03:30:00,0.152,0.27066618
2010-11-25 08:15:00,2010-11-26 03:45:00,0.24733332,0.28002235
2010-11-25 08:15:00,2010-11-26 04:00:00,0.17426665,0.2865609
2010-11-25 08:15:00,2010-11-26 04:15:00,0.19359998,0.27388725
2010-11-25 08:15:00,2010-11-26 04:30:00,0.16853333,0.27709654
2010-11-25 08:15:00,2010-11-26 04:45:00,0.20573333,0.28985095
2010-11-25 08:15:00,2010-11-26 05:00:00,0.18773334,0.2714646
2010-11-25 08:15:00,2010-11-26 05:15:00,0.12333333,0.28615078
2010-11-25 08:15:00,2010-11-26 05:30:00,0.2836,0.290543
2010-11-25 08:15:00,2010-11-26 05:45:00,0.12146667,0.29289803
2010-11-25 08:15:00,2010-11-26 06:00:00,0.18853334,0.31181476
2010-11-25 08:15:00,2010-11-26 06:15:00,0.22426668,0.3364662
2010-11-25 08:15:00,2010-11-26 06:30:00,0.9669333,0.37776276
2010-11-25 08:15:00,2010-11-26 06:45:00,0.27733332,0.462502
2010-11-25 08:15:00,2010-11-26 07:00:00,0.23053332,0.49639484
2010-11-25 08:15:00,2010-11-26 07:15:00,0.43213332,0.46930736
2010-11-25 08:15:00,2010-11-26 07:30:00,0.2782666,0.4843571
2010-11-25 08:15:00,2010-11-26 07:45:00,0.26866665,0.55940706
2010-11-25 08:15:00,2010-11-26 08:00:00,0.29759997,0.5205071
2010-11-25 08:30:00,2010-11-25 08:30:00,0.5382666,0.44624662
2010-11-25 08:30:00,2010-11-25 08:45:00,0.52199996,0.45735508
2010-11-25 08:30:00,2010-11-25 09:00:00,0.5829333,0.431925
2010-11-25 08:30:00,2010-11-25 09:15:00,0.50146663,0.41188604
2010-11-25 08:30:00,2010-11-25 09:30:00,0.48426667,0.43988216
2010-11-25 08:30:00,2010-11-25 09:45:00,0.49666664,0.4223368
2010-11-25 08:30:00,2010-11-25 10:00:00,0.2016,0.40027627
2010-11-25 08:30:00,2010-11-25 10:15:00,0.17546663,0.40766636
2010-11-25 08:30:00,2010-11-25 10:30:00,0.21919997,0.40233395
2010-11-25 08:30:00,2010-11-25 10:45:00,0.18359996,0.39248165
2010-11-25 08:30:00,2010-11-25 11:00:00,0.1486666,0.3946529
2010-11-25 08:30:00,2010-11-25 11:15:00,0.27133337,0.39012167
2010-11-25 08:30:00,2010-11-25 11:30:00,0.14919999,0.3873324
2010-11-25 08:30:00,2010-11-25 11:45:00,0.15893327,0.37459219
2010-11-25 08:30:00,2010-11-25 12:00:00,0.28439996,0.3974511
2010-11-25 08:30:00,2010-11-25 12:15:00,0.12546663,0.3630021
2010-11-25 08:30:00,2010-11-25 12:30:00,0.21013331,0.355129
2010-11-25 08:30:00,2010-11-25 12:45:00,0.9637333,0.34777108
2010-11-25 08:30:00,2010-11-25 13:00:00,0.4665333,0.34945893
2010-11-25 08:30:00,2010-11-25 13:15:00,0.68146664,0.33537874
2010-11-25 08:30:00,2010-11-25 13:30:00,0.59239995,0.3263689
2010-11-25 08:30:00,2010-11-25 13:45:00,0.47093332,0.3183239
2010-11-25 08:30:00,2010-11-25 14:00:00,0.48746666,0.33287448
2010-11-25 08:30:00,2010-11-25 14:15:00,0.3624,0.3672209
2010-11-25 08:30:00,2010-11-25 14:30:00,0.22466666,0.32580918
2010-11-25 08:30:00,2010-11-25 14:45:00,0.20759998,0.30523446
2010-11-25 08:30:00,2010-11-25 15:00:00,0.13346663,0.299418
2010-11-25 08:30:00,2010-11-25 15:15:00,0.24533334,0.30832794
2010-11-25 08:30:00,2010-11-25 15:30:00,0.18573333,0.3040911
2010-11-25 08:30:00,2010-11-25 15:45:00,0.17186667,0.33288625
2010-11-25 08:30:00,2010-11-25 16:00:00,0.2068,0.35162535
2010-11-25 08:30:00,2010-11-25 16:15:00,0.19160001,0.3306667
2010-11-25 08:30:00,2010-11-25 16:30:00,0.21613333,0.35817626
2010-11-25 08:30:00,2010-11-25 16:45:00,0.13426666,0.36819738
2010-11-25 08:30:00,2010-11-25 17:00:00,0.26146665,0.374991
2010-11-25 08:30:00,2010-11-25 17:15:00,0.29333332,0.3769097
2010-11-25 08:30:00,2010-11-25 17:30:00,0.41079998,0.38646203
2010-11-25 08:30:00,2010-11-25 17:45:00,0.54693335,0.39336753
2010-11-25 08:30:00,2010-11-25 18:00:00,0.45559996,0.43774754
2010-11-25 08:30:00,2010-11-25 18:15:00,0.5201333,0.46798354
2010-11-25 08:30:00,2010-11-25 18:30:00,0.5048,0.45521167
2010-11-25 08:30:00,2010-11-25 18:45:00,0.5197333,0.4807834
2010-11-25 08:30:00,2010-11-25 19:00:00,0.49173334,0.5272744
2010-11-25 08:30:00,2010-11-25 19:15:00,0.45293334,0.54065305
2010-11-25 08:30:00,2010-11-25 19:30:00,0.9118666,0.6255254
2010-11-25 08:30:00,2010-11-25 19:45:00,0.8441333,0.543923
2010-11-25 08:30:00,2010-11-25 20:00:00,0.998,0.63663954
2010-11-25 08:30:00,2010-11-25 20:15:00,0.68106663,0.61506563
2010-11-25 08:30:00,2010-11-25 20:30:00,1.4341334,0.540094
2010-11-25 08:30:00,2010-11-25 20:45:00,1.578,0.5490752
2010-11-25 08:30:00,2010-11-25 21:00:00,1.2,0.5480127
2010-11-25 08:30:00,2010-11-25 21:15:00,1.3104,0.5768938
2010-11-25 08:30:00,2010-11-25 21:30:00,1.3174667,0.58915144
2010-11-25 08:30:00,2010-11-25 21:45:00,1.2810667,0.61990446
2010-11-25 08:30:00,2010-11-25 22:00:00,1.2472,0.5826077
2010-11-25 08:30:00,2010-11-25 22:15:00,1.1254667,0.5886771
2010-11-25 08:30:00,2010-11-25 22:30:00,0.576,0.49012804
2010-11-25 08:30:00,2010-11-25 22:45:00,0.23026666,0.4723376
2010-11-25 08:30:00,2010-11-25 23:00:00,0.26066667,0.4194189
2010-11-25 08:30:00,2010-11-25 23:15:00,0.23133333,0.4378913
2010-11-25 08:30:00,2010-11-25 23:30:00,0.18306665,0.41004235
2010-11-25 08:30:00,2010-11-25 23:45:00,0.18919998,0.42280683
2010-11-25 08:30:00,2010-11-26 00:00:00,0.19199994,0.32149526
2010-11-25 08:30:00,2010-11-26 00:15:00,0.22466666,0.29463422
2010-11-25 08:30:00,2010-11-26 00:30:00,0.37253332,0.2938174
2010-11-25 08:30:00,2010-11-26 00:45:00,0.4332,0.30611023
2010-11-25 08:30:00,2010-11-26 01:00:00,0.364,0.29711753
2010-11-25 08:30:00,2010-11-26 01:15:00,0.29279998,0.28524897
2010-11-25 08:30:00,2010-11-26 01:30:00,0.23013332,0.27686182
2010-11-25 08:30:00,2010-11-26 01:45:00,0.15,0.29567558
2010-11-25 08:30:00,2010-11-26 02:00:00,0.218,0.27517578
2010-11-25 08:30:00,2010-11-26 02:15:00,0.16026667,0.27903143
2010-11-25 08:30:00,2010-11-26 02:30:00,0.21999998,0.2685472
2010-11-25 08:30:00,2010-11-26 02:45:00,0.16173334,0.28125396
2010-11-25 08:30:00,2010-11-26 03:00:00,0.19933334,0.2728195
2010-11-25 08:30:00,2010-11-26 03:15:00,0.25893334,0.2921771
2010-11-25 08:30:00,2010-11-26 03:30:00,0.152,0.2767043
2010-11-25 08:30:00,2010-11-26 03:45:00,0.24733332,0.2766842
2010-11-25 08:30:00,2010-11-26 04:00:00,0.17426665,0.28862357
2010-11-25 08:30:00,2010-11-26 04:15:00,0.19359998,0.28564972
2010-11-25 08:30:00,2010-11-26 04:30:00,0.16853333,0.26970875
2010-11-25 08:30:00,2010-11-26 04:45:00,0.20573333,0.2789372
2010-11-25 08:30:00,2010-11-26 05:00:00,0.18773334,0.2685518
2010-11-25 08:30:00,2010-11-26 05:15:00,0.12333333,0.28536287
2010-11-25 08:30:00,2010-11-26 05:30:00,0.2836,0.2915934
2010-11-25 08:30:00,2010-11-26 05:45:00,0.12146667,0.29670724
2010-11-25 08:30:00,2010-11-26 06:00:00,0.18853334,0.31065777
2010-11-25 08:30:00,2010-11-26 06:15:00,0.22426668,0.31122565
2010-11-25 08:30:00,2010-11-26 06:30:00,0.9669333,0.38330114
2010-11-25 08:30:00,2010-11-26 06:45:00,0.27733332,0.44939354
2010-11-25 08:30:00,2010-11-26 07:00:00,0.23053332,0.5283075
2010-11-25 08:30:00,2010-11-26 07:15:00,0.43213332,0.451278
2010-11-25 08:30:00,2010-11-26 07:30:00,0.2782666,0.47643608
2010-11-25 08:30:00,2010-11-26 07:45:00,0.26866665,0.55379
2010-11-25 08:30:00,2010-11-26 08:00:00,0.29759997,0.5203601
2010-11-25 08:30:00,2010-11-26 08:15:00,0.426,0.45984623
2010-11-25 08:45:00,2010-11-25 08:45:00,0.52199996,0.46989137
2010-11-25 08:45:00,2010-11-25 09:00:00,0.5829333,0.45386422
2010-11-25 08:45:00,2010-11-25 09:15:00,0.50146663,0.44885844
2010-11-25 08:45:00,2010-11-25 09:30:00,0.48426667,0.4546239
2010-11-25 08:45:00,2010-11-25 09:45:00,0.49666664,0.426433
2010-11-25 08:45:00,2010-11-25 10:00:00,0.2016,0.41412276
2010-11-25 08:45:00,2010-11-25 10:15:00,0.17546663,0.41547507
2010-11-25 08:45:00,2010-11-25 10:30:00,0.21919997,0.43101496
2010-11-25 08:45:00,2010-11-25 10:45:00,0.18359996,0.3940605
2010-11-25 08:45:00,2010-11-25 11:00:00,0.1486666,0.39548343
2010-11-25 08:45:00,2010-11-25 11:15:00,0.27133337,0.40362608
2010-11-25 08:45:00,2010-11-25 11:30:00,0.14919999,0.38298365
2010-11-25 08:45:00,2010-11-25 11:45:00,0.15893327,0.3866908
2010-11-25 08:45:00,2010-11-25 12:00:00,0.28439996,0.37203068
2010-11-25 08:45:00,2010-11-25 12:15:00,0.12546663,0.37093452
2010-11-25 08:45:00,2010-11-25 12:30:00,0.21013331,0.36243707
2010-11-25 08:45:00,2010-11-25 12:45:00,0.9637333,0.36551797
2010-11-25 08:45:00,2010-11-25 13:00:00,0.4665333,0.34296352
2010-11-25 08:45:00,2010-11-25 13:15:00,0.68146664,0.34617245
2010-11-25 08:45:00,2010-11-25 13:30:00,0.59239995,0.32467872
2010-11-25 08:45:00,2010-11-25 13:45:00,0.47093332,0.3215365
2010-11-25 08:45:00,2010-11-25 14:00:00,0.48746666,0.33881548
2010-11-25 08:45:00,2010-11-25 14:15:00,0.3624,0.3814197
2010-11-25 08:45:00,2010-11-25 14:30:00,0.22466666,0.35270783
2010-11-25 08:45:00,2010-11-25 14:45:00,0.20759998,0.31739417
2010-11-25 08:45:00,2010-11-25 15:00:00,0.13346663,0.30719757
2010-11-25 08:45:00,2010-11-25 15:15:00,0.24533334,0.31865504
2010-11-25 08:45:00,2010-11-25 15:30:00,0.18573333,0.3245149
2010-11-25 08:45:00,2010-11-25 15:45:00,0.17186667,0.34559342
2010-11-25 08:45:00,2010-11-25 16:00:00,0.2068,0.34423462
2010-11-25 08:45:00,2010-11-25 16:15:00,0.19160001,0.3571236
2010-11-25 08:45:00,2010-11-25 16:30:00,0.21613333,0.37189937
2010-11-25 08:45:00,2010-11-25 16:45:00,0.13426666,0.39686128
2010-11-25 08:45:00,2010-11-25 17:00:00,0.26146665,0.36221865
2010-11-25 08:45:00,2010-11-25 17:15:00,0.29333332,0.3772759
2010-11-25 08:45:00,2010-11-25 17:30:00,0.41079998,0.3970304
2010-11-25 08:45:00,2010-11-25 17:45:00,0.54693335,0.39969528
2010-11-25 08:45:00,2010-11-25 18:00:00,0.45559996,0.4236473
2010-11-25 08:45:00,2010-11-25 18:15:00,0.5201333,0.46451697
2010-11-25 08:45:00,2010-11-25 18:30:00,0.5048,0.46814936
2010-11-25 08:45:00,2010-11-25 18:45:00,0.5197333,0.48227438
2010-11-25 08:45:00,2010-11-25 19:00:00,0.49173334,0.5433811
2010-11-25 08:45:00,2010-11-25 19:15:00,0.45293334,0.55634356
2010-11-25 08:45:00,2010-11-25 19:30:00,0.9118666,0.62958246
2010-11-25 08:45:00,2010-11-25 19:45:00,0.8441333,0.5494264
2010-11-25 08:45:00,2010-11-25 20:00:00,0.998,0.6371055
2010-11-25 08:45:00,2010-11-25 20:15:00,0.68106663,0.5920409
2010-11-25 08:45:00,2010-11-25 20:30:00,1.4341334,0.5786382
2010-11-25 08:45:00,2010-11-25 20:45:00,1.578,0.53663415
2010-11-25 08:45:00,2010-11-25 21:00:00,1.2,0.5456451
2010-11-25 08:45:00,2010-11-25 21:15:00,1.3104,0.5738807
2010-11-25 08:45:00,2010-11-25 21:30:00,1.3174667,0.6195049
2010-11-25 08:45:00,2010-11-25 21:45:00,1.2810667,0.6133098
2010-11-25 08:45:00,2010-11-25 22:00:00,1.2472,0.5987658
2010-11-25 08:45:00,2010-11-25 22:15:00,1.1254667,0.5833805
2010-11-25 08:45:00,2010-11-25 22:30:00,0.576,0.52978975
2010-11-25 08:45:00,2010-11-25 22:45:00,0.23026666,0.4694441
2010-11-25 08:45:00,2010-11-25 23:00:00,0.26066667,0.4462607
2010-11-25 08:45:00,2010-11-25 23:15:00,0.23133333,0.3997608
2010-11-25 08:45:00,2010-11-25 23:30:00,0.18306665,0.4194459
2010-11-25 08:45:00,2010-11-25 23:45:00,0.18919998,0.44179833
2010-11-25 08:45:00,2010-11-26 00:00:00,0.19199994,0.32198504
2010-11-25 08:45:00,2010-11-26 00:15:00,0.22466666,0.30550662
2010-11-25 08:45:00,2010-11-26 00:30:00,0.37253332,0.2966982
2010-11-25 08:45:00,2010-11-26 00:45:00,0.4332,0.31285566
2010-11-25 08:45:00,2010-11-26 01:00:00,0.364,0.2981341
2010-11-25 08:45:00,2010-11-26 01:15:00,0.29279998,0.28472206
2010-11-25 08:45:00,2010-11-26 01:30:00,0.23013332,0.28763053
2010-11-25 08:45:00,2010-11-26 01:45:00,0.15,0.29176667
2010-11-25 08:45:00,2010-11-26 02:00:00,0.218,0.28775
2010-11-25 08:45:00,2010-11-26 02:15:00,0.16026667,0.27952716
2010-11-25 08:45:00,2010-11-26 02:30:00,0.21999998,0.27665868
2010-11-25 08:45:00,2010-11-26 02:45:00,0.16173334,0.27314728
2010-11-25 08:45:00,2010-11-26 03:00:00,0.19933334,0.27820972
2010-11-25 08:45:00,2010-11-26 03:15:00,0.25893334,0.2698909
2010-11-25 08:45:00,2010-11-26 03:30:00,0.152,0.27012312
2010-11-25 08:45:00,2010-11-26 03:45:00,0.24733332,0.26826966
2010-11-25 08:45:00,2010-11-26 04:00:00,0.17426665,0.2945369
2010-11-25 08:45:00,2010-11-26 04:15:00,0.19359998,0.27041063
2010-11-25 08:45:00,2010-11-26 04:30:00,0.16853333,0.28232554
2010-11-25 08:45:00,2010-11-26 04:45:00,0.20573333,0.278118
2010-11-25 08:45:00,2010-11-26 05:00:00,0.18773334,0.26911417
2010-11-25 08:45:00,2010-11-26 05:15:00,0.12333333,0.28421792
2010-11-25 08:45:00,2010-11-26 05:30:00,0.2836,0.29040852
2010-11-25 08:45:00,2010-11-26 05:45:00,0.12146667,0.28778332
2010-11-25 08:45:00,2010-11-26 06:00:00,0.18853334,0.3232298
2010-11-25 08:45:00,2010-11-26 06:15:00,0.22426668,0.3368164
2010-11-25 08:45:00,2010-11-26 06:30:00,0.9669333,0.37347102
2010-11-25 08:45:00,2010-11-26 06:45:00,0.27733332,0.47529468
2010-11-25 08:45:00,2010-11-26 07:00:00,0.23053332,0.52105135
2010-11-25 08:45:00,2010-11-26 07:15:00,0.43213332,0.47692072
2010-11-25 08:45:00,2010-11-26 07:30:00,0.2782666,0.48875284
2010-11-25 08:45:00,2010-11-26 07:45:00,0.26866665,0.55006576
2010-11-25 08:45:00,2010-11-26 08:00:00,0.29759997,0.5134646
2010-11-25 08:45:00,2010-11-26 08:15:00,0.426,0.43744382
2010-11-25 08:45:00,2010-11-26 08:30:00,0.59386665,0.46114984
2010-11-25 09:00:00,2010-11-25 09:00:00,0.5829333,0.46117204
2010-11-25 09:00:00,2010-11-25 09:15:00,0.50146663,0.46503434
2010-11-25 09:00:00,2010-11-25 09:30:00,0.48426667,0.46637586
2010-11-25 09:00:00,2010-11-25 09:45:00,0.49666664,0.45712906
2010-11-25 09:00:00,2010-11-25 10:00:00,0.2016,0.42655972
2010-11-25 09:00:00,2010-11-25 10:15:00,0.17546663,0.42392465
2010-11-25 09:00:00,2010-11-25 10:30:00,0.21919997,0.42695063
2010-11-25 09:00:00,2010-11-25 10:45:00,0.18359996,0.41038728
2010-11-25 09:00:00,2010-11-25 11:00:00,0.1486666,0.39561933
2010-11-25 09:00:00,2010-11-25 11:15:00,0.27133337,0.41307637
2010-11-25 09:00:00,2010-11-25 11:30:00,0.14919999,0.4091084
2010-11-25 09:00:00,2010-11-25 11:45:00,0.15893327,0.3751797
2010-11-25 09:00:00,2010-11-25 12:00:00,0.28439996,0.3847435
2010-11-25 09:00:00,2010-11-25 12:15:00,0.12546663,0.36817434
2010-11-25 09:00:00,2010-11-25 12:30:00,0.21013331,0.36907277
2010-11-25 09:00:00,2010-11-25 12:45:00,0.9637333,0.36483562
2010-11-25 09:00:00,2010-11-25 13:00:00,0.4665333,0.3562517
2010-11-25 09:00:00,2010-11-25 13:15:00,0.68146664,0.34274885
2010-11-25 09:00:00,2010-11-25 13:30:00,0.59239995,0.33130297
2010-11-25 09:00:00,2010-11-25 13:45:00,0.47093332,0.3295695
2010-11-25 09:00:00,2010-11-25 14:00:00,0.48746666,0.32305577
2010-11-25 09:00:00,2010-11-25 14:15:00,0.3624,0.38092944
2010-11-25 09:00:00,2010-11-25 14:30:00,0.22466666,0.35122204
2010-11-25 09:00:00,2010-11-25 14:45:00,0.20759998,0.32711956
2010-11-25 09:00:00,2010-11-25 15:00:00,0.13346663,0.31666008
2010-11-25 09:00:00,2010-11-25 15:15:00,0.24533334,0.32198596
2010-11-25 09:00:00,2010-11-25 15:30:00,0.18573333,0.31535268
2010-11-25 09:00:00,2010-11-25 15:45:00,0.17186667,0.3417732
2010-11-25 09:00:00,2010-11-25 16:00:00,0.2068,0.33976585
2010-11-25 09:00:00,2010-11-25 16:15:00,0.19160001,0.34921378
2010-11-25 09:00:00,2010-11-25 16:30:00,0.21613333,0.3783683
2010-11-25 09:00:00,2010-11-25 16:45:00,0.13426666,0.37093988
2010-11-25 09:00:00,2010-11-25 17:00:00,0.26146665,0.3843048
2010-11-25 09:00:00,2010-11-25 17:15:00,0.29333332,0.37236252
2010-11-25 09:00:00,2010-11-25 17:30:00,0.41079998,0.38226867
2010-11-25 09:00:00,2010-11-25 17:45:00,0.54693335,0.4046818
2010-11-25 09:00:00,2010-11-25 18:00:00,0.45559996,0.4443142
2010-11-25 09:00:00,2010-11-25 18:15:00,0.5201333,0.4902523
2010-11-25 09:00:00,2010-11-25 18:30:00,0.5048,0.46097347
2010-11-25 09:00:00,2010-11-25 18:45:00,0.5197333,0.4677819
2010-11-25 09:00:00,2010-11-25 19:00:00,0.49173334,0.5173402
2010-11-25 09:00:00,2010-11-25 19:15:00,0.45293334,0.5510402
2010-11-25 09:00:00,2010-11-25 19:30:00,0.9118666,0.6110815
2010-11-25 09:00:00,2010-11-25 19:45:00,0.8441333,0.55942756
2010-11-25 09:00:00,2010-11-25 20:00:00,0.998,0.6472833
2010-11-25 09:00:00,2010-11-25 20:15:00,0.68106663,0.5918304
2010-11-25 09:00:00,2010-11-25 20:30:00,1.4341334,0.5558658
2010-11-25 09:00:00,2010-11-25 20:45:00,1.578,0.5638221
2010-11-25 09:00:00,2010-11-25 21:00:00,1.2,0.541255
2010-11-25 09:00:00,2010-11-25 21:15:00,1.3104,0.5747738
2010-11-25 09:00:00,2010-11-25 21:30:00,1.3174667,0.6266813
2010-11-25 09:00:00,2010-11-25 21:45:00,1.2810667,0.6032793
2010-11-25 09:00:00,2010-11-25 22:00:00,1.2472,0.58080065
2010-11-25 09:00:00,2010-11-25 22:15:00,1.1254667,0.5673968
2010-11-25 09:00:00,2010-11-25 22:30:00,0.576,0.5280415
2010-11-25 09:00:00,2010-11-25 22:45:00,0.23026666,0.5023645
2010-11-25 09:00:00,2010-11-25 23:00:00,0.26066667,0.42047885
2010-11-25 09:00:00,2010-11-25 23:15:00,0.23133333,0.41713
2010-11-25 09:00:00,2010-11-25 23:30:00,0.18306665,0.3879798
2010-11-25 09:00:00,2010-11-25 23:45:00,0.18919998,0.41859815
2010-11-25 09:00:00,2010-11-26 00:00:00,0.19199994,0.3206393
2010-11-25 09:00:00,2010-11-26 00:15:00,0.22466666,0.30577484
2010-11-25 09:00:00,2010-11-26 00:30:00,0.37253332,0.29646704
2010-11-25 09:00:00,2010-11-26 00:45:00,0.4332,0.30121312
2010-11-25 09:00:00,2010-11-26 01:00:00,0.364,0.2949215
2010-11-25 09:00:00,2010-11-26 01:15:00,0.29279998,0.29113203
2010-11-25 09:00:00,2010-11-26 01:30:00,0.23013332,0.28500667
2010-11-25 09:00:00,2010-11-26 01:45:00,0.15,0.28384787
2010-11-25 09:00:00,2010-11-26 02:00:00,0.218,0.26934028
2010-11-25 09:00:00,2010-11-26 02:15:00,0.16026667,0.28172958
2010-11-25 09:00:00,2010-11-26 02:30:00,0.21999998,0.27837792
2010-11-25 09:00:00,2010-11-26 02:45:00,0.16173334,0.27431065
2010-11-25 09:00:00,2010-11-26 03:00:00,0.19933334,0.27772254
2010-11-25 09:00:00,2010-11-26 03:15:00,0.25893334,0.27128175
2010-11-25 09:00:00,2010-11-26 03:30:00,0.152,0.27032736
2010-11-25 09:00:00,2010-11-26 03:45:00,0.24733332,0.28189287
2010-11-25 09:00:00,2010-11-26 04:00:00,0.17426665,0.2764579
2010-11-25 09:00:00,2010-11-26 04:15:00,0.19359998,0.27840903
2010-11-25 09:00:00,2010-11-26 04:30:00,0.16853333,0.2742193
2010-11-25 09:00:00,2010-11-26 04:45:00,0.20573333,0.28484726
2010-11-25 09:00:00,2010-11-26 05:00:00,0.18773334,0.27594078
2010-11-25 09:00:00,2010-11-26 05:15:00,0.12333333,0.27984127
2010-11-25 09:00:00,2010-11-26 05:30:00,0.2836,0.28593302
2010-11-25 09:00:00,2010-11-26 05:45:00,0.12146667,0.28799745
2010-11-25 09:00:00,2010-11-26 06:00:00,0.18853334,0.3270068
2010-11-25 09:00:00,2010-11-26 06:15:00,0.22426668,0.3409512
2010-11-25 09:00:00,2010-11-26 06:30:00,0.9669333,0.38307416
2010-11-25 09:00:00,2010-11-26 06:45:00,0.27733332,0.47096595
2010-11-25 09:00:00,2010-11-26 07:00:00,0.23053332,0.5345792
2010-11-25 09:00:00,2010-11-26 07:15:00,0.43213332,0.45190218
2010-11-25 09:00:00,2010-11-26 07:30:00,0.2782666,0.4982449
2010-11-25 09:00:00,2010-11-26 07:45:00,0.26866665,0.5359777
2010-11-25 09:00:00,2010-11-26 08:00:00,0.29759997,0.52469337
2010-11-25 09:00:00,2010-11-26 08:15:00,0.426,0.43158984
2010-11-25 09:00:00,2010-11-26 08:30:00,0.59386665,0.45631778
2010-11-25 09:00:00,2010-11-26 08:45:00,0.43626663,0.4360134
2010-11-25 09:15:00,2010-11-25 09:15:00,0.50146663,0.5016564
2010-11-25 09:15:00,2010-11-25 09:30:00,0.48426667,0.48318347
2010-11-25 09:15:00,2010-11-25 09:45:00,0.49666664,0.4628859
2010-11-25 09:15:00,2010-11-25 10:00:00,0.2016,0.453989
2010-11-25 09:15:00,2010-11-25 10:15:00,0.17546663,0.43559998
2010-11-25 09:15:00,2010-11-25 10:30:00,0.21919997,0.44179857
2010-11-25 09:15:00,2010-11-25 10:45:00,0.18359996,0.40899846
2010-11-25 09:15:00,2010-11-25 11:00:00,0.1486666,0.4334945
2010-11-25 09:15:00,2010-11-25 11:15:00,0.27133337,0.41633677
2010-11-25 09:15:00,2010-11-25 11:30:00,0.14919999,0.41283047
2010-11-25 09:15:00,2010-11-25 11:45:00,0.15893327,0.4192978
2010-11-25 09:15:00,2010-11-25 12:00:00,0.28439996,0.38888392
2010-11-25 09:15:00,2010-11-25 12:15:00,0.12546663,0.37867853
2010-11-25 09:15:00,2010-11-25 12:30:00,0.21013331,0.36668986
2010-11-25 09:15:00,2010-11-25 12:45:00,0.9637333,0.37036818
2010-11-25 09:15:00,2010-11-25 13:00:00,0.4665333,0.3702293
2010-11-25 09:15:00,2010-11-25 13:15:00,0.68146664,0.34864706
2010-11-25 09:15:00,2010-11-25 13:30:00,0.59239995,0.3492512
2010-11-25 09:15:00,2010-11-25 13:45:00,0.47093332,0.3387744
2010-11-25 09:15:00,2010-11-25 14:00:00,0.48746666,0.33265042
2010-11-25 09:15:00,2010-11-25 14:15:00,0.3624,0.37804362
2010-11-25 09:15:00,2010-11-25 14:30:00,0.22466666,0.34612757
2010-11-25 09:15:00,2010-11-25 14:45:00,0.20759998,0.31453395
2010-11-25 09:15:00,2010-11-25 15:00:00,0.13346663,0.33109608
2010-11-25 09:15:00,2010-11-25 15:15:00,0.24533334,0.32031673
2010-11-25 09:15:00,2010-11-25 15:30:00,0.18573333,0.30914554
2010-11-25 09:15:00,2010-11-25 15:45:00,0.17186667,0.35043597
2010-11-25 09:15:00,2010-11-25 16:00:00,0.2068,0.34424806
2010-11-25 09:15:00,2010-11-25 16:15:00,0.19160001,0.36302155
2010-11-25 09:15:00,2010-11-25 16:30:00,0.21613333,0.36791015
2010-11-25 09:15:00,2010-11-25 16:45:00,0.13426666,0.37661803
2010-11-25 09:15:00,2010-11-25 17:00:00,0.26146665,0.3693576
2010-11-25 09:15:00,2010-11-25 17:15:00,0.29333332,0.38249916
2010-11-25 09:15:00,2010-11-25 17:30:00,0.41079998,0.39707088
2010-11-25 09:15:00,2010-11-25 17:45:00,0.54693335,0.4091947
2010-11-25 09:15:00,2010-11-25 18:00:00,0.45559996,0.4378524
2010-11-25 09:15:00,2010-11-25 18:15:00,0.5201333,0.48563465
2010-11-25 09:15:00,2010-11-25 18:30:00,0.5048,0.47666496
2010-11-25 09:15:00,2010-11-25 18:45:00,0.5197333,0.48618126
2010-11-25 09:15:00,2010-11-25 19:00:00,0.49173334,0.5375841
2010-11-25 09:15:00,2010-11-25 19:15:00,0.45293334,0.5210479
2010-11-25 09:15:00,2010-11-25 19:30:00,0.9118666,0.6183356
2010-11-25 09:15:00,2010-11-25 19:45:00,0.8441333,0.53638035
2010-11-25 09:15:00,2010-11-25 20:00:00,0.998,0.60953486
2010-11-25 09:15:00,2010-11-25 20:15:00,0.68106663,0.61764705
2010-11-25 09:15:00,2010-11-25 20:30:00,1.4341334,0.54870415
2010-11-25 09:15:00,2010-11-25 20:45:00,1.578,0.55127805
2010-11-25 09:15:00,2010-11-25 21:00:00,1.2,0.5613237
2010-11-25 09:15:00,2010-11-25 21:15:00,1.3104,0.539042
2010-11-25 09:15:00,2010-11-25 21:30:00,1.3174667,0.62956035
2010-11-25 09:15:00,2010-11-25 21:45:00,1.2810667,0.60508454
2010-11-25 09:15:00,2010-11-25 22:00:00,1.2472,0.5858692
2010-11-25 09:15:00,2010-11-25 22:15:00,1.1254667,0.5494168
2010-11-25 09:15:00,2010-11-25 22:30:00,0.576,0.5305649
2010-11-25 09:15:00,2010-11-25 22:45:00,0.23026666,0.5037871
2010-11-25 09:15:00,2010-11-25 23:00:00,0.26066667,0.42686164
2010-11-25 09:15:00,2010-11-25 23:15:00,0.23133333,0.4134448
2010-11-25 09:15:00,2010-11-25 23:30:00,0.18306665,0.43205905
2010-11-25 09:15:00,2010-11-25 23:45:00,0.18919998,0.43295473
2010-11-25 09:15:00,2010-11-26 00:00:00,0.19199994,0.3318614
2010-11-25 09:15:00,2010-11-26 00:15:00,0.22466666,0.3129807
2010-11-25 09:15:00,2010-11-26 00:30:00,0.37253332,0.304024
2010-11-25 09:15:00,2010-11-26 00:45:00,0.4332,0.2994269
2010-11-25 09:15:00,2010-11-26 01:00:00,0.364,0.30132198
2010-11-25 09:15:00,2010-11-26 01:15:00,0.29279998,0.2800603
2010-11-25 09:15:00,2010-11-26 01:30:00,0.23013332,0.29224032
2010-11-25 09:15:00,2010-11-26 01:45:00,0.15,0.30238673
2010-11-25 09:15:00,2010-11-26 02:00:00,0.218,0.2786025
2010-11-25 09:15:00,2010-11-26 02:15:00,0.16026667,0.26829097
2010-11-25 09:15:00,2010-11-26 02:30:00,0.21999998,0.28950596
2010-11-25 09:15:00,2010-11-26 02:45:00,0.16173334,0.2826151
2010-11-25 09:15:00,2010-11-26 03:00:00,0.19933334,0.2836008
2010-11-25 09:15:00,2010-11-26 03:15:00,0.25893334,0.2690956
2010-11-25 09:15:00,2010-11-26 03:30:00,0.152,0.28670722
2010-11-25 09:15:00,2010-11-26 03:45:00,0.24733332,0.26671052
2010-11-25 09:15:00,2010-11-26 04:00:00,0.17426665,0.28055766
2010-11-25 09:15:00,2010-11-26 04:15:00,0.19359998,0.2737539
2010-11-25 09:15:00,2010-11-26 04:30:00,0.16853333,0.2858285
2010-11-25 09:15:00,2010-11-26 04:45:00,0.20573333,0.28539506
2010-11-25 09:15:00,2010-11-26 05:00:00,0.18773334,0.278924
2010-11-25 09:15:00,2010-11-26 05:15:00,0.12333333,0.28820845
2010-11-25 09:15:00,2010-11-26 05:30:00,0.2836,0.3000034
2010-11-25 09:15:00,2010-11-26 05:45:00,0.12146667,0.27983424
2010-11-25 09:15:00,2010-11-26 06:00:00,0.18853334,0.3248893
2010-11-25 09:15:00,2010-11-26 06:15:00,0.22426668,0.34360683
2010-11-25 09:15:00,2010-11-26 06:30:00,0.9669333,0.3830276
2010-11-25 09:15:00,2010-11-26 06:45:00,0.27733332,0.4675264
2010-11-25 09:15:00,2010-11-26 07:00:00,0.23053332,0.53820795
2010-11-25 09:15:00,2010-11-26 07:15:00,0.43213332,0.45298627
2010-11-25 09:15:00,2010-11-26 07:30:00,0.2782666,0.47798145
2010-11-25 09:15:00,2010-11-26 07:45:00,0.26866665,0.55350435
2010-11-25 09:15:00,2010-11-26 08:00:00,0.29759997,0.5210116
2010-11-25 09:15:00,2010-11-26 08:15:00,0.426,0.4479313
2010-11-25 09:15:00,2010-11-26 08:30:00,0.59386665,0.465289
2010-11-25 09:15:00,2010-11-26 08:45:00,0.43626663,0.419447
2010-11-25 09:15:00,2010-11-26 09:00:00,0.56,0.39980358
2010-11-25 09:30:00,2010-11-25 09:30:00,0.48426667,0.48348108
2010-11-25 09:30:00,2010-11-25 09:45:00,0.49666664,0.44427723
2010-11-25 09:30:00,2010-11-25 10:00:00,0.2016,0.4553685
2010-11-25 09:30:00,2010-11-25 10:15:00,0.17546663,0.43283078
2010-11-25 09:30:00,2010-11-25 10:30:00,0.21919997,0.4435842
2010-11-25 09:30:00,2010-11-25 10:45:00,0.18359996,0.431097
2010-11-25 09:30:00,2010-11-25 11:00:00,0.1486666,0.4270292
2010-11-25 09:30:00,2010-11-25 11:15:00,0.27133337,0.41220754
2010-11-25 09:30:00,2010-11-25 11:30:00,0.14919999,0.39660817
2010-11-25 09:30:00,2010-11-25 11:45:00,0.15893327,0.39704916
2010-11-25 09:30:00,2010-11-25 12:00:00,0.28439996,0.40747923
2010-11-25 09:30:00,2010-11-25 12:15:00,0.12546663,0.38430515
2010-11-25 09:30:00,2010-11-25 12:30:00,0.21013331,0.38142547
2010-11-25 09:30:00,2010-11-25 12:45:00,0.9637333,0.36471918
2010-11-25 09:30:00,2010-11-25 13:00:00,0.4665333,0.37471676
2010-11-25 09:30:00,2010-11-25 13:15:00,0.68146664,0.36633
2010-11-25 09:30:00,2010-11-25 13:30:00,0.59239995,0.3465736
2010-11-25 09:30:00,2010-11-25 13:45:00,0.47093332,0.3271976
2010-11-25 09:30:00,2010-11-25 14:00:00,0.48746666,0.352813
2010-11-25 09:30:00,2010-11-25 14:15:00,0.3624,0.37735948
2010-11-25 09:30:00,2010-11-25 14:30:00,0.22466666,0.36037195
2010-11-25 09:30:00,2010-11-25 14:45:00,0.20759998,0.3383407
2010-11-25 09:30:00,2010-11-25 15:00:00,0.13346663,0.3140891
2010-11-25 09:30:00,2010-11-25 15:15:00,0.24533334,0.3272574
2010-11-25 09:30:00,2010-11-25 15:30:00,0.18573333,0.32286504
2010-11-25 09:30:00,2010-11-25 15:45:00,0.17186667,0.3403
2010-11-25 09:30:00,2010-11-25 16:00:00,0.2068,0.35995945
2010-11-25 09:30:00,2010-11-25 16:15:00,0.19160001,0.35449386
2010-11-25 09:30:00,2010-11-25 16:30:00,0.21613333,0.35825807
2010-11-25 09:30:00,2010-11-25 16:45:00,0.13426666,0.4054843
2010-11-25 09:30:00,2010-11-25 17:00:00,0.26146665,0.4109194
2010-11-25 09:30:00,2010-11-25 17:15:00,0.29333332,0.39295575
2010-11-25 09:30:00,2010-11-25 17:30:00,0.41079998,0.39625007
2010-11-25 09:30:00,2010-11-25 17:45:00,0.54693335,0.417378
2010-11-25 09:30:00,2010-11-25 18:00:00,0.45559996,0.4315541
2010-11-25 09:30:00,2010-11-25 18:15:00,0.5201333,0.506776
2010-11-25 09:30:00,2010-11-25 18:30:00,0.5048,0.49499512
2010-11-25 09:30:00,2010-11-25 18:45:00,0.5197333,0.47898084
2010-11-25 09:30:00,2010-11-25 19:00:00,0.49173334,0.5496619
2010-11-25 09:30:00,2010-11-25 19:15:00,0.45293334,0.5472807
2010-11-25 09:30:00,2010-11-25 19:30:00,0.9118666,0.6535892
2010-11-25 09:30:00,2010-11-25 19:45:00,0.8441333,0.5625729
2010-11-25 09:30:00,2010-11-25 20:00:00,0.998,0.6322258
2010-11-25 09:30:00,2010-11-25 20:15:00,0.68106663,0.64018506
2010-11-25 09:30:00,2010-11-25 20:30:00,1.4341334,0.5512986
2010-11-25 09:30:00,2010-11-25 20:45:00,1.578,0.56043226
2010-11-25 09:30:00,2010-11-25 21:00:00,1.2,0.54131955
2010-11-25 09:30:00,2010-11-25 21:15:00,1.3104,0.5781287
2010-11-25 09:30:00,2010-11-25 21:30:00,1.3174667,0.58297724
2010-11-25 09:30:00,2010-11-25 21:45:00,1.2810667,0.6010794
2010-11-25 09:30:00,2010-11-25 22:00:00,1.2472,0.56677365
2010-11-25 09:30:00,2010-11-25 22:15:00,1.1254667,0.5685162
2010-11-25 09:30:00,2010-11-25 22:30:00,0.576,0.50032675
2010-11-25 09:30:00,2010-11-25 22:45:00,0.23026666,0.49633753
2010-11-25 09:30:00,2010-11-25 23:00:00,0.26066667,0.44838935
2010-11-25 09:30:00,2010-11-25 23:15:00,0.23133333,0.42206618
2010-11-25 09:30:00,2010-11-25 23:30:00,0.18306665,0.41084766
2010-11-25 09:30:00,2010-11-25 23:45:00,0.18919998,0.45056838
2010-11-25 09:30:00,2010-11-26 00:00:00,0.19199994,0.31440124
2010-11-25 09:30:00,2010-11-26 00:15:00,0.22466666,0.31406918
2010-11-25 09:30:00,2010-11-26 00:30:00,0.37253332,0.30846345
2010-11-25 09:30:00,2010-11-26 00:45:00,0.4332,0.3212041
2010-11-25 09:30:00,2010-11-26 01:00:00,0.364,0.30571216
2010-11-25 09:30:00,2010-11-26 01:15:00,0.29279998,0.29532924
2010-11-25 09:30:00,2010-11-26 01:30:00,0.23013332,0.30074462
2010-11-25 09:30:00,2010-11-26 01:45:00,0.15,0.2876079
2010-11-25 09:30:00,2010-11-26 02:00:00,0.218,0.28148293
2010-11-25 09:30:00,2010-11-26 02:15:00,0.16026667,0.27180582
2010-11-25 09:30:00,2010-11-26 02:30:00,0.21999998,0.28617376
2010-11-25 09:30:00,2010-11-26 02:45:00,0.16173334,0.28361326
2010-11-25 09:30:00,2010-11-26 03:00:00,0.19933334,0.28697103
2010-11-25 09:30:00,2010-11-26 03:15:00,0.25893334,0.27489993
2010-11-25 09:30:00,2010-11-26 03:30:00,0.152,0.2689674
2010-11-25 09:30:00,2010-11-26 03:45:00,0.24733332,0.28045523
2010-11-25 09:30:00,2010-11-26 04:00:00,0.17426665,0.27988487
2010-11-25 09:30:00,2010-11-26 04:15:00,0.19359998,0.27498877
2010-11-25 09:30:00,2010-11-26 04:30:00,0.16853333,0.2694585
2010-11-25 09:30:00,2010-11-26 04:45:00,0.20573333,0.28458217
2010-11-25 09:30:00,2010-11-26 05:00:00,0.18773334,0.27742404
2010-11-25 09:30:00,2010-11-26 05:15:00,0.12333333,0.2973308
2010-11-25 09:30:00,2010-11-26 05:30:00,0.2836,0.28969672
2010-11-25 09:30:00,2010-11-26 05:45:00,0.12146667,0.30457547
2010-11-25 09:30:00,2010-11-26 06:00:00,0.18853334,0.32069442
2010-11-25 09:30:00,2010-11-26 06:15:00,0.22426668,0.33090562
2010-11-25 09:30:00,2010-11-26 06:30:00,0.9669333,0.36389422
2010-11-25 09:30:00,2010-11-26 06:45:00,0.27733332,0.46735346
2010-11-25 09:30:00,2010-11-26 07:00:00,0.23053332,0.52089274
2010-11-25 09:30:00,2010-11-26 07:15:00,0.43213332,0.4624654
2010-11-25 09:30:00,2010-11-26 07:30:00,0.2782666,0.4877016
2010-11-25 09:30:00,2010-11-26 07:45:00,0.26866665,0.51502526
2010-11-25 09:30:00,2010-11-26 08:00:00,0.29759997,0.4997437
2010-11-25 09:30:00,2010-11-26 08:15:00,0.426,0.42279008
2010-11-25 09:30:00,2010-11-26 08:30:00,0.59386665,0.46450207
2010-11-25 09:30:00,2010-11-26 08:45:00,0.43626663,0.40373597
2010-11-25 09:30:00,2010-11-26 09:00:00,0.56,0.39490578
2010-11-25 09:30:00,2010-11-26 09:15:00,0.85319996,0.3999017
2010-11-25 09:45:00,2010-11-25 09:45:00,0.49666664,0.4545638
2010-11-25 09:45:00,2010-11-25 10:00:00,0.2016,0.4366278
2010-11-25 09:45:00,2010-11-25 10:15:00,0.17546663,0.4434374
2010-11-25 09:45:00,2010-11-25 10:30:00,0.21919997,0.45948437
2010-11-25 09:45:00,2010-11-25 10:45:00,0.18359996,0.42510378
2010-11-25 09:45:00,2010-11-25 11:00:00,0.1486666,0.44229305
2010-11-25 09:45:00,2010-11-25 11:15:00,0.27133337,0.42190245
2010-11-25 09:45:00,2010-11-25 11:30:00,0.14919999,0.41250542
2010-11-25 09:45:00,2010-11-25 11:45:00,0.15893327,0.40797758
2010-11-25 09:45:00,2010-11-25 12:00:00,0.28439996,0.40733334
2010-11-25 09:45:00,2010-11-25 12:15:00,0.12546663,0.40270117
2010-11-25 09:45:00,2010-11-25 12:30:00,0.21013331,0.3849204
2010-11-25 09:45:00,2010-11-25 12:45:00,0.9637333,0.37253293
2010-11-25 09:45:00,2010-11-25 13:00:00,0.4665333,0.37394908
2010-11-25 09:45:00,2010-11-25 13:15:00,0.68146664,0.36058697
2010-11-25 09:45:00,2010-11-25 13:30:00,0.59239995,0.36759683
2010-11-25 09:45:00,2010-11-25 13:45:00,0.47093332,0.35584152
2010-11-25 09:45:00,2010-11-25 14:00:00,0.48746666,0.3629587
2010-11-25 09:45:00,2010-11-25 14:15:00,0.3624,0.38952786
2010-11-25 09:45:00,2010-11-25 14:30:00,0.22466666,0.34534848
2010-11-25 09:45:00,2010-11-25 14:45:00,0.20759998,0.3260099
2010-11-25 09:45:00,2010-11-25 15:00:00,0.13346663,0.32799384
2010-11-25 09:45:00,2010-11-25 15:15:00,0.24533334,0.34069306
2010-11-25 09:45:00,2010-11-25 15:30:00,0.18573333,0.33289382
2010-11-25 09:45:00,2010-11-25 15:45:00,0.17186667,0.34500584
2010-11-25 09:45:00,2010-11-25 16:00:00,0.2068,0.35362497
2010-11-25 09:45:00,2010-11-25 16:15:00,0.19160001,0.3424663
2010-11-25 09:45:00,2010-11-25 16:30:00,0.21613333,0.37332946
2010-11-25 09:45:00,2010-11-25 16:45:00,0.13426666,0.39276507
2010-11-25 09:45:00,2010-11-25 17:00:00,0.26146665,0.37462184
2010-11-25 09:45:00,2010-11-25 17:15:00,0.29333332,0.40840036
2010-11-25 09:45:00,2010-11-25 17:30:00,0.41079998,0.41140315
2010-11-25 09:45:00,2010-11-25 17:45:00,0.54693335,0.40787506
2010-11-25 09:45:00,2010-11-25 18:00:00,0.45559996,0.45641756
2010-11-25 09:45:00,2010-11-25 18:15:00,0.5201333,0.4780813
2010-11-25 09:45:00,2010-11-25 18:30:00,0.5048,0.4731432
2010-11-25 09:45:00,2010-11-25 18:45:00,0.5197333,0.49440932
2010-11-25 09:45:00,2010-11-25 19:00:00,0.49173334,0.5684214
2010-11-25 09:45:00,2010-11-25 19:15:00,0.45293334,0.5587476
2010-11-25 09:45:00,2010-11-25 19:30:00,0.9118666,0.61293775
2010-11-25 09:45:00,2010-11-25 19:45:00,0.8441333,0.5450595
2010-11-25 09:45:00,2010-11-25 20:00:00,0.998,0.6524564
2010-11-25 09:45:00,2010-11-25 20:15:00,0.68106663,0.6096828
2010-11-25 09:45:00,2010-11-25 20:30:00,1.4341334,0.5450806
2010-11-25 09:45:00,2010-11-25 20:45:00,1.578,0.55823725
2010-11-25 09:45:00,2010-11-25 21:00:00,1.2,0.5404038
2010-11-25 09:45:00,2010-11-25 21:15:00,1.3104,0.5893907
2010-11-25 09:45:00,2010-11-25 21:30:00,1.3174667,0.608351
2010-11-25 09:45:00,2010-11-25 21:45:00,1.2810667,0.5816356
2010-11-25 09:45:00,2010-11-25 22:00:00,1.2472,0.5885294
2010-11-25 09:45:00,2010-11-25 22:15:00,1.1254667,0.549669
2010-11-25 09:45:00,2010-11-25 22:30:00,0.576,0.5217374
2010-11-25 09:45:00,2010-11-25 22:45:00,0.23026666,0.45027354
2010-11-25 09:45:00,2010-11-25 23:00:00,0.26066667,0.44415367
2010-11-25 09:45:00,2010-11-25 23:15:00,0.23133333,0.44107395
2010-11-25 09:45:00,2010-11-25 23:30:00,0.18306665,0.41435614
2010-11-25 09:45:00,2010-11-25 23:45:00,0.18919998,0.44580194
2010-11-25 09:45:00,2010-11-26 00:00:00,0.19199994,0.3343194
2010-11-25 09:45:00,2010-11-26 00:15:00,0.22466666,0.30724138
2010-11-25 09:45:00,2010-11-26 00:30:00,0.37253332,0.29926002
2010-11-25 09:45:00,2010-11-26 00:45:00,0.4332,0.31643927
2010-11-25 09:45:00,2010-11-26 01:00:00,0.364,0.29357165
2010-11-25 09:45:00,2010-11-26 01:15:00,0.29279998,0.29220077
2010-11-25 09:45:00,2010-11-26 01:30:00,0.23013332,0.285779
2010-11-25 09:45:00,2010-11-26 01:45:00,0.15,0.29245585
2010-11-25 09:45:00,2010-11-26 02:00:00,0.218,0.2868382
2010-11-25 09:45:00,2010-11-26 02:15:00,0.16026667,0.28147247
2010-11-25 09:45:00,2010-11-26 02:30:00,0.21999998,0.28034288
2010-11-25 09:45:00,2010-11-26 02:45:00,0.16173334,0.27138522
2010-11-25 09:45:00,2010-11-26 03:00:00,0.19933334,0.28878444
2010-11-25 09:45:00,2010-11-26 03:15:00,0.25893334,0.29591483
2010-11-25 09:45:00,2010-11-26 03:30:00,0.152,0.2772461
2010-11-25 09:45:00,2010-11-26 03:45:00,0.24733332,0.27045944
2010-11-25 09:45:00,2010-11-26 04:00:00,0.17426665,0.2929729
2010-11-25 09:45:00,2010-11-26 04:15:00,0.19359998,0.27469802
2010-11-25 09:45:00,2010-11-26 04:30:00,0.16853333,0.278152
2010-11-25 09:45:00,2010-11-26 04:45:00,0.20573333,0.27941573
2010-11-25 09:45:00,2010-11-26 05:00:00,0.18773334,0.27299643
2010-11-25 09:45:00,2010-11-26 05:15:00,0.12333333,0.29330716
2010-11-25 09:45:00,2010-11-26 05:30:00,0.2836,0.2998494
2010-11-25 09:45:00,2010-11-26 05:45:00,0.12146667,0.28809372
2010-11-25 09:45:00,2010-11-26 06:00:00,0.18853334,0.33538696
2010-11-25 09:45:00,2010-11-26 06:15:00,0.22426668,0.34144762
2010-11-25 09:45:00,2010-11-26 06:30:00,0.9669333,0.38238868
2010-11-25 09:45:00,2010-11-26 06:45:00,0.27733332,0.43926185
2010-11-25 09:45:00,2010-11-26 07:00:00,0.23053332,0.5082821
2010-11-25 09:45:00,2010-11-26 07:15:00,0.43213332,0.45954826
2010-11-25 09:45:00,2010-11-26 07:30:00,0.2782666,0.50732803
2010-11-25 09:45:00,2010-11-26 07:45:00,0.26866665,0.51343375
2010-11-25 09:45:00,2010-11-26 08:00:00,0.29759997,0.50907564
2010-11-25 09:45:00,2010-11-26 08:15:00,0.426,0.44389942
2010-11-25 09:45:00,2010-11-26 08:30:00,0.59386665,0.44331622
2010-11-25 09:45:00,2010-11-26 08:45:00,0.43626663,0.4323355
2010-11-25 09:45:00,2010-11-26 09:00:00,0.56,0.39662516
2010-11-25 09:45:00,2010-11-26 09:15:00,0.85319996,0.399013
2010-11-25 09:45:00,2010-11-26 09:30:00,0.70519996,0.41545942
2010-11-25 10:00:00,2010-11-25 10:00:00,0.2016,0.4508538
2010-11-25 10:00:00,2010-11-25 10:15:00,0.17546663,0.43211928
2010-11-25 10:00:00,2010-11-25 10:30:00,0.21919997,0.45791924
2010-11-25 10:00:00,2010-11-25 10:45:00,0.18359996,0.43742368
2010-11-25 10:00:00,2010-11-25 11:00:00,0.1486666,0.43727952
2010-11-25 10:00:00,2010-11-25 11:15:00,0.27133337,0.45396656
2010-11-25 10:00:00,2010-11-25 11:30:00,0.14919999,0.4249341
2010-11-25 10:00:00,2010-11-25 11:45:00,0.15893327,0.39895582
2010-11-25 10:00:00,2010-11-25 12:00:00,0.28439996,0.4082511
2010-11-25 10:00:00,2010-11-25 12:15:00,0.12546663,0.41345018
2010-11-25 10:00:00,2010-11-25 12:30:00,0.21013331,0.40619594
2010-11-25 10:00:00,2010-11-25 12:45:00,0.9637333,0.38392615
2010-11-25 10:00:00,2010-11-25 13:00:00,0.4665333,0.3712703
2010-11-25 10:00:00,2010-11-25 13:15:00,0.68146664,0.35533142
2010-11-25 10:00:00,2010-11-25 13:30:00,0.59239995,0.35739884
2010-11-25 10:00:00,2010-11-25 13:45:00,0.47093332,0.35668823
2010-11-25 10:00:00,2010-11-25 14:00:00,0.48746666,0.37262923
2010-11-25 10:00:00,2010-11-25 14:15:00,0.3624,0.3758785
2010-11-25 10:00:00,2010-11-25 14:30:00,0.22466666,0.3539372
2010-11-25 10:00:00,2010-11-25 14:45:00,0.20759998,0.3244064
2010-11-25 10:00:00,2010-11-25 15:00:00,0.13346663,0.32919887
2010-11-25 10:00:00,2010-11-25 15:15:00,0.24533334,0.32762128
2010-11-25 10:00:00,2010-11-25 15:30:00,0.18573333,0.3364821
2010-11-25 10:00:00,2010-11-25 15:45:00,0.17186667,0.35439005
2010-11-25 10:00:00,2010-11-25 16:00:00,0.2068,0.3597467
2010-11-25 10:00:00,2010-11-25 16:15:00,0.19160001,0.34717333
2010-11-25 10:00:00,2010-11-25 16:30:00,0.21613333,0.37323022
2010-11-25 10:00:00,2010-11-25 16:45:00,0.13426666,0.37215263
2010-11-25 10:00:00,2010-11-25 17:00:00,0.26146665,0.36874285
2010-11-25 10:00:00,2010-11-25 17:15:00,0.29333332,0.4184683
2010-11-25 10:00:00,2010-11-25 17:30:00,0.41079998,0.42619896
2010-11-25 10:00:00,2010-11-25 17:45:00,0.54693335,0.41687652
2010-11-25 10:00:00,2010-11-25 18:00:00,0.45559996,0.45349902
2010-11-25 10:00:00,2010-11-25 18:15:00,0.5201333,0.5055395
2010-11-25 10:00:00,2010-11-25 18:30:00,0.5048,0.48389888
2010-11-25 10:00:00,2010-11-25 18:45:00,0.5197333,0.5175705
2010-11-25 10:00:00,2010-11-25 19:00:00,0.49173334,0.60899496
2010-11-25 10:00:00,2010-11-25 19:15:00,0.45293334,0.5604857
2010-11-25 10:00:00,2010-11-25 19:30:00,0.9118666,0.61317015
2010-11-25 10:00:00,2010-11-25 19:45:00,0.8441333,0.5474883
2010-11-25 10:00:00,2010-11-25 20:00:00,0.998,0.63927984
2010-11-25 10:00:00,2010-11-25 20:15:00,0.68106663,0.60283864
2010-11-25 10:00:00,2010-11-25 20:30:00,1.4341334,0.5462458
2010-11-25 10:00:00,2010-11-25 20:45:00,1.578,0.56358945
2010-11-25 10:00:00,2010-11-25 21:00:00,1.2,0.5388662
2010-11-25 10:00:00,2010-11-25 21:15:00,1.3104,0.5683949
2010-11-25 10:00:00,2010-11-25 21:30:00,1.3174667,0.64073896
2010-11-25 10:00:00,2010-11-25 21:45:00,1.2810667,0.59971756
2010-11-25 10:00:00,2010-11-25 22:00:00,1.2472,0.5578573
2010-11-25 10:00:00,2010-11-25 22:15:00,1.1254667,0.56251895
2010-11-25 10:00:00,2010-11-25 22:30:00,0.576,0.51474017
2010-11-25 10:00:00,2010-11-25 22:45:00,0.23026666,0.493583
2010-11-25 10:00:00,2010-11-25 23:00:00,0.26066667,0.41649917
2010-11-25 10:00:00,2010-11-25 23:15:00,0.23133333,0.4310358
2010-11-25 10:00:00,2010-11-25 23:30:00,0.18306665,0.43626705
2010-11-25 10:00:00,2010-11-25 23:45:00,0.18919998,0.4327187
2010-11-25 10:00:00,2010-11-26 00:00:00,0.19199994,0.3273898
2010-11-25 10:00:00,2010-11-26 00:15:00,0.22466666,0.31515327
2010-11-25 10:00:00,2010-11-26 00:30:00,0.37253332,0.30868375
2010-11-25 10:00:00,2010-11-26 00:45:00,0.4332,0.30654424
2010-11-25 10:00:00,2010-11-26 01:00:00,0.364,0.31128475
2010-11-25 10:00:00,2010-11-26 01:15:00,0.29279998,0.29142478
2010-11-25 10:00:00,2010-11-26 01:30:00,0.23013332,0.28897092
2010-11-25 10:00:00,2010-11-26 01:45:00,0.15,0.2898465
2010-11-25 10:00:00,2010-11-26 02:00:00,0.218,0.2803966
2010-11-25 10:00:00,2010-11-26 02:15:00,0.16026667,0.28967336
2010-11-25 10:00:00,2010-11-26 02:30:00,0.21999998,0.28837603
2010-11-25 10:00:00,2010-11-26 02:45:00,0.16173334,0.2856655
2010-11-25 10:00:00,2010-11-26 03:00:00,0.19933334,0.27823216
2010-11-25 10:00:00,2010-11-26 03:15:00,0.25893334,0.27212453
2010-11-25 10:00:00,2010-11-26 03:30:00,0.152,0.27899992
2010-11-25 10:00:00,2010-11-26 03:45:00,0.24733332,0.27747214
2010-11-25 10:00:00,2010-11-26 04:00:00,0.17426665,0.26872173
2010-11-25 10:00:00,2010-11-26 04:15:00,0.19359998,0.2726446
2010-11-25 10:00:00,2010-11-26 04:30:00,0.16853333,0.28216335
2010-11-25 10:00:00,2010-11-26 04:45:00,0.20573333,0.28275755
2010-11-25 10:00:00,2010-11-26 05:00:00,0.18773334,0.27704898
2010-11-25 10:00:00,2010-11-26 05:15:00,0.12333333,0.28661892
2010-11-25 10:00:00,2010-11-26 05:30:00,0.2836,0.29117376
2010-11-25 10:00:00,2010-11-26 05:45:00,0.12146667,0.29299468
2010-11-25 10:00:00,2010-11-26 06:00:00,0.18853334,0.3198382
2010-11-25 10:00:00,2010-11-26 06:15:00,0.22426668,0.35258612
2010-11-25 10:00:00,2010-11-26 06:30:00,0.9669333,0.39034125
2010-11-25 10:00:00,2010-11-26 06:45:00,0.27733332,0.4707225
2010-11-25 10:00:00,2010-11-26 07:00:00,0.23053332,0.52172154
2010-11-25 10:00:00,2010-11-26 07:15:00,0.43213332,0.46066537
2010-11-25 10:00:00,2010-11-26 07:30:00,0.2782666,0.47876403
2010-11-25 10:00:00,2010-11-26 07:45:00,0.26866665,0.53616464
2010-11-25 10:00:00,2010-11-26 08:00:00,0.29759997,0.5249546
2010-11-25 10:00:00,2010-11-26 08:15:00,0.426,0.41569975
2010-11-25 10:00:00,2010-11-26 08:30:00,0.59386665,0.44569653
2010-11-25 10:00:00,2010-11-26 08:45:00,0.43626663,0.40724692
2010-11-25 10:00:00,2010-11-26 09:00:00,0.56,0.41752174
2010-11-25 10:00:00,2010-11-26 09:15:00,0.85319996,0.388265
2010-11-25 10:00:00,2010-11-26 09:30:00,0.70519996,0.41920155
2010-11-25 10:00:00,2010-11-26 09:45:00,0.52853334,0.39581224
2010-11-25 10:15:00,2010-11-25 10:15:00,0.17546663,0.3988087
2010-11-25 10:15:00,2010-11-25 10:30:00,0.21919997,0.39738184
2010-11-25 10:15:00,2010-11-25 10:45:00,0.18359996,0.38881245
2010-11-25 10:15:00,2010-11-25 11:00:00,0.1486666,0.41484666
2010-11-25 10:15:00,2010-11-25 11:15:00,0.27133337,0.41004017
2010-11-25 10:15:00,2010-11-25 11:30:00,0.14919999,0.42755032
2010-11-25 10:15:00,2010-11-25 11:45:00,0.15893327,0.4001857
2010-11-25 10:15:00,2010-11-25 12:00:00,0.28439996,0.39055723
2010-11-25 10:15:00,2010-11-25 12:15:00,0.12546663,0.38173547
2010-11-25 10:15:00,2010-11-25 12:30:00,0.21013331,0.38795334
2010-11-25 10:15:00,2010-11-25 12:45:00,0.9637333,0.3746171
2010-11-25 10:15:00,2010-11-25 13:00:00,0.4665333,0.35962933
2010-11-25 10:15:00,2010-11-25 13:15:00,0.68146664,0.33884045
2010-11-25 10:15:00,2010-11-25 13:30:00,0.59239995,0.3292181
2010-11-25 10:15:00,2010-11-25 13:45:00,0.47093332,0.32593125
2010-11-25 10:15:00,2010-11-25 14:00:00,0.48746666,0.36155146
2010-11-25 10:15:00,2010-11-25 14:15:00,0.3624,0.36616597
2010-11-25 10:15:00,2010-11-25 14:30:00,0.22466666,0.32851046
2010-11-25 10:15:00,2010-11-25 14:45:00,0.20759998,0.3354287
2010-11-25 10:15:00,2010-11-25 15:00:00,0.13346663,0.3188033
2010-11-25 10:15:00,2010-11-25 15:15:00,0.24533334,0.32798645
2010-11-25 10:15:00,2010-11-25 15:30:00,0.18573333,0.34593207
2010-11-25 10:15:00,2010-11-25 15:45:00,0.17186667,0.3475526
2010-11-25 10:15:00,2010-11-25 16:00:00,0.2068,0.35331798
2010-11-25 10:15:00,2010-11-25 16:15:00,0.19160001,0.35609832
2010-11-25 10:15:00,2010-11-25 16:30:00,0.21613333,0.3752525
2010-11-25 10:15:00,2010-11-25 16:45:00,0.13426666,0.37091917
2010-11-25 10:15:00,2010-11-25 17:00:00,0.26146665,0.39151686
2010-11-25 10:15:00,2010-11-25 17:15:00,0.29333332,0.37512034
2010-11-25 10:15:00,2010-11-25 17:30:00,0.41079998,0.41045412
2010-11-25 10:15:00,2010-11-25 17:45:00,0.54693335,0.42031264
2010-11-25 10:15:00,2010-11-25 18:00:00,0.45559996,0.45625496
2010-11-25 10:15:00,2010-11-25 18:15:00,0.5201333,0.47815925
2010-11-25 10:15:00,2010-11-25 18:30:00,0.5048,0.48479447
2010-11-25 10:15:00,2010-11-25 18:45:00,0.5197333,0.4823613
2010-11-25 10:15:00,2010-11-25 19:00:00,0.49173334,0.5520618
2010-11-25 10:15:00,2010-11-25 19:15:00,0.45293334,0.5421771
2010-11-25 10:15:00,2010-11-25 19:30:00,0.9118666,0.5865948
2010-11-25 10:15:00,2010-11-25 19:45:00,0.8441333,0.5362125
2010-11-25 10:15:00,2010-11-25 20:00:00,0.998,0.6348646
2010-11-25 10:15:00,2010-11-25 20:15:00,0.68106663,0.5997673
2010-11-25 10:15:00,2010-11-25 20:30:00,1.4341334,0.5480239
2010-11-25 10:15:00,2010-11-25 20:45:00,1.578,0.5613887
2010-11-25 10:15:00,2010-11-25 21:00:00,1.2,0.5341573
2010-11-25 10:15:00,2010-11-25 21:15:00,1.3104,0.5705015
2010-11-25 10:15:00,2010-11-25 21:30:00,1.3174667,0.5977648
2010-11-25 10:15:00,2010-11-25 21:45:00,1.2810667,0.6061861
2010-11-25 10:15:00,2010-11-25 22:00:00,1.2472,0.5800082
2010-11-25 10:15:00,2010-11-25 22:15:00,1.1254667,0.5433416
2010-11-25 10:15:00,2010-11-25 22:30:00,0.576,0.52637655
2010-11-25 10:15:00,2010-11-25 22:45:00,0.23026666,0.4862976
2010-11-25 10:15:00,2010-11-25 23:00:00,0.26066667,0.45126703
2010-11-25 10:15:00,2010-11-25 23:15:00,0.23133333,0.40227696
2010-11-25 10:15:00,2010-11-25 23:30:00,0.18306665,0.42292467
2010-11-25 10:15:00,2010-11-25 23:45:00,0.18919998,0.45309982
2010-11-25 10:15:00,2010-11-26 00:00:00,0.19199994,0.33661023
2010-11-25 10:15:00,2010-11-26 00:15:00,0.22466666,0.31416112
2010-11-25 10:15:00,2010-11-26 00:30:00,0.37253332,0.30480006
2010-11-25 10:15:00,2010-11-26 00:45:00,0.4332,0.30878878
2010-11-25 10:15:00,2010-11-26 01:00:00,0.364,0.29605022
2010-11-25 10:15:00,2010-11-26 01:15:00,0.29279998,0.29370263
2010-11-25 10:15:00,2010-11-26 01:30:00,0.23013332,0.2797344
2010-11-25 10:15:00,2010-11-26 01:45:00,0.15,0.29439703
2010-11-25 10:15:00,2010-11-26 02:00:00,0.218,0.27370816
2010-11-25 10:15:00,2010-11-26 02:15:00,0.16026667,0.27933997
2010-11-25 10:15:00,2010-11-26 02:30:00,0.21999998,0.27424398
2010-11-25 10:15:00,2010-11-26 02:45:00,0.16173334,0.28066513
2010-11-25 10:15:00,2010-11-26 03:00:00,0.19933334,0.27466553
2010-11-25 10:15:00,2010-11-26 03:15:00,0.25893334,0.27879843
2010-11-25 10:15:00,2010-11-26 03:30:00,0.152,0.2842497
2010-11-25 10:15:00,2010-11-26 03:45:00,0.24733332,0.27150252
2010-11-25 10:15:00,2010-11-26 04:00:00,0.17426665,0.27899706
2010-11-25 10:15:00,2010-11-26 04:15:00,0.19359998,0.27728215
2010-11-25 10:15:00,2010-11-26 04:30:00,0.16853333,0.28332835
2010-11-25 10:15:00,2010-11-26 04:45:00,0.20573333,0.2759462
2010-11-25 10:15:00,2010-11-26 05:00:00,0.18773334,0.29769248
2010-11-25 10:15:00,2010-11-26 05:15:00,0.12333333,0.28256348
2010-11-25 10:15:00,2010-11-26 05:30:00,0.2836,0.2930436
2010-11-25 10:15:00,2010-11-26 05:45:00,0.12146667,0.29665172
2010-11-25 10:15:00,2010-11-26 06:00:00,0.18853334,0.32322747
2010-11-25 10:15:00,2010-11-26 06:15:00,0.22426668,0.34277892
2010-11-25 10:15:00,2010-11-26 06:30:00,0.9669333,0.3892748
2010-11-25 10:15:00,2010-11-26 06:45:00,0.27733332,0.47716615
2010-11-25 10:15:00,2010-11-26 07:00:00,0.23053332,0.53584737
2010-11-25 10:15:00,2010-11-26 07:15:00,0.43213332,0.45024052
2010-11-25 10:15:00,2010-11-26 07:30:00,0.2782666,0.49011806
2010-11-25 10:15:00,2010-11-26 07:45:00,0.26866665,0.5436417
2010-11-25 10:15:00,2010-11-26 08:00:00,0.29759997,0.52204347
2010-11-25 10:15:00,2010-11-26 08:15:00,0.426,0.4322632
2010-11-25 10:15:00,2010-11-26 08:30:00,0.59386665,0.43885633
2010-11-25 10:15:00,2010-11-26 08:45:00,0.43626663,0.41529706
2010-11-25 10:15:00,2010-11-26 09:00:00,0.56,0.3873553
2010-11-25 10:15:00,2010-11-26 09:15:00,0.85319996,0.41790798
2010-11-25 10:15:00,2010-11-26 09:30:00,0.70519996,0.4117084
2010-11-25 10:15:00,2010-11-26 09:45:00,0.52853334,0.39171126
2010-11-25 10:15:00,2010-11-26 10:00:00,0.38986665,0.4057425
2010-11-25 10:30:00,2010-11-25 10:30:00,0.21919997,0.3834372
2010-11-25 10:30:00,2010-11-25 10:45:00,0.18359996,0.35029885
2010-11-25 10:30:00,2010-11-25 11:00:00,0.1486666,0.37016496
2010-11-25 10:30:00,2010-11-25 11:15:00,0.27133337,0.3884762
2010-11-25 10:30:00,2010-11-25 11:30:00,0.14919999,0.38278943
2010-11-25 10:30:00,2010-11-25 11:45:00,0.15893327,0.37524882
2010-11-25 10:30:00,2010-11-25 12:00:00,0.28439996,0.38692418
2010-11-25 10:30:00,2010-11-25 12:15:00,0.12546663,0.3649496
2010-11-25 10:30:00,2010-11-25 12:30:00,0.21013331,0.3622019
2010-11-25 10:30:00,2010-11-25 12:45:00,0.9637333,0.35866445
2010-11-25 10:30:00,2010-11-25 13:00:00,0.4665333,0.35339442
2010-11-25 10:30:00,2010-11-25 13:15:00,0.68146664,0.3219095
2010-11-25 10:30:00,2010-11-25 13:30:00,0.59239995,0.32560828
2010-11-25 10:30:00,2010-11-25 13:45:00,0.47093332,0.3064495
2010-11-25 10:30:00,2010-11-25 14:00:00,0.48746666,0.33500528
2010-11-25 10:30:00,2010-11-25 14:15:00,0.3624,0.35103562
2010-11-25 10:30:00,2010-11-25 14:30:00,0.22466666,0.3491619
2010-11-25 10:30:00,2010-11-25 14:45:00,0.20759998,0.29926553
2010-11-25 10:30:00,2010-11-25 15:00:00,0.13346663,0.31098846
2010-11-25 10:30:00,2010-11-25 15:15:00,0.24533334,0.3045848
2010-11-25 10:30:00,2010-11-25 15:30:00,0.18573333,0.3127274
2010-11-25 10:30:00,2010-11-25 15:45:00,0.17186667,0.3475031
2010-11-25 10:30:00,2010-11-25 16:00:00,0.2068,0.35244963
2010-11-25 10:30:00,2010-11-25 16:15:00,0.19160001,0.35638678
2010-11-25 10:30:00,2010-11-25 16:30:00,0.21613333,0.36468711
2010-11-25 10:30:00,2010-11-25 16:45:00,0.13426666,0.36624965
2010-11-25 10:30:00,2010-11-25 17:00:00,0.26146665,0.3554609
2010-11-25 10:30:00,2010-11-25 17:15:00,0.29333332,0.37685207
2010-11-25 10:30:00,2010-11-25 17:30:00,0.41079998,0.37166932
2010-11-25 10:30:00,2010-11-25 17:45:00,0.54693335,0.42217642
2010-11-25 10:30:00,2010-11-25 18:00:00,0.45559996,0.4464961
2010-11-25 10:30:00,2010-11-25 18:15:00,0.5201333,0.46173033
2010-11-25 10:30:00,2010-11-25 18:30:00,0.5048,0.46914297
2010-11-25 10:30:00,2010-11-25 18:45:00,0.5197333,0.46591514
2010-11-25 10:30:00,2010-11-25 19:00:00,0.49173334,0.5723752
2010-11-25 10:30:00,2010-11-25 19:15:00,0.45293334,0.52952254
2010-11-25 10:30:00,2010-11-25 19:30:00,0.9118666,0.63551056
2010-11-25 10:30:00,2010-11-25 19:45:00,0.8441333,0.54263145
2010-11-25 10:30:00,2010-11-25 20:00:00,0.998,0.6238436
2010-11-25 10:30:00,2010-11-25 20:15:00,0.68106663,0.60734147
2010-11-25 10:30:00,2010-11-25 20:30:00,1.4341334,0.5352544
2010-11-25 10:30:00,2010-11-25 20:45:00,1.578,0.563411
2010-11-25 10:30:00,2010-11-25 21:00:00,1.2,0.54303324
2010-11-25 10:30:00,2010-11-25 21:15:00,1.3104,0.5629957
2010-11-25 10:30:00,2010-11-25 21:30:00,1.3174667,0.6148643
2010-11-25 10:30:00,2010-11-25 21:45:00,1.2810667,0.5967106
2010-11-25 10:30:00,2010-11-25 22:00:00,1.2472,0.57391936
2010-11-25 10:30:00,2010-11-25 22:15:00,1.1254667,0.54663634
2010-11-25 10:30:00,2010-11-25 22:30:00,0.576,0.51057994
2010-11-25 10:30:00,2010-11-25 22:45:00,0.23026666,0.45551446
2010-11-25 10:30:00,2010-11-25 23:00:00,0.26066667,0.41755778
2010-11-25 10:30:00,2010-11-25 23:15:00,0.23133333,0.4202475
2010-11-25 10:30:00,2010-11-25 23:30:00,0.18306665,0.4457302
2010-11-25 10:30:00,2010-11-25 23:45:00,0.18919998,0.42426267
2010-11-25 10:30:00,2010-11-26 00:00:00,0.19199994,0.32315966
2010-11-25 10:30:00,2010-11-26 00:15:00,0.22466666,0.3099246
2010-11-25 10:30:00,2010-11-26 00:30:00,0.37253332,0.29622692
2010-11-25 10:30:00,2010-11-26 00:45:00,0.4332,0.31614208
2010-11-25 10:30:00,2010-11-26 01:00:00,0.364,0.30393428
2010-11-25 10:30:00,2010-11-26 01:15:00,0.29279998,0.2834872
2010-11-25 10:30:00,2010-11-26 01:30:00,0.23013332,0.28741992
2010-11-25 10:30:00,2010-11-26 01:45:00,0.15,0.2818884
2010-11-25 10:30:00,2010-11-26 02:00:00,0.218,0.2762548
2010-11-25 10:30:00,2010-11-26 02:15:00,0.16026667,0.26469234
2010-11-25 10:30:00,2010-11-26 02:30:00,0.21999998,0.25892138
2010-11-25 10:30:00,2010-11-26 02:45:00,0.16173334,0.2739859
2010-11-25 10:30:00,2010-11-26 03:00:00,0.19933334,0.2786648
2010-11-25 10:30:00,2010-11-26 03:15:00,0.25893334,0.27670488
2010-11-25 10:30:00,2010-11-26 03:30:00,0.152,0.27194875
2010-11-25 10:30:00,2010-11-26 03:45:00,0.24733332,0.28230795
2010-11-25 10:30:00,2010-11-26 04:00:00,0.17426665,0.28930324
2010-11-25 10:30:00,2010-11-26 04:15:00,0.19359998,0.28271094
2010-11-25 10:30:00,2010-11-26 04:30:00,0.16853333,0.2842343
2010-11-25 10:30:00,2010-11-26 04:45:00,0.20573333,0.28946638
2010-11-25 10:30:00,2010-11-26 05:00:00,0.18773334,0.27229768
2010-11-25 10:30:00,2010-11-26 05:15:00,0.12333333,0.28243518
2010-11-25 10:30:00,2010-11-26 05:30:00,0.2836,0.2860683
2010-11-25 10:30:00,2010-11-26 05:45:00,0.12146667,0.27697015
2010-11-25 10:30:00,2010-11-26 06:00:00,0.18853334,0.31854978
2010-11-25 10:30:00,2010-11-26 06:15:00,0.22426668,0.33500677
2010-11-25 10:30:00,2010-11-26 06:30:00,0.9669333,0.37557593
2010-11-25 10:30:00,2010-11-26 06:45:00,0.27733332,0.47986028
2010-11-25 10:30:00,2010-11-26 07:00:00,0.23053332,0.517213
2010-11-25 10:30:00,2010-11-26 07:15:00,0.43213332,0.47362536
2010-11-25 10:30:00,2010-11-26 07:30:00,0.2782666,0.4953596
2010-11-25 10:30:00,2010-11-26 07:45:00,0.26866665,0.5309324
2010-11-25 10:30:00,2010-11-26 08:00:00,0.29759997,0.5061338
2010-11-25 10:30:00,2010-11-26 08:15:00,0.426,0.41873056
2010-11-25 10:30:00,2010-11-26 08:30:00,0.59386665,0.47070178
2010-11-25 10:30:00,2010-11-26 08:45:00,0.43626663,0.38973314
2010-11-25 10:30:00,2010-11-26 09:00:00,0.56,0.39714167
2010-11-25 10:30:00,2010-11-26 09:15:00,0.85319996,0.38332003
2010-11-25 10:30:00,2010-11-26 09:30:00,0.70519996,0.42320082
2010-11-25 10:30:00,2010-11-26 09:45:00,0.52853334,0.380894
2010-11-25 10:30:00,2010-11-26 10:00:00,0.38986665,0.39013886
2010-11-25 10:30:00,2010-11-26 10:15:00,0.46799996,0.39888713
2010-11-25 10:45:00,2010-11-25 10:45:00,0.18359996,0.33777046
2010-11-25 10:45:00,2010-11-25 11:00:00,0.1486666,0.33867177
2010-11-25 10:45:00,2010-11-25 11:15:00,0.27133337,0.36568868
2010-11-25 10:45:00,2010-11-25 11:30:00,0.14919999,0.35092765
2010-11-25 10:45:00,2010-11-25 11:45:00,0.15893327,0.3549355
2010-11-25 10:45:00,2010-11-25 12:00:00,0.28439996,0.36052093
2010-11-25 10:45:00,2010-11-25 12:15:00,0.12546663,0.34885937
2010-11-25 10:45:00,2010-11-25 12:30:00,0.21013331,0.33137894
2010-11-25 10:45:00,2010-11-25 12:45:00,0.9637333,0.33932638
2010-11-25 10:45:00,2010-11-25 13:00:00,0.4665333,0.33633074
2010-11-25 10:45:00,2010-11-25 13:15:00,0.68146664,0.31569958
2010-11-25 10:45:00,2010-11-25 13:30:00,0.59239995,0.31918642
2010-11-25 10:45:00,2010-11-25 13:45:00,0.47093332,0.29854423
2010-11-25 10:45:00,2010-11-25 14:00:00,0.48746666,0.32078075
2010-11-25 10:45:00,2010-11-25 14:15:00,0.3624,0.36380804
2010-11-25 10:45:00,2010-11-25 14:30:00,0.22466666,0.34098148
2010-11-25 10:45:00,2010-11-25 14:45:00,0.20759998,0.29622436
2010-11-25 10:45:00,2010-11-25 15:00:00,0.13346663,0.29569042
2010-11-25 10:45:00,2010-11-25 15:15:00,0.24533334,0.30470327
2010-11-25 10:45:00,2010-11-25 15:30:00,0.18573333,0.3187277
2010-11-25 10:45:00,2010-11-25 15:45:00,0.17186667,0.32738853
2010-11-25 10:45:00,2010-11-25 16:00:00,0.2068,0.3393537
2010-11-25 10:45:00,2010-11-25 16:15:00,0.19160001,0.31420812
2010-11-25 10:45:00,2010-11-25 16:30:00,0.21613333,0.36273518
2010-11-25 10:45:00,2010-11-25 16:45:00,0.13426666,0.37784985
2010-11-25 10:45:00,2010-11-25 17:00:00,0.26146665,0.38708994
2010-11-25 10:45:00,2010-11-25 17:15:00,0.29333332,0.367681
2010-11-25 10:45:00,2010-11-25 17:30:00,0.41079998,0.39226905
2010-11-25 10:45:00,2010-11-25 17:45:00,0.54693335,0.38309592
2010-11-25 10:45:00,2010-11-25 18:00:00,0.45559996,0.44060114
2010-11-25 10:45:00,2010-11-25 18:15:00,0.5201333,0.49541706
2010-11-25 10:45:00,2010-11-25 18:30:00,0.5048,0.46679077
2010-11-25 10:45:00,2010-11-25 18:45:00,0.5197333,0.48350593
2010-11-25 10:45:00,2010-11-25 19:00:00,0.49173334,0.5320488
2010-11-25 10:45:00,2010-11-25 19:15:00,0.45293334,0.53588766
2010-11-25 10:45:00,2010-11-25 19:30:00,0.9118666,0.5876921
2010-11-25 10:45:00,2010-11-25 19:45:00,0.8441333,0.52000797
2010-11-25 10:45:00,2010-11-25 20:00:00,0.998,0.6286366
2010-11-25 10:45:00,2010-11-25 20:15:00,0.68106663,0.6210691
2010-11-25 10:45:00,2010-11-25 20:30:00,1.4341334,0.5318625
2010-11-25 10:45:00,2010-11-25 20:45:00,1.578,0.56744677
2010-11-25 10:45:00,2010-11-25 21:00:00,1.2,0.52727306
2010-11-25 10:45:00,2010-11-25 21:15:00,1.3104,0.55188805
2010-11-25 10:45:00,2010-11-25 21:30:00,1.3174667,0.60209817
2010-11-25 10:45:00,2010-11-25 21:45:00,1.2810667,0.61674577
2010-11-25 10:45:00,2010-11-25 22:00:00,1.2472,0.5485198
2010-11-25 10:45:00,2010-11-25 22:15:00,1.1254667,0.5412417
2010-11-25 10:45:00,2010-11-25 22:30:00,0.576,0.5142954
2010-11-25 10:45:00,2010-11-25 22:45:00,0.23026666,0.46253896
2010-11-25 10:45:00,2010-11-25 23:00:00,0.26066667,0.4030113
2010-11-25 10:45:00,2010-11-25 23:15:00,0.23133333,0.3827702
2010-11-25 10:45:00,2010-11-25 23:30:00,0.18306665,0.4317379
2010-11-25 10:45:00,2010-11-25 23:45:00,0.18919998,0.45207897
2010-11-25 10:45:00,2010-11-26 00:00:00,0.19199994,0.31523532
2010-11-25 10:45:00,2010-11-26 00:15:00,0.22466666,0.30748445
2010-11-25 10:45:00,2010-11-26 00:30:00,0.37253332,0.30518672
2010-11-25 10:45:00,2010-11-26 00:45:00,0.4332,0.31233877
2010-11-25 10:45:00,2010-11-26 01:00:00,0.364,0.30088818
2010-11-25 10:45:00,2010-11-26 01:15:00,0.29279998,0.28406933
2010-11-25 10:45:00,2010-11-26 01:30:00,0.23013332,0.2794722
2010-11-25 10:45:00,2010-11-26 01:45:00,0.15,0.2910396
2010-11-25 10:45:00,2010-11-26 02:00:00,0.218,0.27054954
2010-11-25 10:45:00,2010-11-26 02:15:00,0.16026667,0.28043324
2010-11-25 10:45:00,2010-11-26 02:30:00,0.21999998,0.26333347
2010-11-25 10:45:00,2010-11-26 02:45:00,0.16173334,0.2613822
2010-11-25 10:45:00,2010-11-26 03:00:00,0.19933334,0.27115145
2010-11-25 10:45:00,2010-11-26 03:15:00,0.25893334,0.2736747
2010-11-25 10:45:00,2010-11-26 03:30:00,0.152,0.26675385
2010-11-25 10:45:00,2010-11-26 03:45:00,0.24733332,0.27592367
2010-11-25 10:45:00,2010-11-26 04:00:00,0.17426665,0.28795812
2010-11-25 10:45:00,2010-11-26 04:15:00,0.19359998,0.26753497
2010-11-25 10:45:00,2010-11-26 04:30:00,0.16853333,0.28372487
2010-11-25 10:45:00,2010-11-26 04:45:00,0.20573333,0.2834103
2010-11-25 10:45:00,2010-11-26 05:00:00,0.18773334,0.2841758
2010-11-25 10:45:00,2010-11-26 05:15:00,0.12333333,0.28524023
2010-11-25 10:45:00,2010-11-26 05:30:00,0.2836,0.29823425
2010-11-25 10:45:00,2010-11-26 05:45:00,0.12146667,0.28175136
2010-11-25 10:45:00,2010-11-26 06:00:00,0.18853334,0.31494758
2010-11-25 10:45:00,2010-11-26 06:15:00,0.22426668,0.32615876
2010-11-25 10:45:00,2010-11-26 06:30:00,0.9669333,0.36376002
2010-11-25 10:45:00,2010-11-26 06:45:00,0.27733332,0.47917876
2010-11-25 10:45:00,2010-11-26 07:00:00,0.23053332,0.50756997
2010-11-25 10:45:00,2010-11-26 07:15:00,0.43213332,0.46013123
2010-11-25 10:45:00,2010-11-26 07:30:00,0.2782666,0.51898617
2010-11-25 10:45:00,2010-11-26 07:45:00,0.26866665,0.53105485
2010-11-25 10:45:00,2010-11-26 08:00:00,0.29759997,0.52199423
2010-11-25 10:45:00,2010-11-26 08:15:00,0.426,0.42928466
2010-11-25 10:45:00,2010-11-26 08:30:00,0.59386665,0.46660334
2010-11-25 10:45:00,2010-11-26 08:45:00,0.43626663,0.40695897
2010-11-25 10:45:00,2010-11-26 09:00:00,0.56,0.3750379
2010-11-25 10:45:00,2010-11-26 09:15:00,0.85319996,0.3830907
2010-11-25 10:45:00,2010-11-26 09:30:00,0.70519996,0.39861324
2010-11-25 10:45:00,2010-11-26 09:45:00,0.52853334,0.3804993
2010-11-25 10:45:00,2010-11-26 10:00:00,0.38986665,0.37454975
2010-11-25 10:45:00,2010-11-26 10:15:00,0.46799996,0.39411545
2010-11-25 10:45:00,2010-11-26 10:30:00,0.34866667,0.4195972
2010-11-25 11:00:00,2010-11-25 11:00:00,0.1486666,0.31438956
2010-11-25 11:00:00,2010-11-25 11:15:00,0.27133337,0.3186724
2010-11-25 11:00:00,2010-11-25 11:30:00,0.14919999,0.32346618
2010-11-25 11:00:00,2010-11-25 11:45:00,0.15893327,0.33101675
2010-11-25 11:00:00,2010-11-25 12:00:00,0.28439996,0.34322608
2010-11-25 11:00:00,2010-11-25 12:15:00,0.12546663,0.33618072
2010-11-25 11:00:00,2010-11-25 12:30:00,0.21013331,0.29947132
2010-11-25 11:00:00,2010-11-25 12:45:00,0.9637333,0.32928187
2010-11-25 11:00:00,2010-11-25 13:00:00,0.4665333,0.30498597
2010-11-25 11:00:00,2010-11-25 13:15:00,0.68146664,0.30229467
2010-11-25 11:00:00,2010-11-25 13:30:00,0.59239995,0.29770127
2010-11-25 11:00:00,2010-11-25 13:45:00,0.47093332,0.28586534
2010-11-25 11:00:00,2010-11-25 14:00:00,0.48746666,0.3018435
2010-11-25 11:00:00,2010-11-25 14:15:00,0.3624,0.32518622
2010-11-25 11:00:00,2010-11-25 14:30:00,0.22466666,0.30764335
2010-11-25 11:00:00,2010-11-25 14:45:00,0.20759998,0.29090112
2010-11-25 11:00:00,2010-11-25 15:00:00,0.13346663,0.29983667
2010-11-25 11:00:00,2010-11-25 15:15:00,0.24533334,0.29281893
2010-11-25 11:00:00,2010-11-25 15:30:00,0.18573333,0.30615348
2010-11-25 11:00:00,2010-11-25 15:45:00,0.17186667,0.33540457
2010-11-25 11:00:00,2010-11-25 16:00:00,0.2068,0.33172548
2010-11-25 11:00:00,2010-11-25 16:15:00,0.19160001,0.32127613
2010-11-25 11:00:00,2010-11-25 16:30:00,0.21613333,0.3594809
2010-11-25 11:00:00,2010-11-25 16:45:00,0.13426666,0.36902243
2010-11-25 11:00:00,2010-11-25 17:00:00,0.26146665,0.37425372
2010-11-25 11:00:00,2010-11-25 17:15:00,0.29333332,0.37887883
2010-11-25 11:00:00,2010-11-25 17:30:00,0.41079998,0.37251425
2010-11-25 11:00:00,2010-11-25 17:45:00,0.54693335,0.39343023
2010-11-25 11:00:00,2010-11-25 18:00:00,0.45559996,0.42579728
2010-11-25 11:00:00,2010-11-25 18:15:00,0.5201333,0.49820584
2010-11-25 11:00:00,2010-11-25 18:30:00,0.5048,0.4750139
2010-11-25 11:00:00,2010-11-25 18:45:00,0.5197333,0.47554958
2010-11-25 11:00:00,2010-11-25 19:00:00,0.49173334,0.5465416
2010-11-25 11:00:00,2010-11-25 19:15:00,0.45293334,0.5029557
2010-11-25 11:00:00,2010-11-25 19:30:00,0.9118666,0.5849593
2010-11-25 11:00:00,2010-11-25 19:45:00,0.8441333,0.5318
2010-11-25 11:00:00,2010-11-25 20:00:00,0.998,0.63758236
2010-11-25 11:00:00,2010-11-25 20:15:00,0.68106663,0.59103703
2010-11-25 11:00:00,2010-11-25 20:30:00,1.4341334,0.54910374
2010-11-25 11:00:00,2010-11-25 20:45:00,1.578,0.5276656
2010-11-25 11:00:00,2010-11-25 21:00:00,1.2,0.5422176
2010-11-25 11:00:00,2010-11-25 21:15:00,1.3104,0.5779984
2010-11-25 11:00:00,2010-11-25 21:30:00,1.3174667,0.60481566
2010-11-25 11:00:00,2010-11-25 21:45:00,1.2810667,0.6005073
2010-11-25 11:00:00,2010-11-25 22:00:00,1.2472,0.5442515
2010-11-25 11:00:00,2010-11-25 22:15:00,1.1254667,0.53772956
2010-11-25 11:00:00,2010-11-25 22:30:00,0.576,0.5118837
2010-11-25 11:00:00,2010-11-25 22:45:00,0.23026666,0.48345518
2010-11-25 11:00:00,2010-11-25 23:00:00,0.26066667,0.4181343
2010-11-25 11:00:00,2010-11-25 23:15:00,0.23133333,0.39220774
2010-11-25 11:00:00,2010-11-25 23:30:00,0.18306665,0.37841776
2010-11-25 11:00:00,2010-11-25 23:45:00,0.18919998,0.44173756
2010-11-25 11:00:00,2010-11-26 00:00:00,0.19199994,0.31635067
2010-11-25 11:00:00,2010-11-26 00:15:00,0.22466666,0.31156865
2010-11-25 11:00:00,2010-11-26 00:30:00,0.37253332,0.2968638
2010-11-25 11:00:00,2010-11-26 00:45:00,0.4332,0.30679336
2010-11-25 11:00:00,2010-11-26 01:00:00,0.364,0.29561636
2010-11-25 11:00:00,2010-11-26 01:15:00,0.29279998,0.28610343
2010-11-25 11:00:00,2010-11-26 01:30:00,0.23013332,0.28696972
2010-11-25 11:00:00,2010-11-26 01:45:00,0.15,0.28668195
2010-11-25 11:00:00,2010-11-26 02:00:00,0.218,0.26767364
2010-11-25 11:00:00,2010-11-26 02:15:00,0.16026667,0.26540968
2010-11-25 11:00:00,2010-11-26 02:30:00,0.21999998,0.26820886
2010-11-25 11:00:00,2010-11-26 02:45:00,0.16173334,0.2607128
2010-11-25 11:00:00,2010-11-26 03:00:00,0.19933334,0.26544568
2010-11-25 11:00:00,2010-11-26 03:15:00,0.25893334,0.27528417
2010-11-25 11:00:00,2010-11-26 03:30:00,0.152,0.2687257
2010-11-25 11:00:00,2010-11-26 03:45:00,0.24733332,0.26966313
2010-11-25 11:00:00,2010-11-26 04:00:00,0.17426665,0.28411436
2010-11-25 11:00:00,2010-11-26 04:15:00,0.19359998,0.27869004
2010-11-25 11:00:00,2010-11-26 04:30:00,0.16853333,0.27951685
2010-11-25 11:00:00,2010-11-26 04:45:00,0.20573333,0.2815281
2010-11-25 11:00:00,2010-11-26 05:00:00,0.18773334,0.27314842
2010-11-25 11:00:00,2010-11-26 05:15:00,0.12333333,0.28673738
2010-11-25 11:00:00,2010-11-26 05:30:00,0.2836,0.28575525
2010-11-25 11:00:00,2010-11-26 05:45:00,0.12146667,0.29293755
2010-11-25 11:00:00,2010-11-26 06:00:00,0.18853334,0.3209706
2010-11-25 11:00:00,2010-11-26 06:15:00,0.22426668,0.32819134
2010-11-25 11:00:00,2010-11-26 06:30:00,0.9669333,0.3823352
2010-11-25 11:00:00,2010-11-26 06:45:00,0.27733332,0.4588339
2010-11-25 11:00:00,2010-11-26 07:00:00,0.23053332,0.5066639
2010-11-25 11:00:00,2010-11-26 07:15:00,0.43213332,0.47414908
2010-11-25 11:00:00,2010-11-26 07:30:00,0.2782666,0.48233548
2010-11-25 11:00:00,2010-11-26 07:45:00,0.26866665,0.58405393
2010-11-25 11:00:00,2010-11-26 08:00:00,0.29759997,0.5159668
2010-11-25 11:00:00,2010-11-26 08:15:00,0.426,0.43641284
2010-11-25 11:00:00,2010-11-26 08:30:00,0.59386665,0.46706328
2010-11-25 11:00:00,2010-11-26 08:45:00,0.43626663,0.4156614
2010-11-25 11:00:00,2010-11-26 09:00:00,0.56,0.3918531
2010-11-25 11:00:00,2010-11-26 09:15:00,0.85319996,0.3660185
2010-11-25 11:00:00,2010-11-26 09:30:00,0.70519996,0.4022977
2010-11-25 11:00:00,2010-11-26 09:45:00,0.52853334,0.3716095
2010-11-25 11:00:00,2010-11-26 10:00:00,0.38986665,0.3763451
2010-11-25 11:00:00,2010-11-26 10:15:00,0.46799996,0.37351534
2010-11-25 11:00:00,2010-11-26 10:30:00,0.34866667,0.45048892
2010-11-25 11:00:00,2010-11-26 10:45:00,0.43186665,0.35375637
2010-11-25 11:15:00,2010-11-25 11:15:00,0.27133337,0.30192453
2010-11-25 11:15:00,2010-11-25 11:30:00,0.14919999,0.29758355
2010-11-25 11:15:00,2010-11-25 11:45:00,0.15893327,0.30539158
2010-11-25 11:15:00,2010-11-25 12:00:00,0.28439996,0.31392333
2010-11-25 11:15:00,2010-11-25 12:15:00,0.12546663,0.30676472
2010-11-25 11:15:00,2010-11-25 12:30:00,0.21013331,0.29848891
2010-11-25 11:15:00,2010-11-25 12:45:00,0.9637333,0.30396265
2010-11-25 11:15:00,2010-11-25 13:00:00,0.4665333,0.29953495
2010-11-25 11:15:00,2010-11-25 13:15:00,0.68146664,0.2819649
2010-11-25 11:15:00,2010-11-25 13:30:00,0.59239995,0.28716463
2010-11-25 11:15:00,2010-11-25 13:45:00,0.47093332,0.28658286
2010-11-25 11:15:00,2010-11-25 14:00:00,0.48746666,0.28569072
2010-11-25 11:15:00,2010-11-25 14:15:00,0.3624,0.32043177
2010-11-25 11:15:00,2010-11-25 14:30:00,0.22466666,0.29507214
2010-11-25 11:15:00,2010-11-25 14:45:00,0.20759998,0.29575756
2010-11-25 11:15:00,2010-11-25 15:00:00,0.13346663,0.29260916
2010-11-25 11:15:00,2010-11-25 15:15:00,0.24533334,0.28249136
2010-11-25 11:15:00,2010-11-25 15:30:00,0.18573333,0.29045114
2010-11-25 11:15:00,2010-11-25 15:45:00,0.17186667,0.30898914
2010-11-25 11:15:00,2010-11-25 16:00:00,0.2068,0.33211622
2010-11-25 11:15:00,2010-11-25 16:15:00,0.19160001,0.2956784
2010-11-25 11:15:00,2010-11-25 16:30:00,0.21613333,0.353192
2010-11-25 11:15:00,2010-11-25 16:45:00,0.13426666,0.35728854
2010-11-25 11:15:00,2010-11-25 17:00:00,0.26146665,0.3915405
2010-11-25 11:15:00,2010-11-25 17:15:00,0.29333332,0.36994922
2010-11-25 11:15:00,2010-11-25 17:30:00,0.41079998,0.3833676
2010-11-25 11:15:00,2010-11-25 17:45:00,0.54693335,0.37647668
2010-11-25 11:15:00,2010-11-25 18:00:00,0.45559996,0.42631957
2010-11-25 11:15:00,2010-11-25 18:15:00,0.5201333,0.4690736
2010-11-25 11:15:00,2010-11-25 18:30:00,0.5048,0.48414287
2010-11-25 11:15:00,2010-11-25 18:45:00,0.5197333,0.45803982
2010-11-25 11:15:00,2010-11-25 19:00:00,0.49173334,0.5530073
2010-11-25 11:15:00,2010-11-25 19:15:00,0.45293334,0.53459257
2010-11-25 11:15:00,2010-11-25 19:30:00,0.9118666,0.5872644
2010-11-25 11:15:00,2010-11-25 19:45:00,0.8441333,0.5315287
2010-11-25 11:15:00,2010-11-25 20:00:00,0.998,0.62753785
2010-11-25 11:15:00,2010-11-25 20:15:00,0.68106663,0.5720132
2010-11-25 11:15:00,2010-11-25 20:30:00,1.4341334,0.5508686
2010-11-25 11:15:00,2010-11-25 20:45:00,1.578,0.5583587
2010-11-25 11:15:00,2010-11-25 21:00:00,1.2,0.52290386
2010-11-25 11:15:00,2010-11-25 21:15:00,1.3104,0.5537114
2010-11-25 11:15:00,2010-11-25 21:30:00,1.3174667,0.6431774
2010-11-25 11:15:00,2010-11-25 21:45:00,1.2810667,0.5770481
2010-11-25 11:15:00,2010-11-25 22:00:00,1.2472,0.5586662
2010-11-25 11:15:00,2010-11-25 22:15:00,1.1254667,0.49396786
2010-11-25 11:15:00,2010-11-25 22:30:00,0.576,0.517446
2010-11-25 11:15:00,2010-11-25 22:45:00,0.23026666,0.4511743
2010-11-25 11:15:00,2010-11-25 23:00:00,0.26066667,0.4437562
2010-11-25 11:15:00,2010-11-25 23:15:00,0.23133333,0.41758558
2010-11-25 11:15:00,2010-11-25 23:30:00,0.18306665,0.377632
2010-11-25 11:15:00,2010-11-25 23:45:00,0.18919998,0.42140132
2010-11-25 11:15:00,2010-11-26 00:00:00,0.19199994,0.32384104
2010-11-25 11:15:00,2010-11-26 00:15:00,0.22466666,0.31151834
2010-11-25 11:15:00,2010-11-26 00:30:00,0.37253332,0.30666843
2010-11-25 11:15:00,2010-11-26 00:45:00,0.4332,0.29402053
2010-11-25 11:15:00,2010-11-26 01:00:00,0.364,0.2840213
2010-11-25 11:15:00,2010-11-26 01:15:00,0.29279998,0.27910927
2010-11-25 11:15:00,2010-11-26 01:30:00,0.23013332,0.28463554
2010-11-25 11:15:00,2010-11-26 01:45:00,0.15,0.28021306
2010-11-25 11:15:00,2010-11-26 02:00:00,0.218,0.26470664
2010-11-25 11:15:00,2010-11-26 02:15:00,0.16026667,0.27146047
2010-11-25 11:15:00,2010-11-26 02:30:00,0.21999998,0.25909996
2010-11-25 11:15:00,2010-11-26 02:45:00,0.16173334,0.25645062
2010-11-25 11:15:00,2010-11-26 03:00:00,0.19933334,0.25957924
2010-11-25 11:15:00,2010-11-26 03:15:00,0.25893334,0.26287115
2010-11-25 11:15:00,2010-11-26 03:30:00,0.152,0.2706358
2010-11-25 11:15:00,2010-11-26 03:45:00,0.24733332,0.26669493
2010-11-25 11:15:00,2010-11-26 04:00:00,0.17426665,0.27885264
2010-11-25 11:15:00,2010-11-26 04:15:00,0.19359998,0.27233434
2010-11-25 11:15:00,2010-11-26 04:30:00,0.16853333,0.29108
2010-11-25 11:15:00,2010-11-26 04:45:00,0.20573333,0.28236455
2010-11-25 11:15:00,2010-11-26 05:00:00,0.18773334,0.27488407
2010-11-25 11:15:00,2010-11-26 05:15:00,0.12333333,0.26904747
2010-11-25 11:15:00,2010-11-26 05:30:00,0.2836,0.29371607
2010-11-25 11:15:00,2010-11-26 05:45:00,0.12146667,0.2792231
2010-11-25 11:15:00,2010-11-26 06:00:00,0.18853334,0.33197567
2010-11-25 11:15:00,2010-11-26 06:15:00,0.22426668,0.32455885
2010-11-25 11:15:00,2010-11-26 06:30:00,0.9669333,0.36699
2010-11-25 11:15:00,2010-11-26 06:45:00,0.27733332,0.45199478
2010-11-25 11:15:00,2010-11-26 07:00:00,0.23053332,0.5176031
2010-11-25 11:15:00,2010-11-26 07:15:00,0.43213332,0.47248027
2010-11-25 11:15:00,2010-11-26 07:30:00,0.2782666,0.48482248
2010-11-25 11:15:00,2010-11-26 07:45:00,0.26866665,0.50900686
2010-11-25 11:15:00,2010-11-26 08:00:00,0.29759997,0.5154541
2010-11-25 11:15:00,2010-11-26 08:15:00,0.426,0.42229375
2010-11-25 11:15:00,2010-11-26 08:30:00,0.59386665,0.4439927
2010-11-25 11:15:00,2010-11-26 08:45:00,0.43626663,0.4090355
2010-11-25 11:15:00,2010-11-26 09:00:00,0.56,0.39474985
2010-11-25 11:15:00,2010-11-26 09:15:00,0.85319996,0.38601327
2010-11-25 11:15:00,2010-11-26 09:30:00,0.70519996,0.3988767
2010-11-25 11:15:00,2010-11-26 09:45:00,0.52853334,0.371971
2010-11-25 11:15:00,2010-11-26 10:00:00,0.38986665,0.3688981
2010-11-25 11:15:00,2010-11-26 10:15:00,0.46799996,0.3816971
2010-11-25 11:15:00,2010-11-26 10:30:00,0.34866667,0.41987097
2010-11-25 11:15:00,2010-11-26 10:45:00,0.43186665,0.37490916
2010-11-25 11:15:00,2010-11-26 11:00:00,0.40586662,0.35459414
2010-11-25 11:30:00,2010-11-25 11:30:00,0.14919999,0.28594056
2010-11-25 11:30:00,2010-11-25 11:45:00,0.15893327,0.2982313
2010-11-25 11:30:00,2010-11-25 12:00:00,0.28439996,0.30724928
2010-11-25 11:30:00,2010-11-25 12:15:00,0.12546663,0.3029447
2010-11-25 11:30:00,2010-11-25 12:30:00,0.21013331,0.28561458
2010-11-25 11:30:00,2010-11-25 12:45:00,0.9637333,0.30762503
2010-11-25 11:30:00,2010-11-25 13:00:00,0.4665333,0.29903004
2010-11-25 11:30:00,2010-11-25 13:15:00,0.68146664,0.2802887
2010-11-25 11:30:00,2010-11-25 13:30:00,0.59239995,0.27373618
2010-11-25 11:30:00,2010-11-25 13:45:00,0.47093332,0.2830418
2010-11-25 11:30:00,2010-11-25 14:00:00,0.48746666,0.29161042
2010-11-25 11:30:00,2010-11-25 14:15:00,0.3624,0.3405512
2010-11-25 11:30:00,2010-11-25 14:30:00,0.22466666,0.3107298
2010-11-25 11:30:00,2010-11-25 14:45:00,0.20759998,0.2941686
2010-11-25 11:30:00,2010-11-25 15:00:00,0.13346663,0.31080395
2010-11-25 11:30:00,2010-11-25 15:15:00,0.24533334,0.31623095
2010-11-25 11:30:00,2010-11-25 15:30:00,0.18573333,0.30604783
2010-11-25 11:30:00,2010-11-25 15:45:00,0.17186667,0.34663743
2010-11-25 11:30:00,2010-11-25 16:00:00,0.2068,0.33870152
2010-11-25 11:30:00,2010-11-25 16:15:00,0.19160001,0.33351493
2010-11-25 11:30:00,2010-11-25 16:30:00,0.21613333,0.36513194
2010-11-25 11:30:00,2010-11-25 16:45:00,0.13426666,0.36070076
2010-11-25 11:30:00,2010-11-25 17:00:00,0.26146665,0.354912
2010-11-25 11:30:00,2010-11-25 17:15:00,0.29333332,0.38249376
2010-11-25 11:30:00,2010-11-25 17:30:00,0.41079998,0.38846323
2010-11-25 11:30:00,2010-11-25 17:45:00,0.54693335,0.39096114
2010-11-25 11:30:00,2010-11-25 18:00:00,0.45559996,0.42805606
2010-11-25 11:30:00,2010-11-25 18:15:00,0.5201333,0.46264672
2010-11-25 11:30:00,2010-11-25 18:30:00,0.5048,0.45234215
2010-11-25 11:30:00,2010-11-25 18:45:00,0.5197333,0.45174256
2010-11-25 11:30:00,2010-11-25 19:00:00,0.49173334,0.54173416
2010-11-25 11:30:00,2010-11-25 19:15:00,0.45293334,0.5164311
2010-11-25 11:30:00,2010-11-25 19:30:00,0.9118666,0.59139216
2010-11-25 11:30:00,2010-11-25 19:45:00,0.8441333,0.5329624
2010-11-25 11:30:00,2010-11-25 20:00:00,0.998,0.6311046
2010-11-25 11:30:00,2010-11-25 20:15:00,0.68106663,0.571447
2010-11-25 11:30:00,2010-11-25 20:30:00,1.4341334,0.5503431
2010-11-25 11:30:00,2010-11-25 20:45:00,1.578,0.59047174
2010-11-25 11:30:00,2010-11-25 21:00:00,1.2,0.5369928
2010-11-25 11:30:00,2010-11-25 21:15:00,1.3104,0.5331935
2010-11-25 11:30:00,2010-11-25 21:30:00,1.3174667,0.60029274
2010-11-25 11:30:00,2010-11-25 21:45:00,1.2810667,0.5906835
2010-11-25 11:30:00,2010-11-25 22:00:00,1.2472,0.5619035
2010-11-25 11:30:00,2010-11-25 22:15:00,1.1254667,0.5496875
2010-11-25 11:30:00,2010-11-25 22:30:00,0.576,0.47740027
2010-11-25 11:30:00,2010-11-25 22:45:00,0.23026666,0.45641595
2010-11-25 11:30:00,2010-11-25 23:00:00,0.26066667,0.39107552
2010-11-25 11:30:00,2010-11-25 23:15:00,0.23133333,0.42523617
2010-11-25 11:30:00,2010-11-25 23:30:00,0.18306665,0.4067329
2010-11-25 11:30:00,2010-11-25 23:45:00,0.18919998,0.3992856
2010-11-25 11:30:00,2010-11-26 00:00:00,0.19199994,0.31013545
2010-11-25 11:30:00,2010-11-26 00:15:00,0.22466666,0.3042377
2010-11-25 11:30:00,2010-11-26 00:30:00,0.37253332,0.29170695
2010-11-25 11:30:00,2010-11-26 00:45:00,0.4332,0.30698
2010-11-25 11:30:00,2010-11-26 01:00:00,0.364,0.30285153
2010-11-25 11:30:00,2010-11-26 01:15:00,0.29279998,0.28063196
2010-11-25 11:30:00,2010-11-26 01:30:00,0.23013332,0.28545144
2010-11-25 11:30:00,2010-11-26 01:45:00,0.15,0.27576354
2010-11-25 11:30:00,2010-11-26 02:00:00,0.218,0.27133724
2010-11-25 11:30:00,2010-11-26 02:15:00,0.16026667,0.27733156
2010-11-25 11:30:00,2010-11-26 02:30:00,0.21999998,0.26290464
2010-11-25 11:30:00,2010-11-26 02:45:00,0.16173334,0.26058117
2010-11-25 11:30:00,2010-11-26 03:00:00,0.19933334,0.27101758
2010-11-25 11:30:00,2010-11-26 03:15:00,0.25893334,0.2638239
2010-11-25 11:30:00,2010-11-26 03:30:00,0.152,0.2682764
2010-11-25 11:30:00,2010-11-26 03:45:00,0.24733332,0.26383945
2010-11-25 11:30:00,2010-11-26 04:00:00,0.17426665,0.27415198
2010-11-25 11:30:00,2010-11-26 04:15:00,0.19359998,0.26911253
2010-11-25 11:30:00,2010-11-26 04:30:00,0.16853333,0.27471143
2010-11-25 11:30:00,2010-11-26 04:45:00,0.20573333,0.29222187
2010-11-25 11:30:00,2010-11-26 05:00:00,0.18773334,0.26995134
2010-11-25 11:30:00,2010-11-26 05:15:00,0.12333333,0.28010616
2010-11-25 11:30:00,2010-11-26 05:30:00,0.2836,0.29256576
2010-11-25 11:30:00,2010-11-26 05:45:00,0.12146667,0.27654582
2010-11-25 11:30:00,2010-11-26 06:00:00,0.18853334,0.3197606
2010-11-25 11:30:00,2010-11-26 06:15:00,0.22426668,0.32674143
2010-11-25 11:30:00,2010-11-26 06:30:00,0.9669333,0.38264307
2010-11-25 11:30:00,2010-11-26 06:45:00,0.27733332,0.46882927
2010-11-25 11:30:00,2010-11-26 07:00:00,0.23053332,0.5103014
2010-11-25 11:30:00,2010-11-26 07:15:00,0.43213332,0.47461277
2010-11-25 11:30:00,2010-11-26 07:30:00,0.2782666,0.485488
2010-11-25 11:30:00,2010-11-26 07:45:00,0.26866665,0.56741923
2010-11-25 11:30:00,2010-11-26 08:00:00,0.29759997,0.52245516
2010-11-25 11:30:00,2010-11-26 08:15:00,0.426,0.43396717
2010-11-25 11:30:00,2010-11-26 08:30:00,0.59386665,0.44612196
2010-11-25 11:30:00,2010-11-26 08:45:00,0.43626663,0.41159183
2010-11-25 11:30:00,2010-11-26 09:00:00,0.56,0.3893441
2010-11-25 11:30:00,2010-11-26 09:15:00,0.85319996,0.38251492
2010-11-25 11:30:00,2010-11-26 09:30:00,0.70519996,0.42151305
2010-11-25 11:30:00,2010-11-26 09:45:00,0.52853334,0.37692705
2010-11-25 11:30:00,2010-11-26 10:00:00,0.38986665,0.3652018
2010-11-25 11:30:00,2010-11-26 10:15:00,0.46799996,0.36619788
2010-11-25 11:30:00,2010-11-26 10:30:00,0.34866667,0.41607544
2010-11-25 11:30:00,2010-11-26 10:45:00,0.43186665,0.3679389
2010-11-25 11:30:00,2010-11-26 11:00:00,0.40586662,0.36582056
2010-11-25 11:30:00,2010-11-26 11:15:00,0.36413333,0.36865515
2010-11-25 11:45:00,2010-11-25 11:45:00,0.15893327,0.26970804
2010-11-25 11:45:00,2010-11-25 12:00:00,0.28439996,0.30522206
2010-11-25 11:45:00,2010-11-25 12:15:00,0.12546663,0.27578324
2010-11-25 11:45:00,2010-11-25 12:30:00,0.21013331,0.27528512
2010-11-25 11:45:00,2010-11-25 12:45:00,0.9637333,0.29652745
2010-11-25 11:45:00,2010-11-25 13:00:00,0.4665333,0.2825093
2010-11-25 11:45:00,2010-11-25 13:15:00,0.68146664,0.26644218
2010-11-25 11:45:00,2010-11-25 13:30:00,0.59239995,0.29681826
2010-11-25 11:45:00,2010-11-25 13:45:00,0.47093332,0.2558879
2010-11-25 11:45:00,2010-11-25 14:00:00,0.48746666,0.27525398
2010-11-25 11:45:00,2010-11-25 14:15:00,0.3624,0.29857558
2010-11-25 11:45:00,2010-11-25 14:30:00,0.22466666,0.29787582
2010-11-25 11:45:00,2010-11-25 14:45:00,0.20759998,0.2685014
2010-11-25 11:45:00,2010-11-25 15:00:00,0.13346663,0.2817078
2010-11-25 11:45:00,2010-11-25 15:15:00,0.24533334,0.2782046
2010-11-25 11:45:00,2010-11-25 15:30:00,0.18573333,0.2920395
2010-11-25 11:45:00,2010-11-25 15:45:00,0.17186667,0.3164994
2010-11-25 11:45:00,2010-11-25 16:00:00,0.2068,0.32885122
2010-11-25 11:45:00,2010-11-25 16:15:00,0.19160001,0.31737626
2010-11-25 11:45:00,2010-11-25 16:30:00,0.21613333,0.360697
2010-11-25 11:45:00,2010-11-25 16:45:00,0.13426666,0.3666757
2010-11-25 11:45:00,2010-11-25 17:00:00,0.26146665,0.3697959
2010-11-25 11:45:00,2010-11-25 17:15:00,0.29333332,0.37276682
2010-11-25 11:45:00,2010-11-25 17:30:00,0.41079998,0.38180637
2010-11-25 11:45:00,2010-11-25 17:45:00,0.54693335,0.40241006
2010-11-25 11:45:00,2010-11-25 18:00:00,0.45559996,0.433893
2010-11-25 11:45:00,2010-11-25 18:15:00,0.5201333,0.4501917
2010-11-25 11:45:00,2010-11-25 18:30:00,0.5048,0.44925094
2010-11-25 11:45:00,2010-11-25 18:45:00,0.5197333,0.47481075
2010-11-25 11:45:00,2010-11-25 19:00:00,0.49173334,0.5184279
2010-11-25 11:45:00,2010-11-25 19:15:00,0.45293334,0.5227925
2010-11-25 11:45:00,2010-11-25 19:30:00,0.9118666,0.5653501
2010-11-25 11:45:00,2010-11-25 19:45:00,0.8441333,0.52800465
2010-11-25 11:45:00,2010-11-25 20:00:00,0.998,0.60671985
2010-11-25 11:45:00,2010-11-25 20:15:00,0.68106663,0.5824015
2010-11-25 11:45:00,2010-11-25 20:30:00,1.4341334,0.48574725
2010-11-25 11:45:00,2010-11-25 20:45:00,1.578,0.5507371
2010-11-25 11:45:00,2010-11-25 21:00:00,1.2,0.5308526
2010-11-25 11:45:00,2010-11-25 21:15:00,1.3104,0.564847
2010-11-25 11:45:00,2010-11-25 21:30:00,1.3174667,0.5686716
2010-11-25 11:45:00,2010-11-25 21:45:00,1.2810667,0.5889563
2010-11-25 11:45:00,2010-11-25 22:00:00,1.2472,0.5526288
2010-11-25 11:45:00,2010-11-25 22:15:00,1.1254667,0.52744454
2010-11-25 11:45:00,2010-11-25 22:30:00,0.576,0.48779824
2010-11-25 11:45:00,2010-11-25 22:45:00,0.23026666,0.4133198
2010-11-25 11:45:00,2010-11-25 23:00:00,0.26066667,0.4095109
2010-11-25 11:45:00,2010-11-25 23:15:00,0.23133333,0.40671885
2010-11-25 11:45:00,2010-11-25 23:30:00,0.18306665,0.41465634
2010-11-25 11:45:00,2010-11-25 23:45:00,0.18919998,0.41942507
2010-11-25 11:45:00,2010-11-26 00:00:00,0.19199994,0.32982707
2010-11-25 11:45:00,2010-11-26 00:15:00,0.22466666,0.2979332
2010-11-25 11:45:00,2010-11-26 00:30:00,0.37253332,0.29315203
2010-11-25 11:45:00,2010-11-26 00:45:00,0.4332,0.3129928
2010-11-25 11:45:00,2010-11-26 01:00:00,0.364,0.28920436
2010-11-25 11:45:00,2010-11-26 01:15:00,0.29279998,0.27540883
2010-11-25 11:45:00,2010-11-26 01:30:00,0.23013332,0.287978
2010-11-25 11:45:00,2010-11-26 01:45:00,0.15,0.2811171
2010-11-25 11:45:00,2010-11-26 02:00:00,0.218,0.2730138
2010-11-25 11:45:00,2010-11-26 02:15:00,0.16026667,0.27502877
2010-11-25 11:45:00,2010-11-26 02:30:00,0.21999998,0.2652451
2010-11-25 11:45:00,2010-11-26 02:45:00,0.16173334,0.27492502
2010-11-25 11:45:00,2010-11-26 03:00:00,0.19933334,0.27233225
2010-11-25 11:45:00,2010-11-26 03:15:00,0.25893334,0.2620226
2010-11-25 11:45:00,2010-11-26 03:30:00,0.152,0.27136394
2010-11-25 11:45:00,2010-11-26 03:45:00,0.24733332,0.26651385
2010-11-25 11:45:00,2010-11-26 04:00:00,0.17426665,0.2822377
2010-11-25 11:45:00,2010-11-26 04:15:00,0.19359998,0.2588091
2010-11-25 11:45:00,2010-11-26 04:30:00,0.16853333,0.26853633
2010-11-25 11:45:00,2010-11-26 04:45:00,0.20573333,0.2832333
2010-11-25 11:45:00,2010-11-26 05:00:00,0.18773334,0.27733657
2010-11-25 11:45:00,2010-11-26 05:15:00,0.12333333,0.2916793
2010-11-25 11:45:00,2010-11-26 05:30:00,0.2836,0.29772133
2010-11-25 11:45:00,2010-11-26 05:45:00,0.12146667,0.2703139
2010-11-25 11:45:00,2010-11-26 06:00:00,0.18853334,0.31457812
2010-11-25 11:45:00,2010-11-26 06:15:00,0.22426668,0.32086813
2010-11-25 11:45:00,2010-11-26 06:30:00,0.9669333,0.37284106
2010-11-25 11:45:00,2010-11-26 06:45:00,0.27733332,0.45891485
2010-11-25 11:45:00,2010-11-26 07:00:00,0.23053332,0.5102088
2010-11-25 11:45:00,2010-11-26 07:15:00,0.43213332,0.47101632
2010-11-25 11:45:00,2010-11-26 07:30:00,0.2782666,0.47802922
2010-11-25 11:45:00,2010-11-26 07:45:00,0.26866665,0.5377887
2010-11-25 11:45:00,2010-11-26 08:00:00,0.29759997,0.50631136
2010-11-25 11:45:00,2010-11-26 08:15:00,0.426,0.42189568
2010-11-25 11:45:00,2010-11-26 08:30:00,0.59386665,0.46007687
2010-11-25 11:45:00,2010-11-26 08:45:00,0.43626663,0.40450275
2010-11-25 11:45:00,2010-11-26 09:00:00,0.56,0.39919057
2010-11-25 11:45:00,2010-11-26 09:15:00,0.85319996,0.3925106
2010-11-25 11:45:00,2010-11-26 09:30:00,0.70519996,0.40915042
2010-11-25 11:45:00,2010-11-26 09:45:00,0.52853334,0.37043047
2010-11-25 11:45:00,2010-11-26 10:00:00,0.38986665,0.35956037
2010-11-25 11:45:00,2010-11-26 10:15:00,0.46799996,0.38108203
2010-11-25 11:45:00,2010-11-26 10:30:00,0.34866667,0.39846632
2010-11-25 11:45:00,2010-11-26 10:45:00,0.43186665,0.36946154
2010-11-25 11:45:00,2010-11-26 11:00:00,0.40586662,0.3498498
2010-11-25 11:45:00,2010-11-26 11:15:00,0.36413333,0.35191154
2010-11-25 11:45:00,2010-11-26 11:30:00,0.7066667,0.36348426
2010-11-25 12:00:00,2010-11-25 12:00:00,0.28439996,0.28897557
2010-11-25 12:00:00,2010-11-25 12:15:00,0.12546663,0.272319
2010-11-25 12:00:00,2010-11-25 12:30:00,0.21013331,0.2532429
2010-11-25 12:00:00,2010-11-25 12:45:00,0.9637333,0.27589655
2010-11-25 12:00:00,2010-11-25 13:00:00,0.4665333,0.27539706
2010-11-25 12:00:00,2010-11-25 13:15:00,0.68146664,0.26500776
2010-11-25 12:00:00,2010-11-25 13:30:00,0.59239995,0.25837666
2010-11-25 12:00:00,2010-11-25 13:45:00,0.47093332,0.2667304
2010-11-25 12:00:00,2010-11-25 14:00:00,0.48746666,0.25981182
2010-11-25 12:00:00,2010-11-25 14:15:00,0.3624,0.28848836
2010-11-25 12:00:00,2010-11-25 14:30:00,0.22466666,0.31170905
2010-11-25 12:00:00,2010-11-25 14:45:00,0.20759998,0.27911288
2010-11-25 12:00:00,2010-11-25 15:00:00,0.13346663,0.28179532
2010-11-25 12:00:00,2010-11-25 15:15:00,0.24533334,0.27254382
2010-11-25 12:00:00,2010-11-25 15:30:00,0.18573333,0.2865356
2010-11-25 12:00:00,2010-11-25 15:45:00,0.17186667,0.315014
2010-11-25 12:00:00,2010-11-25 16:00:00,0.2068,0.32615754
2010-11-25 12:00:00,2010-11-25 16:15:00,0.19160001,0.3193002
2010-11-25 12:00:00,2010-11-25 16:30:00,0.21613333,0.3511522
2010-11-25 12:00:00,2010-11-25 16:45:00,0.13426666,0.3609474
2010-11-25 12:00:00,2010-11-25 17:00:00,0.26146665,0.34195307
2010-11-25 12:00:00,2010-11-25 17:15:00,0.29333332,0.35922283
2010-11-25 12:00:00,2010-11-25 17:30:00,0.41079998,0.3680447
2010-11-25 12:00:00,2010-11-25 17:45:00,0.54693335,0.3805138
2010-11-25 12:00:00,2010-11-25 18:00:00,0.45559996,0.4269348
2010-11-25 12:00:00,2010-11-25 18:15:00,0.5201333,0.48459187
2010-11-25 12:00:00,2010-11-25 18:30:00,0.5048,0.46464634
2010-11-25 12:00:00,2010-11-25 18:45:00,0.5197333,0.4903823
2010-11-25 12:00:00,2010-11-25 19:00:00,0.49173334,0.537791
2010-11-25 12:00:00,2010-11-25 19:15:00,0.45293334,0.5054919
2010-11-25 12:00:00,2010-11-25 19:30:00,0.9118666,0.55764663
2010-11-25 12:00:00,2010-11-25 19:45:00,0.8441333,0.543518
2010-11-25 12:00:00,2010-11-25 20:00:00,0.998,0.5875922
2010-11-25 12:00:00,2010-11-25 20:15:00,0.68106663,0.57929844
2010-11-25 12:00:00,2010-11-25 20:30:00,1.4341334,0.5521866
2010-11-25 12:00:00,2010-11-25 20:45:00,1.578,0.51759166
2010-11-25 12:00:00,2010-11-25 21:00:00,1.2,0.52177703
2010-11-25 12:00:00,2010-11-25 21:15:00,1.3104,0.5726081
2010-11-25 12:00:00,2010-11-25 21:30:00,1.3174667,0.61429006
2010-11-25 12:00:00,2010-11-25 21:45:00,1.2810667,0.56395423
2010-11-25 12:00:00,2010-11-25 22:00:00,1.2472,0.5509489
2010-11-25 12:00:00,2010-11-25 22:15:00,1.1254667,0.53211904
2010-11-25 12:00:00,2010-11-25 22:30:00,0.576,0.48450348
2010-11-25 12:00:00,2010-11-25 22:45:00,0.23026666,0.43613127
2010-11-25 12:00:00,2010-11-25 23:00:00,0.26066667,0.38639435
2010-11-25 12:00:00,2010-11-25 23:15:00,0.23133333,0.40048867
2010-11-25 12:00:00,2010-11-25 23:30:00,0.18306665,0.39740375
2010-11-25 12:00:00,2010-11-25 23:45:00,0.18919998,0.41169766
2010-11-25 12:00:00,2010-11-26 00:00:00,0.19199994,0.30153364
2010-11-25 12:00:00,2010-11-26 00:15:00,0.22466666,0.29755816
2010-11-25 12:00:00,2010-11-26 00:30:00,0.37253332,0.2901011
2010-11-25 12:00:00,2010-11-26 00:45:00,0.4332,0.28941572
2010-11-25 12:00:00,2010-11-26 01:00:00,0.364,0.29123154
2010-11-25 12:00:00,2010-11-26 01:15:00,0.29279998,0.2887852
2010-11-25 12:00:00,2010-11-26 01:30:00,0.23013332,0.27751616
2010-11-25 12:00:00,2010-11-26 01:45:00,0.15,0.272982
2010-11-25 12:00:00,2010-11-26 02:00:00,0.218,0.259136
2010-11-25 12:00:00,2010-11-26 02:15:00,0.16026667,0.26619962
2010-11-25 12:00:00,2010-11-26 02:30:00,0.21999998,0.270733
2010-11-25 12:00:00,2010-11-26 02:45:00,0.16173334,0.25884762
2010-11-25 12:00:00,2010-11-26 03:00:00,0.19933334,0.26659295
2010-11-25 12:00:00,2010-11-26 03:15:00,0.25893334,0.2631358
2010-11-25 12:00:00,2010-11-26 03:30:00,0.152,0.26680872
2010-11-25 12:00:00,2010-11-26 03:45:00,0.24733332,0.26132
2010-11-25 12:00:00,2010-11-26 04:00:00,0.17426665,0.26550838
2010-11-25 12:00:00,2010-11-26 04:15:00,0.19359998,0.27404523
2010-11-25 12:00:00,2010-11-26 04:30:00,0.16853333,0.2648948
2010-11-25 12:00:00,2010-11-26 04:45:00,0.20573333,0.27386948
2010-11-25 12:00:00,2010-11-26 05:00:00,0.18773334,0.28246906
2010-11-25 12:00:00,2010-11-26 05:15:00,0.12333333,0.2817158
2010-11-25 12:00:00,2010-11-26 05:30:00,0.2836,0.29178372
2010-11-25 12:00:00,2010-11-26 05:45:00,0.12146667,0.29592022
2010-11-25 12:00:00,2010-11-26 06:00:00,0.18853334,0.3056916
2010-11-25 12:00:00,2010-11-26 06:15:00,0.22426668,0.3279794
2010-11-25 12:00:00,2010-11-26 06:30:00,0.9669333,0.37210637
2010-11-25 12:00:00,2010-11-26 06:45:00,0.27733332,0.48311594
2010-11-25 12:00:00,2010-11-26 07:00:00,0.23053332,0.5229955
2010-11-25 12:00:00,2010-11-26 07:15:00,0.43213332,0.47543824
2010-11-25 12:00:00,2010-11-26 07:30:00,0.2782666,0.47484553
2010-11-25 12:00:00,2010-11-26 07:45:00,0.26866665,0.5304199
2010-11-25 12:00:00,2010-11-26 08:00:00,0.29759997,0.53501326
2010-11-25 12:00:00,2010-11-26 08:15:00,0.426,0.42159095
2010-11-25 12:00:00,2010-11-26 08:30:00,0.59386665,0.44905108
2010-11-25 12:00:00,2010-11-26 08:45:00,0.43626663,0.4074634
2010-11-25 12:00:00,2010-11-26 09:00:00,0.56,0.38503826
2010-11-25 12:00:00,2010-11-26 09:15:00,0.85319996,0.3787641
2010-11-25 12:00:00,2010-11-26 09:30:00,0.70519996,0.41514114
2010-11-25 12:00:00,2010-11-26 09:45:00,0.52853334,0.36443347
2010-11-25 12:00:00,2010-11-26 10:00:00,0.38986665,0.37306842
2010-11-25 12:00:00,2010-11-26 10:15:00,0.46799996,0.36905462
2010-11-25 12:00:00,2010-11-26 10:30:00,0.34866667,0.39652416
2010-11-25 12:00:00,2010-11-26 10:45:00,0.43186665,0.33457047
2010-11-25 12:00:00,2010-11-26 11:00:00,0.40586662,0.36184844
2010-11-25 12:00:00,2010-11-26 11:15:00,0.36413333,0.35476747
2010-11-25 12:00:00,2010-11-26 11:30:00,0.7066667,0.34856272
2010-11-25 12:00:00,2010-11-26 11:45:00,0.57226664,0.36011115
2010-11-25 12:15:00,2010-11-25 12:15:00,0.12546663,0.24506676
2010-11-25 12:15:00,2010-11-25 12:30:00,0.21013331,0.25841263
2010-11-25 12:15:00,2010-11-25 12:45:00,0.9637333,0.27526194
2010-11-25 12:15:00,2010-11-25 13:00:00,0.4665333,0.27331644
2010-11-25 12:15:00,2010-11-25 13:15:00,0.68146664,0.26250553
2010-11-25 12:15:00,2010-11-25 13:30:00,0.59239995,0.2887405
2010-11-25 12:15:00,2010-11-25 13:45:00,0.47093332,0.27924493
2010-11-25 12:15:00,2010-11-25 14:00:00,0.48746666,0.26319927
2010-11-25 12:15:00,2010-11-25 14:15:00,0.3624,0.29752287
2010-11-25 12:15:00,2010-11-25 14:30:00,0.22466666,0.30300307
2010-11-25 12:15:00,2010-11-25 14:45:00,0.20759998,0.280253
2010-11-25 12:15:00,2010-11-25 15:00:00,0.13346663,0.28874794
2010-11-25 12:15:00,2010-11-25 15:15:00,0.24533334,0.3113212
2010-11-25 12:15:00,2010-11-25 15:30:00,0.18573333,0.29429647
2010-11-25 12:15:00,2010-11-25 15:45:00,0.17186667,0.33058012
2010-11-25 12:15:00,2010-11-25 16:00:00,0.2068,0.34971684
2010-11-25 12:15:00,2010-11-25 16:15:00,0.19160001,0.32922235
2010-11-25 12:15:00,2010-11-25 16:30:00,0.21613333,0.35598835
2010-11-25 12:15:00,2010-11-25 16:45:00,0.13426666,0.34202304
2010-11-25 12:15:00,2010-11-25 17:00:00,0.26146665,0.3792103
2010-11-25 12:15:00,2010-11-25 17:15:00,0.29333332,0.38391358
2010-11-25 12:15:00,2010-11-25 17:30:00,0.41079998,0.3890698
2010-11-25 12:15:00,2010-11-25 17:45:00,0.54693335,0.4072704
2010-11-25 12:15:00,2010-11-25 18:00:00,0.45559996,0.43855026
2010-11-25 12:15:00,2010-11-25 18:15:00,0.5201333,0.46760178
2010-11-25 12:15:00,2010-11-25 18:30:00,0.5048,0.49002695
2010-11-25 12:15:00,2010-11-25 18:45:00,0.5197333,0.45653173
2010-11-25 12:15:00,2010-11-25 19:00:00,0.49173334,0.534694
2010-11-25 12:15:00,2010-11-25 19:15:00,0.45293334,0.5038019
2010-11-25 12:15:00,2010-11-25 19:30:00,0.9118666,0.5825752
2010-11-25 12:15:00,2010-11-25 19:45:00,0.8441333,0.51887035
2010-11-25 12:15:00,2010-11-25 20:00:00,0.998,0.6225882
2010-11-25 12:15:00,2010-11-25 20:15:00,0.68106663,0.60433996
2010-11-25 12:15:00,2010-11-25 20:30:00,1.4341334,0.5461279
2010-11-25 12:15:00,2010-11-25 20:45:00,1.578,0.5536134
2010-11-25 12:15:00,2010-11-25 21:00:00,1.2,0.5090878
2010-11-25 12:15:00,2010-11-25 21:15:00,1.3104,0.54630876
2010-11-25 12:15:00,2010-11-25 21:30:00,1.3174667,0.58412355
2010-11-25 12:15:00,2010-11-25 21:45:00,1.2810667,0.60940903
2010-11-25 12:15:00,2010-11-25 22:00:00,1.2472,0.5359126
2010-11-25 12:15:00,2010-11-25 22:15:00,1.1254667,0.53935313
2010-11-25 12:15:00,2010-11-25 22:30:00,0.576,0.50065595
2010-11-25 12:15:00,2010-11-25 22:45:00,0.23026666,0.44603398
2010-11-25 12:15:00,2010-11-25 23:00:00,0.26066667,0.4155357
2010-11-25 12:15:00,2010-11-25 23:15:00,0.23133333,0.38775337
2010-11-25 12:15:00,2010-11-25 23:30:00,0.18306665,0.4035201
2010-11-25 12:15:00,2010-11-25 23:45:00,0.18919998,0.4054742
2010-11-25 12:15:00,2010-11-26 00:00:00,0.19199994,0.30516043
2010-11-25 12:15:00,2010-11-26 00:15:00,0.22466666,0.2930092
2010-11-25 12:15:00,2010-11-26 00:30:00,0.37253332,0.30657002
2010-11-25 12:15:00,2010-11-26 00:45:00,0.4332,0.29768395
2010-11-25 12:15:00,2010-11-26 01:00:00,0.364,0.28222138
2010-11-25 12:15:00,2010-11-26 01:15:00,0.29279998,0.28291643
2010-11-25 12:15:00,2010-11-26 01:30:00,0.23013332,0.28653917
2010-11-25 12:15:00,2010-11-26 01:45:00,0.15,0.28593114
2010-11-25 12:15:00,2010-11-26 02:00:00,0.218,0.26812252
2010-11-25 12:15:00,2010-11-26 02:15:00,0.16026667,0.26018897
2010-11-25 12:15:00,2010-11-26 02:30:00,0.21999998,0.25835246
2010-11-25 12:15:00,2010-11-26 02:45:00,0.16173334,0.26623955
2010-11-25 12:15:00,2010-11-26 03:00:00,0.19933334,0.2732063
2010-11-25 12:15:00,2010-11-26 03:15:00,0.25893334,0.2657468
2010-11-25 12:15:00,2010-11-26 03:30:00,0.152,0.26380634
2010-11-25 12:15:00,2010-11-26 03:45:00,0.24733332,0.27136117
2010-11-25 12:15:00,2010-11-26 04:00:00,0.17426665,0.2709177
2010-11-25 12:15:00,2010-11-26 04:15:00,0.19359998,0.26161942
2010-11-25 12:15:00,2010-11-26 04:30:00,0.16853333,0.2757198
2010-11-25 12:15:00,2010-11-26 04:45:00,0.20573333,0.2737781
2010-11-25 12:15:00,2010-11-26 05:00:00,0.18773334,0.27805418
2010-11-25 12:15:00,2010-11-26 05:15:00,0.12333333,0.2849878
2010-11-25 12:15:00,2010-11-26 05:30:00,0.2836,0.28837562
2010-11-25 12:15:00,2010-11-26 05:45:00,0.12146667,0.276302
2010-11-25 12:15:00,2010-11-26 06:00:00,0.18853334,0.3242526
2010-11-25 12:15:00,2010-11-26 06:15:00,0.22426668,0.32942596
2010-11-25 12:15:00,2010-11-26 06:30:00,0.9669333,0.3668304
2010-11-25 12:15:00,2010-11-26 06:45:00,0.27733332,0.4688291
2010-11-25 12:15:00,2010-11-26 07:00:00,0.23053332,0.5236571
2010-11-25 12:15:00,2010-11-26 07:15:00,0.43213332,0.46749797
2010-11-25 12:15:00,2010-11-26 07:30:00,0.2782666,0.49907386
2010-11-25 12:15:00,2010-11-26 07:45:00,0.26866665,0.5375471
2010-11-25 12:15:00,2010-11-26 08:00:00,0.29759997,0.5039146
2010-11-25 12:15:00,2010-11-26 08:15:00,0.426,0.42496634
2010-11-25 12:15:00,2010-11-26 08:30:00,0.59386665,0.46650723
2010-11-25 12:15:00,2010-11-26 08:45:00,0.43626663,0.41217506
2010-11-25 12:15:00,2010-11-26 09:00:00,0.56,0.38373822
2010-11-25 12:15:00,2010-11-26 09:15:00,0.85319996,0.38631552
2010-11-25 12:15:00,2010-11-26 09:30:00,0.70519996,0.4099869
2010-11-25 12:15:00,2010-11-26 09:45:00,0.52853334,0.37814304
2010-11-25 12:15:00,2010-11-26 10:00:00,0.38986665,0.36353678
2010-11-25 12:15:00,2010-11-26 10:15:00,0.46799996,0.37354994
2010-11-25 12:15:00,2010-11-26 10:30:00,0.34866667,0.39092007
2010-11-25 12:15:00,2010-11-26 10:45:00,0.43186665,0.34823763
2010-11-25 12:15:00,2010-11-26 11:00:00,0.40586662,0.33894637
2010-11-25 12:15:00,2010-11-26 11:15:00,0.36413333,0.36499375
2010-11-25 12:15:00,2010-11-26 11:30:00,0.7066667,0.3652993
2010-11-25 12:15:00,2010-11-26 11:45:00,0.57226664,0.38881582
2010-11-25 12:15:00,2010-11-26 12:00:00,0.72360003,0.39448005
2010-11-25 12:30:00,2010-11-25 12:30:00,0.21013331,0.23350962
2010-11-25 12:30:00,2010-11-25 12:45:00,0.9637333,0.2772021
2010-11-25 12:30:00,2010-11-25 13:00:00,0.4665333,0.23491311
2010-11-25 12:30:00,2010-11-25 13:15:00,0.68146664,0.25539827
2010-11-25 12:30:00,2010-11-25 13:30:00,0.59239995,0.26840976
2010-11-25 12:30:00,2010-11-25 13:45:00,0.47093332,0.25965703
2010-11-25 12:30:00,2010-11-25 14:00:00,0.48746666,0.24823347
2010-11-25 12:30:00,2010-11-25 14:15:00,0.3624,0.28454548
2010-11-25 12:30:00,2010-11-25 14:30:00,0.22466666,0.27387837
2010-11-25 12:30:00,2010-11-25 14:45:00,0.20759998,0.2687048
2010-11-25 12:30:00,2010-11-25 15:00:00,0.13346663,0.27049264
2010-11-25 12:30:00,2010-11-25 15:15:00,0.24533334,0.27268612
2010-11-25 12:30:00,2010-11-25 15:30:00,0.18573333,0.2910363
2010-11-25 12:30:00,2010-11-25 15:45:00,0.17186667,0.31747922
2010-11-25 12:30:00,2010-11-25 16:00:00,0.2068,0.30931115
2010-11-25 12:30:00,2010-11-25 16:15:00,0.19160001,0.29881194
2010-11-25 12:30:00,2010-11-25 16:30:00,0.21613333,0.3065981
2010-11-25 12:30:00,2010-11-25 16:45:00,0.13426666,0.35598114
2010-11-25 12:30:00,2010-11-25 17:00:00,0.26146665,0.35638237
2010-11-25 12:30:00,2010-11-25 17:15:00,0.29333332,0.3711648
2010-11-25 12:30:00,2010-11-25 17:30:00,0.41079998,0.39196312
2010-11-25 12:30:00,2010-11-25 17:45:00,0.54693335,0.37651357
2010-11-25 12:30:00,2010-11-25 18:00:00,0.45559996,0.43488193
2010-11-25 12:30:00,2010-11-25 18:15:00,0.5201333,0.47469705
2010-11-25 12:30:00,2010-11-25 18:30:00,0.5048,0.45005217
2010-11-25 12:30:00,2010-11-25 18:45:00,0.5197333,0.46209925
2010-11-25 12:30:00,2010-11-25 19:00:00,0.49173334,0.5188367
2010-11-25 12:30:00,2010-11-25 19:15:00,0.45293334,0.5446587
2010-11-25 12:30:00,2010-11-25 19:30:00,0.9118666,0.5834902
2010-11-25 12:30:00,2010-11-25 19:45:00,0.8441333,0.49568957
2010-11-25 12:30:00,2010-11-25 20:00:00,0.998,0.59606194
2010-11-25 12:30:00,2010-11-25 20:15:00,0.68106663,0.6080242
2010-11-25 12:30:00,2010-11-25 20:30:00,1.4341334,0.54319435
2010-11-25 12:30:00,2010-11-25 20:45:00,1.578,0.54625
2010-11-25 12:30:00,2010-11-25 21:00:00,1.2,0.5203833
2010-11-25 12:30:00,2010-11-25 21:15:00,1.3104,0.5103532
2010-11-25 12:30:00,2010-11-25 21:30:00,1.3174667,0.568984
2010-11-25 12:30:00,2010-11-25 21:45:00,1.2810667,0.5720594
2010-11-25 12:30:00,2010-11-25 22:00:00,1.2472,0.5872191
2010-11-25 12:30:00,2010-11-25 22:15:00,1.1254667,0.51474017
2010-11-25 12:30:00,2010-11-25 22:30:00,0.576,0.49716708
2010-11-25 12:30:00,2010-11-25 22:45:00,0.23026666,0.4417525
2010-11-25 12:30:00,2010-11-25 23:00:00,0.26066667,0.41248974
2010-11-25 12:30:00,2010-11-25 23:15:00,0.23133333,0.39195776
2010-11-25 12:30:00,2010-11-25 23:30:00,0.18306665,0.36762214
2010-11-25 12:30:00,2010-11-25 23:45:00,0.18919998,0.39281172
2010-11-25 12:30:00,2010-11-26 00:00:00,0.19199994,0.30785134
2010-11-25 12:30:00,2010-11-26 00:15:00,0.22466666,0.29438698
2010-11-25 12:30:00,2010-11-26 00:30:00,0.37253332,0.28917798
2010-11-25 12:30:00,2010-11-26 00:45:00,0.4332,0.31210652
2010-11-25 12:30:00,2010-11-26 01:00:00,0.364,0.2790898
2010-11-25 12:30:00,2010-11-26 01:15:00,0.29279998,0.27830857
2010-11-25 12:30:00,2010-11-26 01:30:00,0.23013332,0.27663052
2010-11-25 12:30:00,2010-11-26 01:45:00,0.15,0.27243727
2010-11-25 12:30:00,2010-11-26 02:00:00,0.218,0.2682388
2010-11-25 12:30:00,2010-11-26 02:15:00,0.16026667,0.28097206
2010-11-25 12:30:00,2010-11-26 02:30:00,0.21999998,0.26321974
2010-11-25 12:30:00,2010-11-26 02:45:00,0.16173334,0.26516467
2010-11-25 12:30:00,2010-11-26 03:00:00,0.19933334,0.2789332
2010-11-25 12:30:00,2010-11-26 03:15:00,0.25893334,0.2738114
2010-11-25 12:30:00,2010-11-26 03:30:00,0.152,0.2745162
2010-11-25 12:30:00,2010-11-26 03:45:00,0.24733332,0.27288446
2010-11-25 12:30:00,2010-11-26 04:00:00,0.17426665,0.27071562
2010-11-25 12:30:00,2010-11-26 04:15:00,0.19359998,0.27818546
2010-11-25 12:30:00,2010-11-26 04:30:00,0.16853333,0.27689394
2010-11-25 12:30:00,2010-11-26 04:45:00,0.20573333,0.28440574
2010-11-25 12:30:00,2010-11-26 05:00:00,0.18773334,0.27235857
2010-11-25 12:30:00,2010-11-26 05:15:00,0.12333333,0.29018813
2010-11-25 12:30:00,2010-11-26 05:30:00,0.2836,0.281701
2010-11-25 12:30:00,2010-11-26 05:45:00,0.12146667,0.28823736
2010-11-25 12:30:00,2010-11-26 06:00:00,0.18853334,0.32324386
2010-11-25 12:30:00,2010-11-26 06:15:00,0.22426668,0.3318301
2010-11-25 12:30:00,2010-11-26 06:30:00,0.9669333,0.390363
2010-11-25 12:30:00,2010-11-26 06:45:00,0.27733332,0.4633543
2010-11-25 12:30:00,2010-11-26 07:00:00,0.23053332,0.5208957
2010-11-25 12:30:00,2010-11-26 07:15:00,0.43213332,0.4617809
2010-11-25 12:30:00,2010-11-26 07:30:00,0.2782666,0.496556
2010-11-25 12:30:00,2010-11-26 07:45:00,0.26866665,0.552
2010-11-25 12:30:00,2010-11-26 08:00:00,0.29759997,0.49589404
2010-11-25 12:30:00,2010-11-26 08:15:00,0.426,0.4233449
2010-11-25 12:30:00,2010-11-26 08:30:00,0.59386665,0.4533761
2010-11-25 12:30:00,2010-11-26 08:45:00,0.43626663,0.39849237
2010-11-25 12:30:00,2010-11-26 09:00:00,0.56,0.3566504
2010-11-25 12:30:00,2010-11-26 09:15:00,0.85319996,0.38671103
2010-11-25 12:30:00,2010-11-26 09:30:00,0.70519996,0.4065217
2010-11-25 12:30:00,2010-11-26 09:45:00,0.52853334,0.36992922
2010-11-25 12:30:00,2010-11-26 10:00:00,0.38986665,0.36018515
2010-11-25 12:30:00,2010-11-26 10:15:00,0.46799996,0.37434593
2010-11-25 12:30:00,2010-11-26 10:30:00,0.34866667,0.39740413
2010-11-25 12:30:00,2010-11-26 10:45:00,0.43186665,0.3411008
2010-11-25 12:30:00,2010-11-26 11:00:00,0.40586662,0.3374049
2010-11-25 12:30:00,2010-11-26 11:15:00,0.36413333,0.35610268
2010-11-25 12:30:00,2010-11-26 11:30:00,0.7066667,0.33877477
2010-11-25 12:30:00,2010-11-26 11:45:00,0.57226664,0.37851074
2010-11-25 12:30:00,2010-11-26 12:00:00,0.72360003,0.39597553
2010-11-25 12:30:00,2010-11-26 12:15:00,0.8501333,0.33901462
2010-11-25 12:45:00,2010-11-25 12:45:00,0.9637333,0.26830995
2010-11-25 12:45:00,2010-11-25 13:00:00,0.4665333,0.25260353
2010-11-25 12:45:00,2010-11-25 13:15:00,0.68146664,0.23856169
2010-11-25 12:45:00,2010-11-25 13:30:00,0.59239995,0.25893462
2010-11-25 12:45:00,2010-11-25 13:45:00,0.47093332,0.26228893
2010-11-25 12:45:00,2010-11-25 14:00:00,0.48746666,0.2647296
2010-11-25 12:45:00,2010-11-25 14:15:00,0.3624,0.28405172
2010-11-25 12:45:00,2010-11-25 14:30:00,0.22466666,0.2920543
2010-11-25 12:45:00,2010-11-25 14:45:00,0.20759998,0.26799077
2010-11-25 12:45:00,2010-11-25 15:00:00,0.13346663,0.27641457
2010-11-25 12:45:00,2010-11-25 15:15:00,0.24533334,0.28685448
2010-11-25 12:45:00,2010-11-25 15:30:00,0.18573333,0.29060715
2010-11-25 12:45:00,2010-11-25 15:45:00,0.17186667,0.29730174
2010-11-25 12:45:00,2010-11-25 16:00:00,0.2068,0.30632636
2010-11-25 12:45:00,2010-11-25 16:15:00,0.19160001,0.31225282
2010-11-25 12:45:00,2010-11-25 16:30:00,0.21613333,0.33659416
2010-11-25 12:45:00,2010-11-25 16:45:00,0.13426666,0.3523445
2010-11-25 12:45:00,2010-11-25 17:00:00,0.26146665,0.34457442
2010-11-25 12:45:00,2010-11-25 17:15:00,0.29333332,0.35386246
2010-11-25 12:45:00,2010-11-25 17:30:00,0.41079998,0.37681502
2010-11-25 12:45:00,2010-11-25 17:45:00,0.54693335,0.38541204
2010-11-25 12:45:00,2010-11-25 18:00:00,0.45559996,0.41763932
2010-11-25 12:45:00,2010-11-25 18:15:00,0.5201333,0.48452067
2010-11-25 12:45:00,2010-11-25 18:30:00,0.5048,0.4438414
2010-11-25 12:45:00,2010-11-25 18:45:00,0.5197333,0.46387115
2010-11-25 12:45:00,2010-11-25 19:00:00,0.49173334,0.5261691
2010-11-25 12:45:00,2010-11-25 19:15:00,0.45293334,0.52819806
2010-11-25 12:45:00,2010-11-25 19:30:00,0.9118666,0.6036926
2010-11-25 12:45:00,2010-11-25 19:45:00,0.8441333,0.546231
2010-11-25 12:45:00,2010-11-25 20:00:00,0.998,0.6185887
2010-11-25 12:45:00,2010-11-25 20:15:00,0.68106663,0.53183955
2010-11-25 12:45:00,2010-11-25 20:30:00,1.4341334,0.5336125
2010-11-25 12:45:00,2010-11-25 20:45:00,1.578,0.53636354
2010-11-25 12:45:00,2010-11-25 21:00:00,1.2,0.5446906
2010-11-25 12:45:00,2010-11-25 21:15:00,1.3104,0.5538489
2010-11-25 12:45:00,2010-11-25 21:30:00,1.3174667,0.5775166
2010-11-25 12:45:00,2010-11-25 21:45:00,1.2810667,0.5368525
2010-11-25 12:45:00,2010-11-25 22:00:00,1.2472,0.5439699
2010-11-25 12:45:00,2010-11-25 22:15:00,1.1254667,0.5155936
2010-11-25 12:45:00,2010-11-25 22:30:00,0.576,0.45506585
2010-11-25 12:45:00,2010-11-25 22:45:00,0.23026666,0.42784262
2010-11-25 12:45:00,2010-11-25 23:00:00,0.26066667,0.39131328
2010-11-25 12:45:00,2010-11-25 23:15:00,0.23133333,0.4004791
2010-11-25 12:45:00,2010-11-25 23:30:00,0.18306665,0.37370032
2010-11-25 12:45:00,2010-11-25 23:45:00,0.18919998,0.38060117
2010-11-25 12:45:00,2010-11-26 00:00:00,0.19199994,0.30873078
2010-11-25 12:45:00,2010-11-26 00:15:00,0.22466666,0.2915117
2010-11-25 12:45:00,2010-11-26 00:30:00,0.37253332,0.2905733
2010-11-25 12:45:00,2010-11-26 00:45:00,0.4332,0.28882033
2010-11-25 12:45:00,2010-11-26 01:00:00,0.364,0.28739536
2010-11-25 12:45:00,2010-11-26 01:15:00,0.29279998,0.2752886
2010-11-25 12:45:00,2010-11-26 01:30:00,0.23013332,0.29039106
2010-11-25 12:45:00,2010-11-26 01:45:00,0.15,0.26912135
2010-11-25 12:45:00,2010-11-26 02:00:00,0.218,0.2760095
2010-11-25 12:45:00,2010-11-26 02:15:00,0.16026667,0.26683143
2010-11-25 12:45:00,2010-11-26 02:30:00,0.21999998,0.25521964
2010-11-25 12:45:00,2010-11-26 02:45:00,0.16173334,0.2661973
2010-11-25 12:45:00,2010-11-26 03:00:00,0.19933334,0.26737028
2010-11-25 12:45:00,2010-11-26 03:15:00,0.25893334,0.25766882
2010-11-25 12:45:00,2010-11-26 03:30:00,0.152,0.26259607
2010-11-25 12:45:00,2010-11-26 03:45:00,0.24733332,0.27503455
2010-11-25 12:45:00,2010-11-26 04:00:00,0.17426665,0.26791397
2010-11-25 12:45:00,2010-11-26 04:15:00,0.19359998,0.27342775
2010-11-25 12:45:00,2010-11-26 04:30:00,0.16853333,0.27779883
2010-11-25 12:45:00,2010-11-26 04:45:00,0.20573333,0.27173257
2010-11-25 12:45:00,2010-11-26 05:00:00,0.18773334,0.27836958
2010-11-25 12:45:00,2010-11-26 05:15:00,0.12333333,0.2799226
2010-11-25 12:45:00,2010-11-26 05:30:00,0.2836,0.29172376
2010-11-25 12:45:00,2010-11-26 05:45:00,0.12146667,0.29184133
2010-11-25 12:45:00,2010-11-26 06:00:00,0.18853334,0.31644872
2010-11-25 12:45:00,2010-11-26 06:15:00,0.22426668,0.32133168
2010-11-25 12:45:00,2010-11-26 06:30:00,0.9669333,0.3856982
2010-11-25 12:45:00,2010-11-26 06:45:00,0.27733332,0.4608632
2010-11-25 12:45:00,2010-11-26 07:00:00,0.23053332,0.5257277
2010-11-25 12:45:00,2010-11-26 07:15:00,0.43213332,0.45510453
2010-11-25 12:45:00,2010-11-26 07:30:00,0.2782666,0.49830458
2010-11-25 12:45:00,2010-11-26 07:45:00,0.26866665,0.5267009
2010-11-25 12:45:00,2010-11-26 08:00:00,0.29759997,0.5256967
2010-11-25 12:45:00,2010-11-26 08:15:00,0.426,0.41587493
2010-11-25 12:45:00,2010-11-26 08:30:00,0.59386665,0.45196944
2010-11-25 12:45:00,2010-11-26 08:45:00,0.43626663,0.4174943
2010-11-25 12:45:00,2010-11-26 09:00:00,0.56,0.3816033
2010-11-25 12:45:00,2010-11-26 09:15:00,0.85319996,0.37554318
2010-11-25 12:45:00,2010-11-26 09:30:00,0.70519996,0.40930152
2010-11-25 12:45:00,2010-11-26 09:45:00,0.52853334,0.37631875
2010-11-25 12:45:00,2010-11-26 10:00:00,0.38986665,0.36136058
2010-11-25 12:45:00,2010-11-26 10:15:00,0.46799996,0.37223542
2010-11-25 12:45:00,2010-11-26 10:30:00,0.34866667,0.39391118
2010-11-25 12:45:00,2010-11-26 10:45:00,0.43186665,0.35270777
2010-11-25 12:45:00,2010-11-26 11:00:00,0.40586662,0.3388769
2010-11-25 12:45:00,2010-11-26 11:15:00,0.36413333,0.34625688
2010-11-25 12:45:00,2010-11-26 11:30:00,0.7066667,0.3449693
2010-11-25 12:45:00,2010-11-26 11:45:00,0.57226664,0.3676204
2010-11-25 12:45:00,2010-11-26 12:00:00,0.72360003,0.36688954
2010-11-25 12:45:00,2010-11-26 12:15:00,0.8501333,0.35136154
2010-11-25 12:45:00,2010-11-26 12:30:00,0.5904,0.34914693
2010-11-25 13:00:00,2010-11-25 13:00:00,0.4665333,0.42471263
2010-11-25 13:00:00,2010-11-25 13:15:00,0.68146664,0.37184548
2010-11-25 13:00:00,2010-11-25 13:30:00,0.59239995,0.35473797
2010-11-25 13:00:00,2010-11-25 13:45:00,0.47093332,0.349338
2010-11-25 13:00:00,2010-11-25 14:00:00,0.48746666,0.33017358
2010-11-25 13:00:00,2010-11-25 14:15:00,0.3624,0.37482163
2010-11-25 13:00:00,2010-11-25 14:30:00,0.22466666,0.3385081
2010-11-25 13:00:00,2010-11-25 14:45:00,0.20759998,0.3115657
2010-11-25 13:00:00,2010-11-25 15:00:00,0.13346663,0.3069631
2010-11-25 13:00:00,2010-11-25 15:15:00,0.24533334,0.32734996
2010-11-25 13:00:00,2010-11-25 15:30:00,0.18573333,0.31951725
2010-11-25 13:00:00,2010-11-25 15:45:00,0.17186667,0.3229635
2010-11-25 13:00:00,2010-11-25 16:00:00,0.2068,0.33554852
2010-11-25 13:00:00,2010-11-25 16:15:00,0.19160001,0.34136677
2010-11-25 13:00:00,2010-11-25 16:30:00,0.21613333,0.34612086
2010-11-25 13:00:00,2010-11-25 16:45:00,0.13426666,0.37667668
2010-11-25 13:00:00,2010-11-25 17:00:00,0.26146665,0.37940103
2010-11-25 13:00:00,2010-11-25 17:15:00,0.29333332,0.36892828
2010-11-25 13:00:00,2010-11-25 17:30:00,0.41079998,0.39866036
2010-11-25 13:00:00,2010-11-25 17:45:00,0.54693335,0.39707994
2010-11-25 13:00:00,2010-11-25 18:00:00,0.45559996,0.4212384
2010-11-25 13:00:00,2010-11-25 18:15:00,0.5201333,0.4824068
2010-11-25 13:00:00,2010-11-25 18:30:00,0.5048,0.47908825
2010-11-25 13:00:00,2010-11-25 18:45:00,0.5197333,0.4606756
2010-11-25 13:00:00,2010-11-25 19:00:00,0.49173334,0.5364925
2010-11-25 13:00:00,2010-11-25 19:15:00,0.45293334,0.54367226
2010-11-25 13:00:00,2010-11-25 19:30:00,0.9118666,0.5636712
2010-11-25 13:00:00,2010-11-25 19:45:00,0.8441333,0.5406065
2010-11-25 13:00:00,2010-11-25 20:00:00,0.998,0.61459255
2010-11-25 13:00:00,2010-11-25 20:15:00,0.68106663,0.5794336
2010-11-25 13:00:00,2010-11-25 20:30:00,1.4341334,0.5206095
2010-11-25 13:00:00,2010-11-25 20:45:00,1.578,0.561761
2010-11-25 13:00:00,2010-11-25 21:00:00,1.2,0.54421663
2010-11-25 13:00:00,2010-11-25 21:15:00,1.3104,0.5665302
2010-11-25 13:00:00,2010-11-25 21:30:00,1.3174667,0.5960612
2010-11-25 13:00:00,2010-11-25 21:45:00,1.2810667,0.5711665
2010-11-25 13:00:00,2010-11-25 22:00:00,1.2472,0.5349756
2010-11-25 13:00:00,2010-11-25 22:15:00,1.1254667,0.53594774
2010-11-25 13:00:00,2010-11-25 22:30:00,0.576,0.4979121
2010-11-25 13:00:00,2010-11-25 22:45:00,0.23026666,0.44185814
2010-11-25 13:00:00,2010-11-25 23:00:00,0.26066667,0.38671958
2010-11-25 13:00:00,2010-11-25 23:15:00,0.23133333,0.39534786
2010-11-25 13:00:00,2010-11-25 23:30:00,0.18306665,0.39943194
2010-11-25 13:00:00,2010-11-25 23:45:00,0.18919998,0.40558556
2010-11-25 13:00:00,2010-11-26 00:00:00,0.19199994,0.29120573
2010-11-25 13:00:00,2010-11-26 00:15:00,0.22466666,0.30273747
2010-11-25 13:00:00,2010-11-26 00:30:00,0.37253332,0.2965757
2010-11-25 13:00:00,2010-11-26 00:45:00,0.4332,0.30299473
2010-11-25 13:00:00,2010-11-26 01:00:00,0.364,0.2817711
2010-11-25 13:00:00,2010-11-26 01:15:00,0.29279998,0.2792921
2010-11-25 13:00:00,2010-11-26 01:30:00,0.23013332,0.28564167
2010-11-25 13:00:00,2010-11-26 01:45:00,0.15,0.2734043
2010-11-25 13:00:00,2010-11-26 02:00:00,0.218,0.26221356
2010-11-25 13:00:00,2010-11-26 02:15:00,0.16026667,0.2860649
2010-11-25 13:00:00,2010-11-26 02:30:00,0.21999998,0.26635793
2010-11-25 13:00:00,2010-11-26 02:45:00,0.16173334,0.26202333
2010-11-25 13:00:00,2010-11-26 03:00:00,0.19933334,0.2648724
2010-11-25 13:00:00,2010-11-26 03:15:00,0.25893334,0.26806507
2010-11-25 13:00:00,2010-11-26 03:30:00,0.152,0.26719037
2010-11-25 13:00:00,2010-11-26 03:45:00,0.24733332,0.26784605
2010-11-25 13:00:00,2010-11-26 04:00:00,0.17426665,0.27785814
2010-11-25 13:00:00,2010-11-26 04:15:00,0.19359998,0.26973686
2010-11-25 13:00:00,2010-11-26 04:30:00,0.16853333,0.27941006
2010-11-25 13:00:00,2010-11-26 04:45:00,0.20573333,0.28182703
2010-11-25 13:00:00,2010-11-26 05:00:00,0.18773334,0.27582887
2010-11-25 13:00:00,2010-11-26 05:15:00,0.12333333,0.29065076
2010-11-25 13:00:00,2010-11-26 05:30:00,0.2836,0.29036206
2010-11-25 13:00:00,2010-11-26 05:45:00,0.12146667,0.2825578
2010-11-25 13:00:00,2010-11-26 06:00:00,0.18853334,0.32209286
2010-11-25 13:00:00,2010-11-26 06:15:00,0.22426668,0.34306136
2010-11-25 13:00:00,2010-11-26 06:30:00,0.9669333,0.3857675
2010-11-25 13:00:00,2010-11-26 06:45:00,0.27733332,0.4713296
2010-11-25 13:00:00,2010-11-26 07:00:00,0.23053332,0.57141036
2010-11-25 13:00:00,2010-11-26 07:15:00,0.43213332,0.47456533
2010-11-25 13:00:00,2010-11-26 07:30:00,0.2782666,0.4959457
2010-11-25 13:00:00,2010-11-26 07:45:00,0.26866665,0.52287954
2010-11-25 13:00:00,2010-11-26 08:00:00,0.29759997,0.5076554
2010-11-25 13:00:00,2010-11-26 08:15:00,0.426,0.42339936
2010-11-25 13:00:00,2010-11-26 08:30:00,0.59386665,0.44558334
2010-11-25 13:00:00,2010-11-26 08:45:00,0.43626663,0.41348463
2010-11-25 13:00:00,2010-11-26 09:00:00,0.56,0.39107966
2010-11-25 13:00:00,2010-11-26 09:15:00,0.85319996,0.3923695
2010-11-25 13:00:00,2010-11-26 09:30:00,0.70519996,0.4069448
2010-11-25 13:00:00,2010-11-26 09:45:00,0.52853334,0.38289443
2010-11-25 13:00:00,2010-11-26 10:00:00,0.38986665,0.35470802
2010-11-25 13:00:00,2010-11-26 10:15:00,0.46799996,0.35186726
2010-11-25 13:00:00,2010-11-26 10:30:00,0.34866667,0.3759451
2010-11-25 13:00:00,2010-11-26 10:45:00,0.43186665,0.3487435
2010-11-25 13:00:00,2010-11-26 11:00:00,0.40586662,0.3387091
2010-11-25 13:00:00,2010-11-26 11:15:00,0.36413333,0.35241222
2010-11-25 13:00:00,2010-11-26 11:30:00,0.7066667,0.35753506
2010-11-25 13:00:00,2010-11-26 11:45:00,0.57226664,0.37024644
2010-11-25 13:00:00,2010-11-26 12:00:00,0.72360003,0.40356466
2010-11-25 13:00:00,2010-11-26 12:15:00,0.8501333,0.36063787
2010-11-25 13:00:00,2010-11-26 12:30:00,0.5904,0.3595305
2010-11-25 13:00:00,2010-11-26 12:45:00,0.6594667,0.4356514
2010-11-25 13:15:00,2010-11-25 13:15:00,0.68146664,0.40313825
2010-11-25 13:15:00,2010-11-25 13:30:00,0.59239995,0.38408956
2010-11-25 13:15:00,2010-11-25 13:45:00,0.47093332,0.38214695
2010-11-25 13:15:00,2010-11-25 14:00:00,0.48746666,0.36605984
2010-11-25 13:15:00,2010-11-25 14:15:00,0.3624,0.39271203
2010-11-25 13:15:00,2010-11-25 14:30:00,0.22466666,0.3512055
2010-11-25 13:15:00,2010-11-25 14:45:00,0.20759998,0.3420708
2010-11-25 13:15:00,2010-11-25 15:00:00,0.13346663,0.34407967
2010-11-25 13:15:00,2010-11-25 15:15:00,0.24533334,0.32763082
2010-11-25 13:15:00,2010-11-25 15:30:00,0.18573333,0.3480808
2010-11-25 13:15:00,2010-11-25 15:45:00,0.17186667,0.33775857
2010-11-25 13:15:00,2010-11-25 16:00:00,0.2068,0.35193452
2010-11-25 13:15:00,2010-11-25 16:15:00,0.19160001,0.3532568
2010-11-25 13:15:00,2010-11-25 16:30:00,0.21613333,0.37152284
2010-11-25 13:15:00,2010-11-25 16:45:00,0.13426666,0.3662416
2010-11-25 13:15:00,2010-11-25 17:00:00,0.26146665,0.37806422
2010-11-25 13:15:00,2010-11-25 17:15:00,0.29333332,0.39198405
2010-11-25 13:15:00,2010-11-25 17:30:00,0.41079998,0.40960303
2010-11-25 13:15:00,2010-11-25 17:45:00,0.54693335,0.403134
2010-11-25 13:15:00,2010-11-25 18:00:00,0.45559996,0.4224653
2010-11-25 13:15:00,2010-11-25 18:15:00,0.5201333,0.44202006
2010-11-25 13:15:00,2010-11-25 18:30:00,0.5048,0.46495318
2010-11-25 13:15:00,2010-11-25 18:45:00,0.5197333,0.46801347
2010-11-25 13:15:00,2010-11-25 19:00:00,0.49173334,0.53679055
2010-11-25 13:15:00,2010-11-25 19:15:00,0.45293334,0.5217084
2010-11-25 13:15:00,2010-11-25 19:30:00,0.9118666,0.5879225
2010-11-25 13:15:00,2010-11-25 19:45:00,0.8441333,0.51072264
2010-11-25 13:15:00,2010-11-25 20:00:00,0.998,0.6278004
2010-11-25 13:15:00,2010-11-25 20:15:00,0.68106663,0.6005617
2010-11-25 13:15:00,2010-11-25 20:30:00,1.4341334,0.5171396
2010-11-25 13:15:00,2010-11-25 20:45:00,1.578,0.54879177
2010-11-25 13:15:00,2010-11-25 21:00:00,1.2,0.5346129
2010-11-25 13:15:00,2010-11-25 21:15:00,1.3104,0.55877197
2010-11-25 13:15:00,2010-11-25 21:30:00,1.3174667,0.5983254
2010-11-25 13:15:00,2010-11-25 21:45:00,1.2810667,0.5686424
2010-11-25 13:15:00,2010-11-25 22:00:00,1.2472,0.5417853
2010-11-25 13:15:00,2010-11-25 22:15:00,1.1254667,0.52513164
2010-11-25 13:15:00,2010-11-25 22:30:00,0.576,0.47642696
2010-11-25 13:15:00,2010-11-25 22:45:00,0.23026666,0.44805917
2010-11-25 13:15:00,2010-11-25 23:00:00,0.26066667,0.4017467
2010-11-25 13:15:00,2010-11-25 23:15:00,0.23133333,0.39595383
2010-11-25 13:15:00,2010-11-25 23:30:00,0.18306665,0.37962037
2010-11-25 13:15:00,2010-11-25 23:45:00,0.18919998,0.4100274
2010-11-25 13:15:00,2010-11-26 00:00:00,0.19199994,0.31571108
2010-11-25 13:15:00,2010-11-26 00:15:00,0.22466666,0.30253848
2010-11-25 13:15:00,2010-11-26 00:30:00,0.37253332,0.3129428
2010-11-25 13:15:00,2010-11-26 00:45:00,0.4332,0.30435404
2010-11-25 13:15:00,2010-11-26 01:00:00,0.364,0.29276952
2010-11-25 13:15:00,2010-11-26 01:15:00,0.29279998,0.29790935
2010-11-25 13:15:00,2010-11-26 01:30:00,0.23013332,0.29316828
2010-11-25 13:15:00,2010-11-26 01:45:00,0.15,0.29021093
2010-11-25 13:15:00,2010-11-26 02:00:00,0.218,0.2811857
2010-11-25 13:15:00,2010-11-26 02:15:00,0.16026667,0.2751852
2010-11-25 13:15:00,2010-11-26 02:30:00,0.21999998,0.27182797
2010-11-25 13:15:00,2010-11-26 02:45:00,0.16173334,0.27371624
2010-11-25 13:15:00,2010-11-26 03:00:00,0.19933334,0.26763237
2010-11-25 13:15:00,2010-11-26 03:15:00,0.25893334,0.28153563
2010-11-25 13:15:00,2010-11-26 03:30:00,0.152,0.28316993
2010-11-25 13:15:00,2010-11-26 03:45:00,0.24733332,0.2768856
2010-11-25 13:15:00,2010-11-26 04:00:00,0.17426665,0.2923057
2010-11-25 13:15:00,2010-11-26 04:15:00,0.19359998,0.2811718
2010-11-25 13:15:00,2010-11-26 04:30:00,0.16853333,0.28532413
2010-11-25 13:15:00,2010-11-26 04:45:00,0.20573333,0.2859557
2010-11-25 13:15:00,2010-11-26 05:00:00,0.18773334,0.2921466
2010-11-25 13:15:00,2010-11-26 05:15:00,0.12333333,0.29430723
2010-11-25 13:15:00,2010-11-26 05:30:00,0.2836,0.31105578
2010-11-25 13:15:00,2010-11-26 05:45:00,0.12146667,0.29743528
2010-11-25 13:15:00,2010-11-26 06:00:00,0.18853334,0.30438516
2010-11-25 13:15:00,2010-11-26 06:15:00,0.22426668,0.324239
2010-11-25 13:15:00,2010-11-26 06:30:00,0.9669333,0.38591555
2010-11-25 13:15:00,2010-11-26 06:45:00,0.27733332,0.44052085
2010-11-25 13:15:00,2010-11-26 07:00:00,0.23053332,0.5196701
2010-11-25 13:15:00,2010-11-26 07:15:00,0.43213332,0.47911927
2010-11-25 13:15:00,2010-11-26 07:30:00,0.2782666,0.48351288
2010-11-25 13:15:00,2010-11-26 07:45:00,0.26866665,0.54139835
2010-11-25 13:15:00,2010-11-26 08:00:00,0.29759997,0.5318444
2010-11-25 13:15:00,2010-11-26 08:15:00,0.426,0.42583984
2010-11-25 13:15:00,2010-11-26 08:30:00,0.59386665,0.46641484
2010-11-25 13:15:00,2010-11-26 08:45:00,0.43626663,0.42133245
2010-11-25 13:15:00,2010-11-26 09:00:00,0.56,0.38773742
2010-11-25 13:15:00,2010-11-26 09:15:00,0.85319996,0.3833981
2010-11-25 13:15:00,2010-11-26 09:30:00,0.70519996,0.4052589
2010-11-25 13:15:00,2010-11-26 09:45:00,0.52853334,0.36174044
2010-11-25 13:15:00,2010-11-26 10:00:00,0.38986665,0.35328984
2010-11-25 13:15:00,2010-11-26 10:15:00,0.46799996,0.36153784
2010-11-25 13:15:00,2010-11-26 10:30:00,0.34866667,0.38105085
2010-11-25 13:15:00,2010-11-26 10:45:00,0.43186665,0.33381778
2010-11-25 13:15:00,2010-11-26 11:00:00,0.40586662,0.34216252
2010-11-25 13:15:00,2010-11-26 11:15:00,0.36413333,0.35202748
2010-11-25 13:15:00,2010-11-26 11:30:00,0.7066667,0.37498614
2010-11-25 13:15:00,2010-11-26 11:45:00,0.57226664,0.38124743
2010-11-25 13:15:00,2010-11-26 12:00:00,0.72360003,0.39114413
2010-11-25 13:15:00,2010-11-26 12:15:00,0.8501333,0.37783712
2010-11-25 13:15:00,2010-11-26 12:30:00,0.5904,0.39273235
2010-11-25 13:15:00,2010-11-26 12:45:00,0.6594667,0.42112845
2010-11-25 13:15:00,2010-11-26 13:00:00,0.5970667,0.38557923
2010-11-25 13:30:00,2010-11-25 13:30:00,0.59239995,0.44298235
2010-11-25 13:30:00,2010-11-25 13:45:00,0.47093332,0.4056674
2010-11-25 13:30:00,2010-11-25 14:00:00,0.48746666,0.41133794
2010-11-25 13:30:00,2010-11-25 14:15:00,0.3624,0.42553997
2010-11-25 13:30:00,2010-11-25 14:30:00,0.22466666,0.4307548
2010-11-25 13:30:00,2010-11-25 14:45:00,0.20759998,0.39332777
2010-11-25 13:30:00,2010-11-25 15:00:00,0.13346663,0.37075588
2010-11-25 13:30:00,2010-11-25 15:15:00,0.24533334,0.37312004
2010-11-25 13:30:00,2010-11-25 15:30:00,0.18573333,0.36376613
2010-11-25 13:30:00,2010-11-25 15:45:00,0.17186667,0.3763883
2010-11-25 13:30:00,2010-11-25 16:00:00,0.2068,0.39152157
2010-11-25 13:30:00,2010-11-25 16:15:00,0.19160001,0.3669685
2010-11-25 13:30:00,2010-11-25 16:30:00,0.21613333,0.3887004
2010-11-25 13:30:00,2010-11-25 16:45:00,0.13426666,0.39329216
2010-11-25 13:30:00,2010-11-25 17:00:00,0.26146665,0.40401295
2010-11-25 13:30:00,2010-11-25 17:15:00,0.29333332,0.41897878
2010-11-25 13:30:00,2010-11-25 17:30:00,0.41079998,0.4131213
2010-11-25 13:30:00,2010-11-25 17:45:00,0.54693335,0.40619153
2010-11-25 13:30:00,2010-11-25 18:00:00,0.45559996,0.4630122
2010-11-25 13:30:00,2010-11-25 18:15:00,0.5201333,0.4953045
2010-11-25 13:30:00,2010-11-25 18:30:00,0.5048,0.48164883
2010-11-25 13:30:00,2010-11-25 18:45:00,0.5197333,0.5099323
2010-11-25 13:30:00,2010-11-25 19:00:00,0.49173334,0.5658073
2010-11-25 13:30:00,2010-11-25 19:15:00,0.45293334,0.5673623
2010-11-25 13:30:00,2010-11-25 19:30:00,0.9118666,0.58775204
2010-11-25 13:30:00,2010-11-25 19:45:00,0.8441333,0.52766633
2010-11-25 13:30:00,2010-11-25 20:00:00,0.998,0.6175082
2010-11-25 13:30:00,2010-11-25 20:15:00,0.68106663,0.6234731
2010-11-25 13:30:00,2010-11-25 20:30:00,1.4341334,0.5243546
2010-11-25 13:30:00,2010-11-25 20:45:00,1.578,0.5482713
2010-11-25 13:30:00,2010-11-25 21:00:00,1.2,0.5228127
2010-11-25 13:30:00,2010-11-25 21:15:00,1.3104,0.5434458
2010-11-25 13:30:00,2010-11-25 21:30:00,1.3174667,0.61063105
2010-11-25 13:30:00,2010-11-25 21:45:00,1.2810667,0.6205118
2010-11-25 13:30:00,2010-11-25 22:00:00,1.2472,0.5669497
2010-11-25 13:30:00,2010-11-25 22:15:00,1.1254667,0.5668701
2010-11-25 13:30:00,2010-11-25 22:30:00,0.576,0.5050153
2010-11-25 13:30:00,2010-11-25 22:45:00,0.23026666,0.47432068
2010-11-25 13:30:00,2010-11-25 23:00:00,0.26066667,0.41757968
2010-11-25 13:30:00,2010-11-25 23:15:00,0.23133333,0.40711036
2010-11-25 13:30:00,2010-11-25 23:30:00,0.18306665,0.42304632
2010-11-25 13:30:00,2010-11-25 23:45:00,0.18919998,0.40548804
2010-11-25 13:30:00,2010-11-26 00:00:00,0.19199994,0.32637513
2010-11-25 13:30:00,2010-11-26 00:15:00,0.22466666,0.30286494
2010-11-25 13:30:00,2010-11-26 00:30:00,0.37253332,0.30182242
2010-11-25 13:30:00,2010-11-26 00:45:00,0.4332,0.3289417
2010-11-25 13:30:00,2010-11-26 01:00:00,0.364,0.2988531
2010-11-25 13:30:00,2010-11-26 01:15:00,0.29279998,0.30963555
2010-11-25 13:30:00,2010-11-26 01:30:00,0.23013332,0.28630793
2010-11-25 13:30:00,2010-11-26 01:45:00,0.15,0.28806263
2010-11-25 13:30:00,2010-11-26 02:00:00,0.218,0.2761748
2010-11-25 13:30:00,2010-11-26 02:15:00,0.16026667,0.28129146
2010-11-25 13:30:00,2010-11-26 02:30:00,0.21999998,0.27320084
2010-11-25 13:30:00,2010-11-26 02:45:00,0.16173334,0.2886711
2010-11-25 13:30:00,2010-11-26 03:00:00,0.19933334,0.26826033
2010-11-25 13:30:00,2010-11-26 03:15:00,0.25893334,0.2697658
2010-11-25 13:30:00,2010-11-26 03:30:00,0.152,0.27768156
2010-11-25 13:30:00,2010-11-26 03:45:00,0.24733332,0.2867298
2010-11-25 13:30:00,2010-11-26 04:00:00,0.17426665,0.28132123
2010-11-25 13:30:00,2010-11-26 04:15:00,0.19359998,0.28328562
2010-11-25 13:30:00,2010-11-26 04:30:00,0.16853333,0.2821776
2010-11-25 13:30:00,2010-11-26 04:45:00,0.20573333,0.29611868
2010-11-25 13:30:00,2010-11-26 05:00:00,0.18773334,0.28919882
2010-11-25 13:30:00,2010-11-26 05:15:00,0.12333333,0.29282516
2010-11-25 13:30:00,2010-11-26 05:30:00,0.2836,0.3066484
2010-11-25 13:30:00,2010-11-26 05:45:00,0.12146667,0.29170054
2010-11-25 13:30:00,2010-11-26 06:00:00,0.18853334,0.3307723
2010-11-25 13:30:00,2010-11-26 06:15:00,0.22426668,0.32881704
2010-11-25 13:30:00,2010-11-26 06:30:00,0.9669333,0.3867324
2010-11-25 13:30:00,2010-11-26 06:45:00,0.27733332,0.4606049
2010-11-25 13:30:00,2010-11-26 07:00:00,0.23053332,0.5148536
2010-11-25 13:30:00,2010-11-26 07:15:00,0.43213332,0.4516699
2010-11-25 13:30:00,2010-11-26 07:30:00,0.2782666,0.49696437
2010-11-25 13:30:00,2010-11-26 07:45:00,0.26866665,0.5298949
2010-11-25 13:30:00,2010-11-26 08:00:00,0.29759997,0.5095835
2010-11-25 13:30:00,2010-11-26 08:15:00,0.426,0.43450716
2010-11-25 13:30:00,2010-11-26 08:30:00,0.59386665,0.43627262
2010-11-25 13:30:00,2010-11-26 08:45:00,0.43626663,0.39941078
2010-11-25 13:30:00,2010-11-26 09:00:00,0.56,0.4051078
2010-11-25 13:30:00,2010-11-26 09:15:00,0.85319996,0.38016227
2010-11-25 13:30:00,2010-11-26 09:30:00,0.70519996,0.41058588
2010-11-25 13:30:00,2010-11-26 09:45:00,0.52853334,0.3709725
2010-11-25 13:30:00,2010-11-26 10:00:00,0.38986665,0.35748762
2010-11-25 13:30:00,2010-11-26 10:15:00,0.46799996,0.3521275
2010-11-25 13:30:00,2010-11-26 10:30:00,0.34866667,0.3951539
2010-11-25 13:30:00,2010-11-26 10:45:00,0.43186665,0.33790472
2010-11-25 13:30:00,2010-11-26 11:00:00,0.40586662,0.3511372
2010-11-25 13:30:00,2010-11-26 11:15:00,0.36413333,0.3590814
2010-11-25 13:30:00,2010-11-26 11:30:00,0.7066667,0.3665218
2010-11-25 13:30:00,2010-11-26 11:45:00,0.57226664,0.3775165
2010-11-25 13:30:00,2010-11-26 12:00:00,0.72360003,0.43939745
2010-11-25 13:30:00,2010-11-26 12:15:00,0.8501333,0.37974766
2010-11-25 13:30:00,2010-11-26 12:30:00,0.5904,0.3901254
2010-11-25 13:30:00,2010-11-26 12:45:00,0.6594667,0.45078662
2010-11-25 13:30:00,2010-11-26 13:00:00,0.5970667,0.39557934
2010-11-25 13:30:00,2010-11-26 13:15:00,0.6545333,0.37869728
2010-11-25 13:45:00,2010-11-25 13:45:00,0.47093332,0.44297567
2010-11-25 13:45:00,2010-11-25 14:00:00,0.48746666,0.4424418
2010-11-25 13:45:00,2010-11-25 14:15:00,0.3624,0.45938516
2010-11-25 13:45:00,2010-11-25 14:30:00,0.22466666,0.40599844
2010-11-25 13:45:00,2010-11-25 14:45:00,0.20759998,0.4130278
2010-11-25 13:45:00,2010-11-25 15:00:00,0.13346663,0.40750247
2010-11-25 13:45:00,2010-11-25 15:15:00,0.24533334,0.4016426
2010-11-25 13:45:00,2010-11-25 15:30:00,0.18573333,0.39365962
2010-11-25 13:45:00,2010-11-25 15:45:00,0.17186667,0.40111098
2010-11-25 13:45:00,2010-11-25 16:00:00,0.2068,0.3911962
2010-11-25 13:45:00,2010-11-25 16:15:00,0.19160001,0.3799698
2010-11-25 13:45:00,2010-11-25 16:30:00,0.21613333,0.38799387
2010-11-25 13:45:00,2010-11-25 16:45:00,0.13426666,0.3993167
2010-11-25 13:45:00,2010-11-25 17:00:00,0.26146665,0.41890696
2010-11-25 13:45:00,2010-11-25 17:15:00,0.29333332,0.41737893
2010-11-25 13:45:00,2010-11-25 17:30:00,0.41079998,0.4397146
2010-11-25 13:45:00,2010-11-25 17:45:00,0.54693335,0.4249202
2010-11-25 13:45:00,2010-11-25 18:00:00,0.45559996,0.45985866
2010-11-25 13:45:00,2010-11-25 18:15:00,0.5201333,0.51513886
2010-11-25 13:45:00,2010-11-25 18:30:00,0.5048,0.46869892
2010-11-25 13:45:00,2010-11-25 18:45:00,0.5197333,0.4838464
2010-11-25 13:45:00,2010-11-25 19:00:00,0.49173334,0.52366006
2010-11-25 13:45:00,2010-11-25 19:15:00,0.45293334,0.5361273
2010-11-25 13:45:00,2010-11-25 19:30:00,0.9118666,0.59947616
2010-11-25 13:45:00,2010-11-25 19:45:00,0.8441333,0.5310059
2010-11-25 13:45:00,2010-11-25 20:00:00,0.998,0.6303324
2010-11-25 13:45:00,2010-11-25 20:15:00,0.68106663,0.57431763
2010-11-25 13:45:00,2010-11-25 20:30:00,1.4341334,0.5590871
2010-11-25 13:45:00,2010-11-25 20:45:00,1.578,0.5520642
2010-11-25 13:45:00,2010-11-25 21:00:00,1.2,0.5030326
2010-11-25 13:45:00,2010-11-25 21:15:00,1.3104,0.55200773
2010-11-25 13:45:00,2010-11-25 21:30:00,1.3174667,0.5584249
2010-11-25 13:45:00,2010-11-25 21:45:00,1.2810667,0.6078252
2010-11-25 13:45:00,2010-11-25 22:00:00,1.2472,0.5683943
2010-11-25 13:45:00,2010-11-25 22:15:00,1.1254667,0.55080837
2010-11-25 13:45:00,2010-11-25 22:30:00,0.576,0.5111618
2010-11-25 13:45:00,2010-11-25 22:45:00,0.23026666,0.4735103
2010-11-25 13:45:00,2010-11-25 23:00:00,0.26066667,0.41364256
2010-11-25 13:45:00,2010-11-25 23:15:00,0.23133333,0.40253213
2010-11-25 13:45:00,2010-11-25 23:30:00,0.18306665,0.40321577
2010-11-25 13:45:00,2010-11-25 23:45:00,0.18919998,0.42608446
2010-11-25 13:45:00,2010-11-26 00:00:00,0.19199994,0.30810592
2010-11-25 13:45:00,2010-11-26 00:15:00,0.22466666,0.32746693
2010-11-25 13:45:00,2010-11-26 00:30:00,0.37253332,0.3068926
2010-11-25 13:45:00,2010-11-26 00:45:00,0.4332,0.32054338
2010-11-25 13:45:00,2010-11-26 01:00:00,0.364,0.30304003
2010-11-25 13:45:00,2010-11-26 01:15:00,0.29279998,0.28984988
2010-11-25 13:45:00,2010-11-26 01:30:00,0.23013332,0.30634254
2010-11-25 13:45:00,2010-11-26 01:45:00,0.15,0.2921392
2010-11-25 13:45:00,2010-11-26 02:00:00,0.218,0.26874313
2010-11-25 13:45:00,2010-11-26 02:15:00,0.16026667,0.29647726
2010-11-25 13:45:00,2010-11-26 02:30:00,0.21999998,0.28127238
2010-11-25 13:45:00,2010-11-26 02:45:00,0.16173334,0.28051478
2010-11-25 13:45:00,2010-11-26 03:00:00,0.19933334,0.28952244
2010-11-25 13:45:00,2010-11-26 03:15:00,0.25893334,0.26850697
2010-11-25 13:45:00,2010-11-26 03:30:00,0.152,0.26323235
2010-11-25 13:45:00,2010-11-26 03:45:00,0.24733332,0.27701238
2010-11-25 13:45:00,2010-11-26 04:00:00,0.17426665,0.28509292
2010-11-25 13:45:00,2010-11-26 04:15:00,0.19359998,0.28269807
2010-11-25 13:45:00,2010-11-26 04:30:00,0.16853333,0.28296635
2010-11-25 13:45:00,2010-11-26 04:45:00,0.20573333,0.28821412
2010-11-25 13:45:00,2010-11-26 05:00:00,0.18773334,0.27500778
2010-11-25 13:45:00,2010-11-26 05:15:00,0.12333333,0.2945455
2010-11-25 13:45:00,2010-11-26 05:30:00,0.2836,0.30749908
2010-11-25 13:45:00,2010-11-26 05:45:00,0.12146667,0.29249176
2010-11-25 13:45:00,2010-11-26 06:00:00,0.18853334,0.3440655
2010-11-25 13:45:00,2010-11-26 06:15:00,0.22426668,0.34555352
2010-11-25 13:45:00,2010-11-26 06:30:00,0.9669333,0.38344446
2010-11-25 13:45:00,2010-11-26 06:45:00,0.27733332,0.46325904
2010-11-25 13:45:00,2010-11-26 07:00:00,0.23053332,0.52498543
2010-11-25 13:45:00,2010-11-26 07:15:00,0.43213332,0.48208416
2010-11-25 13:45:00,2010-11-26 07:30:00,0.2782666,0.49389628
2010-11-25 13:45:00,2010-11-26 07:45:00,0.26866665,0.55792713
2010-11-25 13:45:00,2010-11-26 08:00:00,0.29759997,0.4925539
2010-11-25 13:45:00,2010-11-26 08:15:00,0.426,0.4323521
2010-11-25 13:45:00,2010-11-26 08:30:00,0.59386665,0.4802035
2010-11-25 13:45:00,2010-11-26 08:45:00,0.43626663,0.41082954
2010-11-25 13:45:00,2010-11-26 09:00:00,0.56,0.38726315
2010-11-25 13:45:00,2010-11-26 09:15:00,0.85319996,0.39225057
2010-11-25 13:45:00,2010-11-26 09:30:00,0.70519996,0.39560306
2010-11-25 13:45:00,2010-11-26 09:45:00,0.52853334,0.37839592
2010-11-25 13:45:00,2010-11-26 10:00:00,0.38986665,0.36396047
2010-11-25 13:45:00,2010-11-26 10:15:00,0.46799996,0.3672473
2010-11-25 13:45:00,2010-11-26 10:30:00,0.34866667,0.4159194
2010-11-25 13:45:00,2010-11-26 10:45:00,0.43186665,0.36619604
2010-11-25 13:45:00,2010-11-26 11:00:00,0.40586662,0.34858724
2010-11-25 13:45:00,2010-11-26 11:15:00,0.36413333,0.3509611
2010-11-25 13:45:00,2010-11-26 11:30:00,0.7066667,0.3640129
2010-11-25 13:45:00,2010-11-26 11:45:00,0.57226664,0.39171198
2010-11-25 13:45:00,2010-11-26 12:00:00,0.72360003,0.43161914
2010-11-25 13:45:00,2010-11-26 12:15:00,0.8501333,0.38558957
2010-11-25 13:45:00,2010-11-26 12:30:00,0.5904,0.3869493
2010-11-25 13:45:00,2010-11-26 12:45:00,0.6594667,0.42532316
2010-11-25 13:45:00,2010-11-26 13:00:00,0.5970667,0.40906835
2010-11-25 13:45:00,2010-11-26 13:15:00,0.6545333,0.39174354
2010-11-25 13:45:00,2010-11-26 13:30:00,0.65999997,0.39580914
2010-11-25 14:00:00,2010-11-25 14:00:00,0.48746666,0.4354298
2010-11-25 14:00:00,2010-11-25 14:15:00,0.3624,0.4286068
2010-11-25 14:00:00,2010-11-25 14:30:00,0.22466666,0.43624502
2010-11-25 14:00:00,2010-11-25 14:45:00,0.20759998,0.4158057
2010-11-25 14:00:00,2010-11-25 15:00:00,0.13346663,0.41225693
2010-11-25 14:00:00,2010-11-25 15:15:00,0.24533334,0.4116368
2010-11-25 14:00:00,2010-11-25 15:30:00,0.18573333,0.39877287
2010-11-25 14:00:00,2010-11-25 15:45:00,0.17186667,0.39419168
2010-11-25 14:00:00,2010-11-25 16:00:00,0.2068,0.4219369
2010-11-25 14:00:00,2010-11-25 16:15:00,0.19160001,0.39825
2010-11-25 14:00:00,2010-11-25 16:30:00,0.21613333,0.4172807
2010-11-25 14:00:00,2010-11-25 16:45:00,0.13426666,0.41219142
2010-11-25 14:00:00,2010-11-25 17:00:00,0.26146665,0.4386422
2010-11-25 14:00:00,2010-11-25 17:15:00,0.29333332,0.43888286
2010-11-25 14:00:00,2010-11-25 17:30:00,0.41079998,0.43866697
2010-11-25 14:00:00,2010-11-25 17:45:00,0.54693335,0.45590186
2010-11-25 14:00:00,2010-11-25 18:00:00,0.45559996,0.4510282
2010-11-25 14:00:00,2010-11-25 18:15:00,0.5201333,0.48678538
2010-11-25 14:00:00,2010-11-25 18:30:00,0.5048,0.48529616
2010-11-25 14:00:00,2010-11-25 18:45:00,0.5197333,0.47025228
2010-11-25 14:00:00,2010-11-25 19:00:00,0.49173334,0.55624634
2010-11-25 14:00:00,2010-11-25 19:15:00,0.45293334,0.51317936
2010-11-25 14:00:00,2010-11-25 19:30:00,0.9118666,0.6161062
2010-11-25 14:00:00,2010-11-25 19:45:00,0.8441333,0.56407917
2010-11-25 14:00:00,2010-11-25 20:00:00,0.998,0.59341216
2010-11-25 14:00:00,2010-11-25 20:15:00,0.68106663,0.59025854
2010-11-25 14:00:00,2010-11-25 20:30:00,1.4341334,0.5230389
2010-11-25 14:00:00,2010-11-25 20:45:00,1.578,0.5558726
2010-11-25 14:00:00,2010-11-25 21:00:00,1.2,0.5297897
2010-11-25 14:00:00,2010-11-25 21:15:00,1.3104,0.54076934
2010-11-25 14:00:00,2010-11-25 21:30:00,1.3174667,0.57623184
2010-11-25 14:00:00,2010-11-25 21:45:00,1.2810667,0.5850683
2010-11-25 14:00:00,2010-11-25 22:00:00,1.2472,0.5661308
2010-11-25 14:00:00,2010-11-25 22:15:00,1.1254667,0.5787755
2010-11-25 14:00:00,2010-11-25 22:30:00,0.576,0.51252556
2010-11-25 14:00:00,2010-11-25 22:45:00,0.23026666,0.46335846
2010-11-25 14:00:00,2010-11-25 23:00:00,0.26066667,0.43500966
2010-11-25 14:00:00,2010-11-25 23:15:00,0.23133333,0.40246925
2010-11-25 14:00:00,2010-11-25 23:30:00,0.18306665,0.39442503
2010-11-25 14:00:00,2010-11-25 23:45:00,0.18919998,0.40693143
2010-11-25 14:00:00,2010-11-26 00:00:00,0.19199994,0.32427785
2010-11-25 14:00:00,2010-11-26 00:15:00,0.22466666,0.32031715
2010-11-25 14:00:00,2010-11-26 00:30:00,0.37253332,0.29714072
2010-11-25 14:00:00,2010-11-26 00:45:00,0.4332,0.31820711
2010-11-25 14:00:00,2010-11-26 01:00:00,0.364,0.30605152
2010-11-25 14:00:00,2010-11-26 01:15:00,0.29279998,0.31923303
2010-11-25 14:00:00,2010-11-26 01:30:00,0.23013332,0.29184636
2010-11-25 14:00:00,2010-11-26 01:45:00,0.15,0.30183688
2010-11-25 14:00:00,2010-11-26 02:00:00,0.218,0.29368204
2010-11-25 14:00:00,2010-11-26 02:15:00,0.16026667,0.28487706
2010-11-25 14:00:00,2010-11-26 02:30:00,0.21999998,0.27767506
2010-11-25 14:00:00,2010-11-26 02:45:00,0.16173334,0.27282146
2010-11-25 14:00:00,2010-11-26 03:00:00,0.19933334,0.2789555
2010-11-25 14:00:00,2010-11-26 03:15:00,0.25893334,0.2823308
2010-11-25 14:00:00,2010-11-26 03:30:00,0.152,0.28075704
2010-11-25 14:00:00,2010-11-26 03:45:00,0.24733332,0.2767136
2010-11-25 14:00:00,2010-11-26 04:00:00,0.17426665,0.2840985
2010-11-25 14:00:00,2010-11-26 04:15:00,0.19359998,0.2869296
2010-11-25 14:00:00,2010-11-26 04:30:00,0.16853333,0.28179675
2010-11-25 14:00:00,2010-11-26 04:45:00,0.20573333,0.2904386
2010-11-25 14:00:00,2010-11-26 05:00:00,0.18773334,0.29562628
2010-11-25 14:00:00,2010-11-26 05:15:00,0.12333333,0.2943267
2010-11-25 14:00:00,2010-11-26 05:30:00,0.2836,0.30069044
2010-11-25 14:00:00,2010-11-26 05:45:00,0.12146667,0.30312198
2010-11-25 14:00:00,2010-11-26 06:00:00,0.18853334,0.3412149
2010-11-25 14:00:00,2010-11-26 06:15:00,0.22426668,0.33326858
2010-11-25 14:00:00,2010-11-26 06:30:00,0.9669333,0.39472747
2010-11-25 14:00:00,2010-11-26 06:45:00,0.27733332,0.4477129
2010-11-25 14:00:00,2010-11-26 07:00:00,0.23053332,0.5536211
2010-11-25 14:00:00,2010-11-26 07:15:00,0.43213332,0.46805415
2010-11-25 14:00:00,2010-11-26 07:30:00,0.2782666,0.47201216
2010-11-25 14:00:00,2010-11-26 07:45:00,0.26866665,0.5491949
2010-11-25 14:00:00,2010-11-26 08:00:00,0.29759997,0.5266343
2010-11-25 14:00:00,2010-11-26 08:15:00,0.426,0.42191264
2010-11-25 14:00:00,2010-11-26 08:30:00,0.59386665,0.46234962
2010-11-25 14:00:00,2010-11-26 08:45:00,0.43626663,0.41546053
2010-11-25 14:00:00,2010-11-26 09:00:00,0.56,0.38359386
2010-11-25 14:00:00,2010-11-26 09:15:00,0.85319996,0.38889998
2010-11-25 14:00:00,2010-11-26 09:30:00,0.70519996,0.40592936
2010-11-25 14:00:00,2010-11-26 09:45:00,0.52853334,0.37474114
2010-11-25 14:00:00,2010-11-26 10:00:00,0.38986665,0.36809403
2010-11-25 14:00:00,2010-11-26 10:15:00,0.46799996,0.3625403
2010-11-25 14:00:00,2010-11-26 10:30:00,0.34866667,0.40419024
2010-11-25 14:00:00,2010-11-26 10:45:00,0.43186665,0.35061315
2010-11-25 14:00:00,2010-11-26 11:00:00,0.40586662,0.35317704
2010-11-25 14:00:00,2010-11-26 11:15:00,0.36413333,0.37654045
2010-11-25 14:00:00,2010-11-26 11:30:00,0.7066667,0.37062478
2010-11-25 14:00:00,2010-11-26 11:45:00,0.57226664,0.37187028
2010-11-25 14:00:00,2010-11-26 12:00:00,0.72360003,0.42267093
2010-11-25 14:00:00,2010-11-26 12:15:00,0.8501333,0.39130968
2010-11-25 14:00:00,2010-11-26 12:30:00,0.5904,0.39453602
2010-11-25 14:00:00,2010-11-26 12:45:00,0.6594667,0.44395754
2010-11-25 14:00:00,2010-11-26 13:00:00,0.5970667,0.40075675
2010-11-25 14:00:00,2010-11-26 13:15:00,0.6545333,0.40501618
2010-11-25 14:00:00,2010-11-26 13:30:00,0.65999997,0.40918645
2010-11-25 14:00:00,2010-11-26 13:45:00,0.9477333,0.38385314
2010-11-25 14:15:00,2010-11-25 14:15:00,0.3624,0.46031368
2010-11-25 14:15:00,2010-11-25 14:30:00,0.22466666,0.42642
2010-11-25 14:15:00,2010-11-25 14:45:00,0.20759998,0.40656263
2010-11-25 14:15:00,2010-11-25 15:00:00,0.13346663,0.39550406
2010-11-25 14:15:00,2010-11-25 15:15:00,0.24533334,0.42136258
2010-11-25 14:15:00,2010-11-25 15:30:00,0.18573333,0.40639806
2010-11-25 14:15:00,2010-11-25 15:45:00,0.17186667,0.41624022
2010-11-25 14:15:00,2010-11-25 16:00:00,0.2068,0.43608636
2010-11-25 14:15:00,2010-11-25 16:15:00,0.19160001,0.41445848
2010-11-25 14:15:00,2010-11-25 16:30:00,0.21613333,0.439069
2010-11-25 14:15:00,2010-11-25 16:45:00,0.13426666,0.44691303
2010-11-25 14:15:00,2010-11-25 17:00:00,0.26146665,0.42782643
2010-11-25 14:15:00,2010-11-25 17:15:00,0.29333332,0.44698668
2010-11-25 14:15:00,2010-11-25 17:30:00,0.41079998,0.45244628
2010-11-25 14:15:00,2010-11-25 17:45:00,0.54693335,0.42784
2010-11-25 14:15:00,2010-11-25 18:00:00,0.45559996,0.48606983
2010-11-25 14:15:00,2010-11-25 18:15:00,0.5201333,0.486161
2010-11-25 14:15:00,2010-11-25 18:30:00,0.5048,0.4835083
2010-11-25 14:15:00,2010-11-25 18:45:00,0.5197333,0.5139771
2010-11-25 14:15:00,2010-11-25 19:00:00,0.49173334,0.5383102
2010-11-25 14:15:00,2010-11-25 19:15:00,0.45293334,0.55120164
2010-11-25 14:15:00,2010-11-25 19:30:00,0.9118666,0.61915696
2010-11-25 14:15:00,2010-11-25 19:45:00,0.8441333,0.5213138
2010-11-25 14:15:00,2010-11-25 20:00:00,0.998,0.6500697
2010-11-25 14:15:00,2010-11-25 20:15:00,0.68106663,0.5695772
2010-11-25 14:15:00,2010-11-25 20:30:00,1.4341334,0.5543504
2010-11-25 14:15:00,2010-11-25 20:45:00,1.578,0.536254
2010-11-25 14:15:00,2010-11-25 21:00:00,1.2,0.5430042
2010-11-25 14:15:00,2010-11-25 21:15:00,1.3104,0.5594059
2010-11-25 14:15:00,2010-11-25 21:30:00,1.3174667,0.59447277
2010-11-25 14:15:00,2010-11-25 21:45:00,1.2810667,0.5787428
2010-11-25 14:15:00,2010-11-25 22:00:00,1.2472,0.5669263
2010-11-25 14:15:00,2010-11-25 22:15:00,1.1254667,0.5536835
2010-11-25 14:15:00,2010-11-25 22:30:00,0.576,0.5149221
2010-11-25 14:15:00,2010-11-25 22:45:00,0.23026666,0.45047426
2010-11-25 14:15:00,2010-11-25 23:00:00,0.26066667,0.43425465
2010-11-25 14:15:00,2010-11-25 23:15:00,0.23133333,0.4243805
2010-11-25 14:15:00,2010-11-25 23:30:00,0.18306665,0.4038033
2010-11-25 14:15:00,2010-11-25 23:45:00,0.18919998,0.39602128
2010-11-25 14:15:00,2010-11-26 00:00:00,0.19199994,0.32649177
2010-11-25 14:15:00,2010-11-26 00:15:00,0.22466666,0.314494
2010-11-25 14:15:00,2010-11-26 00:30:00,0.37253332,0.31705168
2010-11-25 14:15:00,2010-11-26 00:45:00,0.4332,0.32212886
2010-11-25 14:15:00,2010-11-26 01:00:00,0.364,0.30815038
2010-11-25 14:15:00,2010-11-26 01:15:00,0.29279998,0.30749887
2010-11-25 14:15:00,2010-11-26 01:30:00,0.23013332,0.3072963
2010-11-25 14:15:00,2010-11-26 01:45:00,0.15,0.29921857
2010-11-25 14:15:00,2010-11-26 02:00:00,0.218,0.2992434
2010-11-25 14:15:00,2010-11-26 02:15:00,0.16026667,0.2879401
2010-11-25 14:15:00,2010-11-26 02:30:00,0.21999998,0.27854586
2010-11-25 14:15:00,2010-11-26 02:45:00,0.16173334,0.30159158
2010-11-25 14:15:00,2010-11-26 03:00:00,0.19933334,0.29167017
2010-11-25 14:15:00,2010-11-26 03:15:00,0.25893334,0.2858835
2010-11-25 14:15:00,2010-11-26 03:30:00,0.152,0.28855184
2010-11-25 14:15:00,2010-11-26 03:45:00,0.24733332,0.27506676
2010-11-25 14:15:00,2010-11-26 04:00:00,0.17426665,0.28471887
2010-11-25 14:15:00,2010-11-26 04:15:00,0.19359998,0.2897639
2010-11-25 14:15:00,2010-11-26 04:30:00,0.16853333,0.29768533
2010-11-25 14:15:00,2010-11-26 04:45:00,0.20573333,0.29124013
2010-11-25 14:15:00,2010-11-26 05:00:00,0.18773334,0.289969
2010-11-25 14:15:00,2010-11-26 05:15:00,0.12333333,0.2859477
2010-11-25 14:15:00,2010-11-26 05:30:00,0.2836,0.3022109
2010-11-25 14:15:00,2010-11-26 05:45:00,0.12146667,0.29227838
2010-11-25 14:15:00,2010-11-26 06:00:00,0.18853334,0.32825977
2010-11-25 14:15:00,2010-11-26 06:15:00,0.22426668,0.32884192
2010-11-25 14:15:00,2010-11-26 06:30:00,0.9669333,0.36987165
2010-11-25 14:15:00,2010-11-26 06:45:00,0.27733332,0.4592944
2010-11-25 14:15:00,2010-11-26 07:00:00,0.23053332,0.51040655
2010-11-25 14:15:00,2010-11-26 07:15:00,0.43213332,0.46876055
2010-11-25 14:15:00,2010-11-26 07:30:00,0.2782666,0.49789235
2010-11-25 14:15:00,2010-11-26 07:45:00,0.26866665,0.52433676
2010-11-25 14:15:00,2010-11-26 08:00:00,0.29759997,0.50950277
2010-11-25 14:15:00,2010-11-26 08:15:00,0.426,0.42422032
2010-11-25 14:15:00,2010-11-26 08:30:00,0.59386665,0.44926107
2010-11-25 14:15:00,2010-11-26 08:45:00,0.43626663,0.4246789
2010-11-25 14:15:00,2010-11-26 09:00:00,0.56,0.39581597
2010-11-25 14:15:00,2010-11-26 09:15:00,0.85319996,0.3926573
2010-11-25 14:15:00,2010-11-26 09:30:00,0.70519996,0.3998209
2010-11-25 14:15:00,2010-11-26 09:45:00,0.52853334,0.36001667
2010-11-25 14:15:00,2010-11-26 10:00:00,0.38986665,0.36258438
2010-11-25 14:15:00,2010-11-26 10:15:00,0.46799996,0.3579996
2010-11-25 14:15:00,2010-11-26 10:30:00,0.34866667,0.39241746
2010-11-25 14:15:00,2010-11-26 10:45:00,0.43186665,0.369123
2010-11-25 14:15:00,2010-11-26 11:00:00,0.40586662,0.34308186
2010-11-25 14:15:00,2010-11-26 11:15:00,0.36413333,0.35830018
2010-11-25 14:15:00,2010-11-26 11:30:00,0.7066667,0.39941308
2010-11-25 14:15:00,2010-11-26 11:45:00,0.57226664,0.40009612
2010-11-25 14:15:00,2010-11-26 12:00:00,0.72360003,0.41570112
2010-11-25 14:15:00,2010-11-26 12:15:00,0.8501333,0.3858597
2010-11-25 14:15:00,2010-11-26 12:30:00,0.5904,0.40745747
2010-11-25 14:15:00,2010-11-26 12:45:00,0.6594667,0.42962083
2010-11-25 14:15:00,2010-11-26 13:00:00,0.5970667,0.4092372
2010-11-25 14:15:00,2010-11-26 13:15:00,0.6545333,0.38454634
2010-11-25 14:15:00,2010-11-26 13:30:00,0.65999997,0.38959113
2010-11-25 14:15:00,2010-11-26 13:45:00,0.9477333,0.38497287
2010-11-25 14:15:00,2010-11-26 14:00:00,0.98506665,0.4654549
2010-11-25 14:30:00,2010-11-25 14:30:00,0.22466666,0.4090084
2010-11-25 14:30:00,2010-11-25 14:45:00,0.20759998,0.39181703
2010-11-25 14:30:00,2010-11-25 15:00:00,0.13346663,0.41061518
2010-11-25 14:30:00,2010-11-25 15:15:00,0.24533334,0.380067
2010-11-25 14:30:00,2010-11-25 15:30:00,0.18573333,0.38962713
2010-11-25 14:30:00,2010-11-25 15:45:00,0.17186667,0.41244078
2010-11-25 14:30:00,2010-11-25 16:00:00,0.2068,0.43032527
2010-11-25 14:30:00,2010-11-25 16:15:00,0.19160001,0.40170878
2010-11-25 14:30:00,2010-11-25 16:30:00,0.21613333,0.42460063
2010-11-25 14:30:00,2010-11-25 16:45:00,0.13426666,0.43590814
2010-11-25 14:30:00,2010-11-25 17:00:00,0.26146665,0.43817374
2010-11-25 14:30:00,2010-11-25 17:15:00,0.29333332,0.45454577
2010-11-25 14:30:00,2010-11-25 17:30:00,0.41079998,0.4547015
2010-11-25 14:30:00,2010-11-25 17:45:00,0.54693335,0.4546897
2010-11-25 14:30:00,2010-11-25 18:00:00,0.45559996,0.4724219
2010-11-25 14:30:00,2010-11-25 18:15:00,0.5201333,0.5291649
2010-11-25 14:30:00,2010-11-25 18:30:00,0.5048,0.4749574
2010-11-25 14:30:00,2010-11-25 18:45:00,0.5197333,0.49533013
2010-11-25 14:30:00,2010-11-25 19:00:00,0.49173334,0.55133224
2010-11-25 14:30:00,2010-11-25 19:15:00,0.45293334,0.5410833
2010-11-25 14:30:00,2010-11-25 19:30:00,0.9118666,0.625057
2010-11-25 14:30:00,2010-11-25 19:45:00,0.8441333,0.5341779
2010-11-25 14:30:00,2010-11-25 20:00:00,0.998,0.6339381
2010-11-25 14:30:00,2010-11-25 20:15:00,0.68106663,0.62464833
2010-11-25 14:30:00,2010-11-25 20:30:00,1.4341334,0.52602506
2010-11-25 14:30:00,2010-11-25 20:45:00,1.578,0.56535554
2010-11-25 14:30:00,2010-11-25 21:00:00,1.2,0.52435446
2010-11-25 14:30:00,2010-11-25 21:15:00,1.3104,0.586044
2010-11-25 14:30:00,2010-11-25 21:30:00,1.3174667,0.59471464
2010-11-25 14:30:00,2010-11-25 21:45:00,1.2810667,0.568418
2010-11-25 14:30:00,2010-11-25 22:00:00,1.2472,0.55282444
2010-11-25 14:30:00,2010-11-25 22:15:00,1.1254667,0.55781156
2010-11-25 14:30:00,2010-11-25 22:30:00,0.576,0.5080684
2010-11-25 14:30:00,2010-11-25 22:45:00,0.23026666,0.45616737
2010-11-25 14:30:00,2010-11-25 23:00:00,0.26066667,0.41875175
2010-11-25 14:30:00,2010-11-25 23:15:00,0.23133333,0.43168995
2010-11-25 14:30:00,2010-11-25 23:30:00,0.18306665,0.4478717
2010-11-25 14:30:00,2010-11-25 23:45:00,0.18919998,0.4091417
2010-11-25 14:30:00,2010-11-26 00:00:00,0.19199994,0.32810315
2010-11-25 14:30:00,2010-11-26 00:15:00,0.22466666,0.3192663
2010-11-25 14:30:00,2010-11-26 00:30:00,0.37253332,0.30621716
2010-11-25 14:30:00,2010-11-26 00:45:00,0.4332,0.31315538
2010-11-25 14:30:00,2010-11-26 01:00:00,0.364,0.31818384
2010-11-25 14:30:00,2010-11-26 01:15:00,0.29279998,0.28839356
2010-11-25 14:30:00,2010-11-26 01:30:00,0.23013332,0.29095775
2010-11-25 14:30:00,2010-11-26 01:45:00,0.15,0.3079614
2010-11-25 14:30:00,2010-11-26 02:00:00,0.218,0.28775173
2010-11-25 14:30:00,2010-11-26 02:15:00,0.16026667,0.29981995
2010-11-25 14:30:00,2010-11-26 02:30:00,0.21999998,0.2916831
2010-11-25 14:30:00,2010-11-26 02:45:00,0.16173334,0.28305483
2010-11-25 14:30:00,2010-11-26 03:00:00,0.19933334,0.2896701
2010-11-25 14:30:00,2010-11-26 03:15:00,0.25893334,0.28445503
2010-11-25 14:30:00,2010-11-26 03:30:00,0.152,0.2909585
2010-11-25 14:30:00,2010-11-26 03:45:00,0.24733332,0.29501027
2010-11-25 14:30:00,2010-11-26 04:00:00,0.17426665,0.28483734
2010-11-25 14:30:00,2010-11-26 04:15:00,0.19359998,0.288233
2010-11-25 14:30:00,2010-11-26 04:30:00,0.16853333,0.29141974
2010-11-25 14:30:00,2010-11-26 04:45:00,0.20573333,0.29583213
2010-11-25 14:30:00,2010-11-26 05:00:00,0.18773334,0.29792726
2010-11-25 14:30:00,2010-11-26 05:15:00,0.12333333,0.3062961
2010-11-25 14:30:00,2010-11-26 05:30:00,0.2836,0.2981442
2010-11-25 14:30:00,2010-11-26 05:45:00,0.12146667,0.29647097
2010-11-25 14:30:00,2010-11-26 06:00:00,0.18853334,0.32580963
2010-11-25 14:30:00,2010-11-26 06:15:00,0.22426668,0.3695752
2010-11-25 14:30:00,2010-11-26 06:30:00,0.9669333,0.37991405
2010-11-25 14:30:00,2010-11-26 06:45:00,0.27733332,0.45687002
2010-11-25 14:30:00,2010-11-26 07:00:00,0.23053332,0.51577294
2010-11-25 14:30:00,2010-11-26 07:15:00,0.43213332,0.4628313
2010-11-25 14:30:00,2010-11-26 07:30:00,0.2782666,0.49881908
2010-11-25 14:30:00,2010-11-26 07:45:00,0.26866665,0.52771187
2010-11-25 14:30:00,2010-11-26 08:00:00,0.29759997,0.49433267
2010-11-25 14:30:00,2010-11-26 08:15:00,0.426,0.45647725
2010-11-25 14:30:00,2010-11-26 08:30:00,0.59386665,0.4524233
2010-11-25 14:30:00,2010-11-26 08:45:00,0.43626663,0.40330437
2010-11-25 14:30:00,2010-11-26 09:00:00,0.56,0.38679615
2010-11-25 14:30:00,2010-11-26 09:15:00,0.85319996,0.39501986
2010-11-25 14:30:00,2010-11-26 09:30:00,0.70519996,0.40119034
2010-11-25 14:30:00,2010-11-26 09:45:00,0.52853334,0.36004725
2010-11-25 14:30:00,2010-11-26 10:00:00,0.38986665,0.35921475
2010-11-25 14:30:00,2010-11-26 10:15:00,0.46799996,0.36861596
2010-11-25 14:30:00,2010-11-26 10:30:00,0.34866667,0.41166458
2010-11-25 14:30:00,2010-11-26 10:45:00,0.43186665,0.35860527
2010-11-25 14:30:00,2010-11-26 11:00:00,0.40586662,0.3457019
2010-11-25 14:30:00,2010-11-26 11:15:00,0.36413333,0.38239655
2010-11-25 14:30:00,2010-11-26 11:30:00,0.7066667,0.36817336
2010-11-25 14:30:00,2010-11-26 11:45:00,0.57226664,0.3880014
2010-11-25 14:30:00,2010-11-26 12:00:00,0.72360003,0.41773796
2010-11-25 14:30:00,2010-11-26 12:15:00,0.8501333,0.40732586
2010-11-25 14:30:00,2010-11-26 12:30:00,0.5904,0.40275288
2010-11-25 14:30:00,2010-11-26 12:45:00,0.6594667,0.4260705
2010-11-25 14:30:00,2010-11-26 13:00:00,0.5970667,0.41289368
2010-11-25 14:30:00,2010-11-26 13:15:00,0.6545333,0.39537805
2010-11-25 14:30:00,2010-11-26 13:30:00,0.65999997,0.38902175
2010-11-25 14:30:00,2010-11-26 13:45:00,0.9477333,0.40084684
2010-11-25 14:30:00,2010-11-26 14:00:00,0.98506665,0.47388005
2010-11-25 14:30:00,2010-11-26 14:15:00,0.36786664,0.37916288
2010-11-25 14:45:00,2010-11-25 14:45:00,0.20759998,0.34780133
2010-11-25 14:45:00,2010-11-25 15:00:00,0.13346663,0.36460724
2010-11-25 14:45:00,2010-11-25 15:15:00,0.24533334,0.35758457
2010-11-25 14:45:00,2010-11-25 15:30:00,0.18573333,0.37511858
2010-11-25 14:45:00,2010-11-25 15:45:00,0.17186667,0.39224473
2010-11-25 14:45:00,2010-11-25 16:00:00,0.2068,0.3878058
2010-11-25 14:45:00,2010-11-25 16:15:00,0.19160001,0.37589583
2010-11-25 14:45:00,2010-11-25 16:30:00,0.21613333,0.38859355
2010-11-25 14:45:00,2010-11-25 16:45:00,0.13426666,0.38709578
2010-11-25 14:45:00,2010-11-25 17:00:00,0.26146665,0.4165998
2010-11-25 14:45:00,2010-11-25 17:15:00,0.29333332,0.4148066
2010-11-25 14:45:00,2010-11-25 17:30:00,0.41079998,0.42376342
2010-11-25 14:45:00,2010-11-25 17:45:00,0.54693335,0.42410088
2010-11-25 14:45:00,2010-11-25 18:00:00,0.45559996,0.45198178
2010-11-25 14:45:00,2010-11-25 18:15:00,0.5201333,0.5162378
2010-11-25 14:45:00,2010-11-25 18:30:00,0.5048,0.49211255
2010-11-25 14:45:00,2010-11-25 18:45:00,0.5197333,0.48639
2010-11-25 14:45:00,2010-11-25 19:00:00,0.49173334,0.54205054
2010-11-25 14:45:00,2010-11-25 19:15:00,0.45293334,0.5406546
2010-11-25 14:45:00,2010-11-25 19:30:00,0.9118666,0.59300876
2010-11-25 14:45:00,2010-11-25 19:45:00,0.8441333,0.5369859
2010-11-25 14:45:00,2010-11-25 20:00:00,0.998,0.6035882
2010-11-25 14:45:00,2010-11-25 20:15:00,0.68106663,0.595912
2010-11-25 14:45:00,2010-11-25 20:30:00,1.4341334,0.5314591
2010-11-25 14:45:00,2010-11-25 20:45:00,1.578,0.5488975
2010-11-25 14:45:00,2010-11-25 21:00:00,1.2,0.5315283
2010-11-25 14:45:00,2010-11-25 21:15:00,1.3104,0.54493886
2010-11-25 14:45:00,2010-11-25 21:30:00,1.3174667,0.6497175
2010-11-25 14:45:00,2010-11-25 21:45:00,1.2810667,0.590447
2010-11-25 14:45:00,2010-11-25 22:00:00,1.2472,0.5645832
2010-11-25 14:45:00,2010-11-25 22:15:00,1.1254667,0.55161905
2010-11-25 14:45:00,2010-11-25 22:30:00,0.576,0.48949575
2010-11-25 14:45:00,2010-11-25 22:45:00,0.23026666,0.451902
2010-11-25 14:45:00,2010-11-25 23:00:00,0.26066667,0.40926385
2010-11-25 14:45:00,2010-11-25 23:15:00,0.23133333,0.4228972
2010-11-25 14:45:00,2010-11-25 23:30:00,0.18306665,0.4276747
2010-11-25 14:45:00,2010-11-25 23:45:00,0.18919998,0.43086743
2010-11-25 14:45:00,2010-11-26 00:00:00,0.19199994,0.31509358
2010-11-25 14:45:00,2010-11-26 00:15:00,0.22466666,0.3233086
2010-11-25 14:45:00,2010-11-26 00:30:00,0.37253332,0.3027679
2010-11-25 14:45:00,2010-11-26 00:45:00,0.4332,0.33692986
2010-11-25 14:45:00,2010-11-26 01:00:00,0.364,0.31400004
2010-11-25 14:45:00,2010-11-26 01:15:00,0.29279998,0.30034524
2010-11-25 14:45:00,2010-11-26 01:30:00,0.23013332,0.288471
2010-11-25 14:45:00,2010-11-26 01:45:00,0.15,0.2982316
2010-11-25 14:45:00,2010-11-26 02:00:00,0.218,0.2878715
2010-11-25 14:45:00,2010-11-26 02:15:00,0.16026667,0.2831178
2010-11-25 14:45:00,2010-11-26 02:30:00,0.21999998,0.28559506
2010-11-25 14:45:00,2010-11-26 02:45:00,0.16173334,0.27688777
2010-11-25 14:45:00,2010-11-26 03:00:00,0.19933334,0.2896127
2010-11-25 14:45:00,2010-11-26 03:15:00,0.25893334,0.28325415
2010-11-25 14:45:00,2010-11-26 03:30:00,0.152,0.28370488
2010-11-25 14:45:00,2010-11-26 03:45:00,0.24733332,0.28426644
2010-11-25 14:45:00,2010-11-26 04:00:00,0.17426665,0.29717055
2010-11-25 14:45:00,2010-11-26 04:15:00,0.19359998,0.27333063
2010-11-25 14:45:00,2010-11-26 04:30:00,0.16853333,0.2825122
2010-11-25 14:45:00,2010-11-26 04:45:00,0.20573333,0.29998136
2010-11-25 14:45:00,2010-11-26 05:00:00,0.18773334,0.3003987
2010-11-25 14:45:00,2010-11-26 05:15:00,0.12333333,0.3003049
2010-11-25 14:45:00,2010-11-26 05:30:00,0.2836,0.29222855
2010-11-25 14:45:00,2010-11-26 05:45:00,0.12146667,0.2851275
2010-11-25 14:45:00,2010-11-26 06:00:00,0.18853334,0.33650634
2010-11-25 14:45:00,2010-11-26 06:15:00,0.22426668,0.33765227
2010-11-25 14:45:00,2010-11-26 06:30:00,0.9669333,0.38645196
2010-11-25 14:45:00,2010-11-26 06:45:00,0.27733332,0.48357707
2010-11-25 14:45:00,2010-11-26 07:00:00,0.23053332,0.5152484
2010-11-25 14:45:00,2010-11-26 07:15:00,0.43213332,0.46276382
2010-11-25 14:45:00,2010-11-26 07:30:00,0.2782666,0.4662806
2010-11-25 14:45:00,2010-11-26 07:45:00,0.26866665,0.5550456
2010-11-25 14:45:00,2010-11-26 08:00:00,0.29759997,0.5132431
2010-11-25 14:45:00,2010-11-26 08:15:00,0.426,0.42229912
2010-11-25 14:45:00,2010-11-26 08:30:00,0.59386665,0.48778746
2010-11-25 14:45:00,2010-11-26 08:45:00,0.43626663,0.42845502
2010-11-25 14:45:00,2010-11-26 09:00:00,0.56,0.39424562
2010-11-25 14:45:00,2010-11-26 09:15:00,0.85319996,0.3814928
2010-11-25 14:45:00,2010-11-26 09:30:00,0.70519996,0.41172117
2010-11-25 14:45:00,2010-11-26 09:45:00,0.52853334,0.37632883
2010-11-25 14:45:00,2010-11-26 10:00:00,0.38986665,0.3602668
2010-11-25 14:45:00,2010-11-26 10:15:00,0.46799996,0.35799128
2010-11-25 14:45:00,2010-11-26 10:30:00,0.34866667,0.40570223
2010-11-25 14:45:00,2010-11-26 10:45:00,0.43186665,0.36459845
2010-11-25 14:45:00,2010-11-26 11:00:00,0.40586662,0.36179322
2010-11-25 14:45:00,2010-11-26 11:15:00,0.36413333,0.37546977
2010-11-25 14:45:00,2010-11-26 11:30:00,0.7066667,0.3870811
2010-11-25 14:45:00,2010-11-26 11:45:00,0.57226664,0.41262838
2010-11-25 14:45:00,2010-11-26 12:00:00,0.72360003,0.40510908
2010-11-25 14:45:00,2010-11-26 12:15:00,0.8501333,0.38049275
2010-11-25 14:45:00,2010-11-26 12:30:00,0.5904,0.3907942
2010-11-25 14:45:00,2010-11-26 12:45:00,0.6594667,0.44594467
2010-11-25 14:45:00,2010-11-26 13:00:00,0.5970667,0.41319463
2010-11-25 14:45:00,2010-11-26 13:15:00,0.6545333,0.41271064
2010-11-25 14:45:00,2010-11-26 13:30:00,0.65999997,0.38470438
2010-11-25 14:45:00,2010-11-26 13:45:00,0.9477333,0.37910807
2010-11-25 14:45:00,2010-11-26 14:00:00,0.98506665,0.44512758
2010-11-25 14:45:00,2010-11-26 14:15:00,0.36786664,0.37267795
2010-11-25 14:45:00,2010-11-26 14:30:00,0.17626664,0.36558193
2010-11-25 15:00:00,2010-11-25 15:00:00,0.13346663,0.33638766
2010-11-25 15:00:00,2010-11-25 15:15:00,0.24533334,0.32940656
2010-11-25 15:00:00,2010-11-25 15:30:00,0.18573333,0.341149
2010-11-25 15:00:00,2010-11-25 15:45:00,0.17186667,0.35436812
2010-11-25 15:00:00,2010-11-25 16:00:00,0.2068,0.3689973
2010-11-25 15:00:00,2010-11-25 16:15:00,0.19160001,0.35317302
2010-11-25 15:00:00,2010-11-25 16:30:00,0.21613333,0.35162216
2010-11-25 15:00:00,2010-11-25 16:45:00,0.13426666,0.3663479
2010-11-25 15:00:00,2010-11-25 17:00:00,0.26146665,0.37289596
2010-11-25 15:00:00,2010-11-25 17:15:00,0.29333332,0.39553654
2010-11-25 15:00:00,2010-11-25 17:30:00,0.41079998,0.41064823
2010-11-25 15:00:00,2010-11-25 17:45:00,0.54693335,0.4024342
2010-11-25 15:00:00,2010-11-25 18:00:00,0.45559996,0.41536215
2010-11-25 15:00:00,2010-11-25 18:15:00,0.5201333,0.47986993
2010-11-25 15:00:00,2010-11-25 18:30:00,0.5048,0.48408517
2010-11-25 15:00:00,2010-11-25 18:45:00,0.5197333,0.47402734
2010-11-25 15:00:00,2010-11-25 19:00:00,0.49173334,0.52738214
2010-11-25 15:00:00,2010-11-25 19:15:00,0.45293334,0.5422547
2010-11-25 15:00:00,2010-11-25 19:30:00,0.9118666,0.55512446
2010-11-25 15:00:00,2010-11-25 19:45:00,0.8441333,0.49619523
2010-11-25 15:00:00,2010-11-25 20:00:00,0.998,0.6174215
2010-11-25 15:00:00,2010-11-25 20:15:00,0.68106663,0.59641117
2010-11-25 15:00:00,2010-11-25 20:30:00,1.4341334,0.5337735
2010-11-25 15:00:00,2010-11-25 20:45:00,1.578,0.5423722
2010-11-25 15:00:00,2010-11-25 21:00:00,1.2,0.5323128
2010-11-25 15:00:00,2010-11-25 21:15:00,1.3104,0.554012
2010-11-25 15:00:00,2010-11-25 21:30:00,1.3174667,0.57584393
2010-11-25 15:00:00,2010-11-25 21:45:00,1.2810667,0.6085726
2010-11-25 15:00:00,2010-11-25 22:00:00,1.2472,0.5486885
2010-11-25 15:00:00,2010-11-25 22:15:00,1.1254667,0.53123444
2010-11-25 15:00:00,2010-11-25 22:30:00,0.576,0.4957452
2010-11-25 15:00:00,2010-11-25 22:45:00,0.23026666,0.45072818
2010-11-25 15:00:00,2010-11-25 23:00:00,0.26066667,0.42696095
2010-11-25 15:00:00,2010-11-25 23:15:00,0.23133333,0.41467008
2010-11-25 15:00:00,2010-11-25 23:30:00,0.18306665,0.39573443
2010-11-25 15:00:00,2010-11-25 23:45:00,0.18919998,0.42204186
2010-11-25 15:00:00,2010-11-26 00:00:00,0.19199994,0.32922876
2010-11-25 15:00:00,2010-11-26 00:15:00,0.22466666,0.3151791
2010-11-25 15:00:00,2010-11-26 00:30:00,0.37253332,0.317961
2010-11-25 15:00:00,2010-11-26 00:45:00,0.4332,0.32061365
2010-11-25 15:00:00,2010-11-26 01:00:00,0.364,0.32187757
2010-11-25 15:00:00,2010-11-26 01:15:00,0.29279998,0.2996468
2010-11-25 15:00:00,2010-11-26 01:30:00,0.23013332,0.2963282
2010-11-25 15:00:00,2010-11-26 01:45:00,0.15,0.29441965
2010-11-25 15:00:00,2010-11-26 02:00:00,0.218,0.27391714
2010-11-25 15:00:00,2010-11-26 02:15:00,0.16026667,0.28680557
2010-11-25 15:00:00,2010-11-26 02:30:00,0.21999998,0.26833978
2010-11-25 15:00:00,2010-11-26 02:45:00,0.16173334,0.2777384
2010-11-25 15:00:00,2010-11-26 03:00:00,0.19933334,0.28065392
2010-11-25 15:00:00,2010-11-26 03:15:00,0.25893334,0.28254262
2010-11-25 15:00:00,2010-11-26 03:30:00,0.152,0.28792223
2010-11-25 15:00:00,2010-11-26 03:45:00,0.24733332,0.2746741
2010-11-25 15:00:00,2010-11-26 04:00:00,0.17426665,0.2855499
2010-11-25 15:00:00,2010-11-26 04:15:00,0.19359998,0.27903798
2010-11-25 15:00:00,2010-11-26 04:30:00,0.16853333,0.28089854
2010-11-25 15:00:00,2010-11-26 04:45:00,0.20573333,0.28647277
2010-11-25 15:00:00,2010-11-26 05:00:00,0.18773334,0.2765915
2010-11-25 15:00:00,2010-11-26 05:15:00,0.12333333,0.3076432
2010-11-25 15:00:00,2010-11-26 05:30:00,0.2836,0.30785614
2010-11-25 15:00:00,2010-11-26 05:45:00,0.12146667,0.2928575
2010-11-25 15:00:00,2010-11-26 06:00:00,0.18853334,0.32041836
2010-11-25 15:00:00,2010-11-26 06:15:00,0.22426668,0.34091327
2010-11-25 15:00:00,2010-11-26 06:30:00,0.9669333,0.3701638
2010-11-25 15:00:00,2010-11-26 06:45:00,0.27733332,0.4613383
2010-11-25 15:00:00,2010-11-26 07:00:00,0.23053332,0.50620294
2010-11-25 15:00:00,2010-11-26 07:15:00,0.43213332,0.4724997
2010-11-25 15:00:00,2010-11-26 07:30:00,0.2782666,0.49662963
2010-11-25 15:00:00,2010-11-26 07:45:00,0.26866665,0.52371836
2010-11-25 15:00:00,2010-11-26 08:00:00,0.29759997,0.49960268
2010-11-25 15:00:00,2010-11-26 08:15:00,0.426,0.42696545
2010-11-25 15:00:00,2010-11-26 08:30:00,0.59386665,0.4590247
2010-11-25 15:00:00,2010-11-26 08:45:00,0.43626663,0.4286279
2010-11-25 15:00:00,2010-11-26 09:00:00,0.56,0.3955719
2010-11-25 15:00:00,2010-11-26 09:15:00,0.85319996,0.3860416
2010-11-25 15:00:00,2010-11-26 09:30:00,0.70519996,0.38871804
2010-11-25 15:00:00,2010-11-26 09:45:00,0.52853334,0.38131034
2010-11-25 15:00:00,2010-11-26 10:00:00,0.38986665,0.37294212
2010-11-25 15:00:00,2010-11-26 10:15:00,0.46799996,0.37262714
2010-11-25 15:00:00,2010-11-26 10:30:00,0.34866667,0.39151794
2010-11-25 15:00:00,2010-11-26 10:45:00,0.43186665,0.37078172
2010-11-25 15:00:00,2010-11-26 11:00:00,0.40586662,0.36608675
2010-11-25 15:00:00,2010-11-26 11:15:00,0.36413333,0.3853719
2010-11-25 15:00:00,2010-11-26 11:30:00,0.7066667,0.37842923
2010-11-25 15:00:00,2010-11-26 11:45:00,0.57226664,0.3900701
2010-11-25 15:00:00,2010-11-26 12:00:00,0.72360003,0.40918225
2010-11-25 15:00:00,2010-11-26 12:15:00,0.8501333,0.39345372
2010-11-25 15:00:00,2010-11-26 12:30:00,0.5904,0.41116908
2010-11-25 15:00:00,2010-11-26 12:45:00,0.6594667,0.45598066
2010-11-25 15:00:00,2010-11-26 13:00:00,0.5970667,0.40796795
2010-11-25 15:00:00,2010-11-26 13:15:00,0.6545333,0.3910236
2010-11-25 15:00:00,2010-11-26 13:30:00,0.65999997,0.3903385
2010-11-25 15:00:00,2010-11-26 13:45:00,0.9477333,0.40128323
2010-11-25 15:00:00,2010-11-26 14:00:00,0.98506665,0.42608538
2010-11-25 15:00:00,2010-11-26 14:15:00,0.36786664,0.36988083
2010-11-25 15:00:00,2010-11-26 14:30:00,0.17626664,0.35301417
2010-11-25 15:00:00,2010-11-26 14:45:00,0.22373329,0.35344064
2010-11-25 15:15:00,2010-11-25 15:15:00,0.24533334,0.31133395
2010-11-25 15:15:00,2010-11-25 15:30:00,0.18573333,0.3094425
2010-11-25 15:15:00,2010-11-25 15:45:00,0.17186667,0.33290425
2010-11-25 15:15:00,2010-11-25 16:00:00,0.2068,0.3402351
2010-11-25 15:15:00,2010-11-25 16:15:00,0.19160001,0.3322563
2010-11-25 15:15:00,2010-11-25 16:30:00,0.21613333,0.34959415
2010-11-25 15:15:00,2010-11-25 16:45:00,0.13426666,0.34690952
2010-11-25 15:15:00,2010-11-25 17:00:00,0.26146665,0.34444085
2010-11-25 15:15:00,2010-11-25 17:15:00,0.29333332,0.35962352
2010-11-25 15:15:00,2010-11-25 17:30:00,0.41079998,0.3800525
2010-11-25 15:15:00,2010-11-25 17:45:00,0.54693335,0.39604595
2010-11-25 15:15:00,2010-11-25 18:00:00,0.45559996,0.41904417
2010-11-25 15:15:00,2010-11-25 18:15:00,0.5201333,0.48449153
2010-11-25 15:15:00,2010-11-25 18:30:00,0.5048,0.4826631
2010-11-25 15:15:00,2010-11-25 18:45:00,0.5197333,0.45546338
2010-11-25 15:15:00,2010-11-25 19:00:00,0.49173334,0.55541795
2010-11-25 15:15:00,2010-11-25 19:15:00,0.45293334,0.5436729
2010-11-25 15:15:00,2010-11-25 19:30:00,0.9118666,0.6242219
2010-11-25 15:15:00,2010-11-25 19:45:00,0.8441333,0.53275245
2010-11-25 15:15:00,2010-11-25 20:00:00,0.998,0.60233676
2010-11-25 15:15:00,2010-11-25 20:15:00,0.68106663,0.60346144
2010-11-25 15:15:00,2010-11-25 20:30:00,1.4341334,0.54591197
2010-11-25 15:15:00,2010-11-25 20:45:00,1.578,0.55023867
2010-11-25 15:15:00,2010-11-25 21:00:00,1.2,0.5322996
2010-11-25 15:15:00,2010-11-25 21:15:00,1.3104,0.56906897
2010-11-25 15:15:00,2010-11-25 21:30:00,1.3174667,0.6201568
2010-11-25 15:15:00,2010-11-25 21:45:00,1.2810667,0.58030844
2010-11-25 15:15:00,2010-11-25 22:00:00,1.2472,0.56546414
2010-11-25 15:15:00,2010-11-25 22:15:00,1.1254667,0.5479622
2010-11-25 15:15:00,2010-11-25 22:30:00,0.576,0.50117373
2010-11-25 15:15:00,2010-11-25 22:45:00,0.23026666,0.4504648
2010-11-25 15:15:00,2010-11-25 23:00:00,0.26066667,0.43053794
2010-11-25 15:15:00,2010-11-25 23:15:00,0.23133333,0.40314046
2010-11-25 15:15:00,2010-11-25 23:30:00,0.18306665,0.40727854
2010-11-25 15:15:00,2010-11-25 23:45:00,0.18919998,0.42637837
2010-11-25 15:15:00,2010-11-26 00:00:00,0.19199994,0.31879392
2010-11-25 15:15:00,2010-11-26 00:15:00,0.22466666,0.31109333
2010-11-25 15:15:00,2010-11-26 00:30:00,0.37253332,0.3021122
2010-11-25 15:15:00,2010-11-26 00:45:00,0.4332,0.3089294
2010-11-25 15:15:00,2010-11-26 01:00:00,0.364,0.30304998
2010-11-25 15:15:00,2010-11-26 01:15:00,0.29279998,0.3005806
2010-11-25 15:15:00,2010-11-26 01:30:00,0.23013332,0.29092917
2010-11-25 15:15:00,2010-11-26 01:45:00,0.15,0.29923794
2010-11-25 15:15:00,2010-11-26 02:00:00,0.218,0.27499157
2010-11-25 15:15:00,2010-11-26 02:15:00,0.16026667,0.2815361
2010-11-25 15:15:00,2010-11-26 02:30:00,0.21999998,0.27840832
2010-11-25 15:15:00,2010-11-26 02:45:00,0.16173334,0.270136
2010-11-25 15:15:00,2010-11-26 03:00:00,0.19933334,0.27216497
2010-11-25 15:15:00,2010-11-26 03:15:00,0.25893334,0.27278107
2010-11-25 15:15:00,2010-11-26 03:30:00,0.152,0.2789536
2010-11-25 15:15:00,2010-11-26 03:45:00,0.24733332,0.28587317
2010-11-25 15:15:00,2010-11-26 04:00:00,0.17426665,0.27724865
2010-11-25 15:15:00,2010-11-26 04:15:00,0.19359998,0.28423664
2010-11-25 15:15:00,2010-11-26 04:30:00,0.16853333,0.2923349
2010-11-25 15:15:00,2010-11-26 04:45:00,0.20573333,0.29118437
2010-11-25 15:15:00,2010-11-26 05:00:00,0.18773334,0.29605877
2010-11-25 15:15:00,2010-11-26 05:15:00,0.12333333,0.29060063
2010-11-25 15:15:00,2010-11-26 05:30:00,0.2836,0.2987523
2010-11-25 15:15:00,2010-11-26 05:45:00,0.12146667,0.3006686
2010-11-25 15:15:00,2010-11-26 06:00:00,0.18853334,0.32579663
2010-11-25 15:15:00,2010-11-26 06:15:00,0.22426668,0.32500476
2010-11-25 15:15:00,2010-11-26 06:30:00,0.9669333,0.3637203
2010-11-25 15:15:00,2010-11-26 06:45:00,0.27733332,0.45496544
2010-11-25 15:15:00,2010-11-26 07:00:00,0.23053332,0.5164225
2010-11-25 15:15:00,2010-11-26 07:15:00,0.43213332,0.45158073
2010-11-25 15:15:00,2010-11-26 07:30:00,0.2782666,0.45597634
2010-11-25 15:15:00,2010-11-26 07:45:00,0.26866665,0.56025344
2010-11-25 15:15:00,2010-11-26 08:00:00,0.29759997,0.5056303
2010-11-25 15:15:00,2010-11-26 08:15:00,0.426,0.43873754
2010-11-25 15:15:00,2010-11-26 08:30:00,0.59386665,0.45281366
2010-11-25 15:15:00,2010-11-26 08:45:00,0.43626663,0.40163684
2010-11-25 15:15:00,2010-11-26 09:00:00,0.56,0.3933491
2010-11-25 15:15:00,2010-11-26 09:15:00,0.85319996,0.38978797
2010-11-25 15:15:00,2010-11-26 09:30:00,0.70519996,0.39350867
2010-11-25 15:15:00,2010-11-26 09:45:00,0.52853334,0.3624618
2010-11-25 15:15:00,2010-11-26 10:00:00,0.38986665,0.3623689
2010-11-25 15:15:00,2010-11-26 10:15:00,0.46799996,0.36226955
2010-11-25 15:15:00,2010-11-26 10:30:00,0.34866667,0.390187
2010-11-25 15:15:00,2010-11-26 10:45:00,0.43186665,0.36107022
2010-11-25 15:15:00,2010-11-26 11:00:00,0.40586662,0.3689123
2010-11-25 15:15:00,2010-11-26 11:15:00,0.36413333,0.38221484
2010-11-25 15:15:00,2010-11-26 11:30:00,0.7066667,0.39392024
2010-11-25 15:15:00,2010-11-26 11:45:00,0.57226664,0.39344043
2010-11-25 15:15:00,2010-11-26 12:00:00,0.72360003,0.42957303
2010-11-25 15:15:00,2010-11-26 12:15:00,0.8501333,0.3762097
2010-11-25 15:15:00,2010-11-26 12:30:00,0.5904,0.40149763
2010-11-25 15:15:00,2010-11-26 12:45:00,0.6594667,0.4576261
2010-11-25 15:15:00,2010-11-26 13:00:00,0.5970667,0.39545622
2010-11-25 15:15:00,2010-11-26 13:15:00,0.6545333,0.39699388
2010-11-25 15:15:00,2010-11-26 13:30:00,0.65999997,0.39591345
2010-11-25 15:15:00,2010-11-26 13:45:00,0.9477333,0.3852541
2010-11-25 15:15:00,2010-11-26 14:00:00,0.98506665,0.45019558
2010-11-25 15:15:00,2010-11-26 14:15:00,0.36786664,0.38274294
2010-11-25 15:15:00,2010-11-26 14:30:00,0.17626664,0.34460416
2010-11-25 15:15:00,2010-11-26 14:45:00,0.22373329,0.33261627
2010-11-25 15:15:00,2010-11-26 15:00:00,0.18986663,0.34845483
2010-11-25 15:30:00,2010-11-25 15:30:00,0.18573333,0.2885974
2010-11-25 15:30:00,2010-11-25 15:45:00,0.17186667,0.31267926
2010-11-25 15:30:00,2010-11-25 16:00:00,0.2068,0.32600328
2010-11-25 15:30:00,2010-11-25 16:15:00,0.19160001,0.3172054
2010-11-25 15:30:00,2010-11-25 16:30:00,0.21613333,0.3225866
2010-11-25 15:30:00,2010-11-25 16:45:00,0.13426666,0.34197888
2010-11-25 15:30:00,2010-11-25 17:00:00,0.26146665,0.3344762
2010-11-25 15:30:00,2010-11-25 17:15:00,0.29333332,0.34999657
2010-11-25 15:30:00,2010-11-25 17:30:00,0.41079998,0.36555144
2010-11-25 15:30:00,2010-11-25 17:45:00,0.54693335,0.37095773
2010-11-25 15:30:00,2010-11-25 18:00:00,0.45559996,0.3929882
2010-11-25 15:30:00,2010-11-25 18:15:00,0.5201333,0.45653972
2010-11-25 15:30:00,2010-11-25 18:30:00,0.5048,0.45517242
2010-11-25 15:30:00,2010-11-25 18:45:00,0.5197333,0.48608413
2010-11-25 15:30:00,2010-11-25 19:00:00,0.49173334,0.5630521
2010-11-25 15:30:00,2010-11-25 19:15:00,0.45293334,0.5358884
2010-11-25 15:30:00,2010-11-25 19:30:00,0.9118666,0.61585546
2010-11-25 15:30:00,2010-11-25 19:45:00,0.8441333,0.5492175
2010-11-25 15:30:00,2010-11-25 20:00:00,0.998,0.5864435
2010-11-25 15:30:00,2010-11-25 20:15:00,0.68106663,0.57412106
2010-11-25 15:30:00,2010-11-25 20:30:00,1.4341334,0.5704975
2010-11-25 15:30:00,2010-11-25 20:45:00,1.578,0.5681187
2010-11-25 15:30:00,2010-11-25 21:00:00,1.2,0.5405365
2010-11-25 15:30:00,2010-11-25 21:15:00,1.3104,0.54803956
2010-11-25 15:30:00,2010-11-25 21:30:00,1.3174667,0.5831548
2010-11-25 15:30:00,2010-11-25 21:45:00,1.2810667,0.59621406
2010-11-25 15:30:00,2010-11-25 22:00:00,1.2472,0.5688736
2010-11-25 15:30:00,2010-11-25 22:15:00,1.1254667,0.5455751
2010-11-25 15:30:00,2010-11-25 22:30:00,0.576,0.5107739
2010-11-25 15:30:00,2010-11-25 22:45:00,0.23026666,0.4710868
2010-11-25 15:30:00,2010-11-25 23:00:00,0.26066667,0.40337268
2010-11-25 15:30:00,2010-11-25 23:15:00,0.23133333,0.40309513
2010-11-25 15:30:00,2010-11-25 23:30:00,0.18306665,0.4100643
2010-11-25 15:30:00,2010-11-25 23:45:00,0.18919998,0.41752633
2010-11-25 15:30:00,2010-11-26 00:00:00,0.19199994,0.3230409
2010-11-25 15:30:00,2010-11-26 00:15:00,0.22466666,0.30810344
2010-11-25 15:30:00,2010-11-26 00:30:00,0.37253332,0.3114325
2010-11-25 15:30:00,2010-11-26 00:45:00,0.4332,0.31353194
2010-11-25 15:30:00,2010-11-26 01:00:00,0.364,0.30497354
2010-11-25 15:30:00,2010-11-26 01:15:00,0.29279998,0.30227906
2010-11-25 15:30:00,2010-11-26 01:30:00,0.23013332,0.29548588
2010-11-25 15:30:00,2010-11-26 01:45:00,0.15,0.29985532
2010-11-25 15:30:00,2010-11-26 02:00:00,0.218,0.29402915
2010-11-25 15:30:00,2010-11-26 02:15:00,0.16026667,0.2711585
2010-11-25 15:30:00,2010-11-26 02:30:00,0.21999998,0.271884
2010-11-25 15:30:00,2010-11-26 02:45:00,0.16173334,0.27157912
2010-11-25 15:30:00,2010-11-26 03:00:00,0.19933334,0.27708918
2010-11-25 15:30:00,2010-11-26 03:15:00,0.25893334,0.271885
2010-11-25 15:30:00,2010-11-26 03:30:00,0.152,0.28685853
2010-11-25 15:30:00,2010-11-26 03:45:00,0.24733332,0.27728543
2010-11-25 15:30:00,2010-11-26 04:00:00,0.17426665,0.28873456
2010-11-25 15:30:00,2010-11-26 04:15:00,0.19359998,0.28625247
2010-11-25 15:30:00,2010-11-26 04:30:00,0.16853333,0.28680256
2010-11-25 15:30:00,2010-11-26 04:45:00,0.20573333,0.29779175
2010-11-25 15:30:00,2010-11-26 05:00:00,0.18773334,0.2898034
2010-11-25 15:30:00,2010-11-26 05:15:00,0.12333333,0.2979036
2010-11-25 15:30:00,2010-11-26 05:30:00,0.2836,0.2970073
2010-11-25 15:30:00,2010-11-26 05:45:00,0.12146667,0.2963443
2010-11-25 15:30:00,2010-11-26 06:00:00,0.18853334,0.33504292
2010-11-25 15:30:00,2010-11-26 06:15:00,0.22426668,0.32312283
2010-11-25 15:30:00,2010-11-26 06:30:00,0.9669333,0.3731522
2010-11-25 15:30:00,2010-11-26 06:45:00,0.27733332,0.47648406
2010-11-25 15:30:00,2010-11-26 07:00:00,0.23053332,0.5077986
2010-11-25 15:30:00,2010-11-26 07:15:00,0.43213332,0.44881338
2010-11-25 15:30:00,2010-11-26 07:30:00,0.2782666,0.48697495
2010-11-25 15:30:00,2010-11-26 07:45:00,0.26866665,0.5360145
2010-11-25 15:30:00,2010-11-26 08:00:00,0.29759997,0.5006663
2010-11-25 15:30:00,2010-11-26 08:15:00,0.426,0.43832955
2010-11-25 15:30:00,2010-11-26 08:30:00,0.59386665,0.44887376
2010-11-25 15:30:00,2010-11-26 08:45:00,0.43626663,0.42042184
2010-11-25 15:30:00,2010-11-26 09:00:00,0.56,0.38123158
2010-11-25 15:30:00,2010-11-26 09:15:00,0.85319996,0.39236104
2010-11-25 15:30:00,2010-11-26 09:30:00,0.70519996,0.41748518
2010-11-25 15:30:00,2010-11-26 09:45:00,0.52853334,0.3597343
2010-11-25 15:30:00,2010-11-26 10:00:00,0.38986665,0.3625064
2010-11-25 15:30:00,2010-11-26 10:15:00,0.46799996,0.37062836
2010-11-25 15:30:00,2010-11-26 10:30:00,0.34866667,0.402561
2010-11-25 15:30:00,2010-11-26 10:45:00,0.43186665,0.3395001
2010-11-25 15:30:00,2010-11-26 11:00:00,0.40586662,0.36409453
2010-11-25 15:30:00,2010-11-26 11:15:00,0.36413333,0.38109288
2010-11-25 15:30:00,2010-11-26 11:30:00,0.7066667,0.39141634
2010-11-25 15:30:00,2010-11-26 11:45:00,0.57226664,0.4029223
2010-11-25 15:30:00,2010-11-26 12:00:00,0.72360003,0.42401585
2010-11-25 15:30:00,2010-11-26 12:15:00,0.8501333,0.38777557
2010-11-25 15:30:00,2010-11-26 12:30:00,0.5904,0.3881372
2010-11-25 15:30:00,2010-11-26 12:45:00,0.6594667,0.4296261
2010-11-25 15:30:00,2010-11-26 13:00:00,0.5970667,0.41191623
2010-11-25 15:30:00,2010-11-26 13:15:00,0.6545333,0.38506517
2010-11-25 15:30:00,2010-11-26 13:30:00,0.65999997,0.41506833
2010-11-25 15:30:00,2010-11-26 13:45:00,0.9477333,0.362673
2010-11-25 15:30:00,2010-11-26 14:00:00,0.98506665,0.46009228
2010-11-25 15:30:00,2010-11-26 14:15:00,0.36786664,0.37052625
2010-11-25 15:30:00,2010-11-26 14:30:00,0.17626664,0.3631683
2010-11-25 15:30:00,2010-11-26 14:45:00,0.22373329,0.34509543
2010-11-25 15:30:00,2010-11-26 15:00:00,0.18986663,0.35111043
2010-11-25 15:30:00,2010-11-26 15:15:00,0.21493332,0.33557838
2010-11-25 15:45:00,2010-11-25 15:45:00,0.17186667,0.2905352
2010-11-25 15:45:00,2010-11-25 16:00:00,0.2068,0.31416684
2010-11-25 15:45:00,2010-11-25 16:15:00,0.19160001,0.2921114
2010-11-25 15:45:00,2010-11-25 16:30:00,0.21613333,0.30969447
2010-11-25 15:45:00,2010-11-25 16:45:00,0.13426666,0.3414193
2010-11-25 15:45:00,2010-11-25 17:00:00,0.26146665,0.33333462
2010-11-25 15:45:00,2010-11-25 17:15:00,0.29333332,0.32820567
2010-11-25 15:45:00,2010-11-25 17:30:00,0.41079998,0.3482182
2010-11-25 15:45:00,2010-11-25 17:45:00,0.54693335,0.36028072
2010-11-25 15:45:00,2010-11-25 18:00:00,0.45559996,0.41647953
2010-11-25 15:45:00,2010-11-25 18:15:00,0.5201333,0.4552373
2010-11-25 15:45:00,2010-11-25 18:30:00,0.5048,0.41801223
2010-11-25 15:45:00,2010-11-25 18:45:00,0.5197333,0.45481774
2010-11-25 15:45:00,2010-11-25 19:00:00,0.49173334,0.48229748
2010-11-25 15:45:00,2010-11-25 19:15:00,0.45293334,0.5430691
2010-11-25 15:45:00,2010-11-25 19:30:00,0.9118666,0.6371892
2010-11-25 15:45:00,2010-11-25 19:45:00,0.8441333,0.5283273
2010-11-25 15:45:00,2010-11-25 20:00:00,0.998,0.653715
2010-11-25 15:45:00,2010-11-25 20:15:00,0.68106663,0.5875653
2010-11-25 15:45:00,2010-11-25 20:30:00,1.4341334,0.564925
2010-11-25 15:45:00,2010-11-25 20:45:00,1.578,0.539071
2010-11-25 15:45:00,2010-11-25 21:00:00,1.2,0.5383231
2010-11-25 15:45:00,2010-11-25 21:15:00,1.3104,0.5437914
2010-11-25 15:45:00,2010-11-25 21:30:00,1.3174667,0.5759853
2010-11-25 15:45:00,2010-11-25 21:45:00,1.2810667,0.58649933
2010-11-25 15:45:00,2010-11-25 22:00:00,1.2472,0.5708011
2010-11-25 15:45:00,2010-11-25 22:15:00,1.1254667,0.5478137
2010-11-25 15:45:00,2010-11-25 22:30:00,0.576,0.5241537
2010-11-25 15:45:00,2010-11-25 22:45:00,0.23026666,0.45677194
2010-11-25 15:45:00,2010-11-25 23:00:00,0.26066667,0.42609698
2010-11-25 15:45:00,2010-11-25 23:15:00,0.23133333,0.4008834
2010-11-25 15:45:00,2010-11-25 23:30:00,0.18306665,0.40858707
2010-11-25 15:45:00,2010-11-25 23:45:00,0.18919998,0.40519878
2010-11-25 15:45:00,2010-11-26 00:00:00,0.19199994,0.32799858
2010-11-25 15:45:00,2010-11-26 00:15:00,0.22466666,0.3034381
2010-11-25 15:45:00,2010-11-26 00:30:00,0.37253332,0.2937939
2010-11-25 15:45:00,2010-11-26 00:45:00,0.4332,0.30748266
2010-11-25 15:45:00,2010-11-26 01:00:00,0.364,0.30021933
2010-11-25 15:45:00,2010-11-26 01:15:00,0.29279998,0.30042842
2010-11-25 15:45:00,2010-11-26 01:30:00,0.23013332,0.2843743
2010-11-25 15:45:00,2010-11-26 01:45:00,0.15,0.28751266
2010-11-25 15:45:00,2010-11-26 02:00:00,0.218,0.27669787
2010-11-25 15:45:00,2010-11-26 02:15:00,0.16026667,0.27588412
2010-11-25 15:45:00,2010-11-26 02:30:00,0.21999998,0.26537398
2010-11-25 15:45:00,2010-11-26 02:45:00,0.16173334,0.2657731
2010-11-25 15:45:00,2010-11-26 03:00:00,0.19933334,0.2729157
2010-11-25 15:45:00,2010-11-26 03:15:00,0.25893334,0.26947623
2010-11-25 15:45:00,2010-11-26 03:30:00,0.152,0.27944958
2010-11-25 15:45:00,2010-11-26 03:45:00,0.24733332,0.28522834
2010-11-25 15:45:00,2010-11-26 04:00:00,0.17426665,0.2905505
2010-11-25 15:45:00,2010-11-26 04:15:00,0.19359998,0.27714866
2010-11-25 15:45:00,2010-11-26 04:30:00,0.16853333,0.27940205
2010-11-25 15:45:00,2010-11-26 04:45:00,0.20573333,0.29331967
2010-11-25 15:45:00,2010-11-26 05:00:00,0.18773334,0.296399
2010-11-25 15:45:00,2010-11-26 05:15:00,0.12333333,0.29121345
2010-11-25 15:45:00,2010-11-26 05:30:00,0.2836,0.3036248
2010-11-25 15:45:00,2010-11-26 05:45:00,0.12146667,0.29364374
2010-11-25 15:45:00,2010-11-26 06:00:00,0.18853334,0.3308201
2010-11-25 15:45:00,2010-11-26 06:15:00,0.22426668,0.32898104
2010-11-25 15:45:00,2010-11-26 06:30:00,0.9669333,0.38137442
2010-11-25 15:45:00,2010-11-26 06:45:00,0.27733332,0.4648698
2010-11-25 15:45:00,2010-11-26 07:00:00,0.23053332,0.51034397
2010-11-25 15:45:00,2010-11-26 07:15:00,0.43213332,0.44883204
2010-11-25 15:45:00,2010-11-26 07:30:00,0.2782666,0.4866675
2010-11-25 15:45:00,2010-11-26 07:45:00,0.26866665,0.522079
2010-11-25 15:45:00,2010-11-26 08:00:00,0.29759997,0.51567364
2010-11-25 15:45:00,2010-11-26 08:15:00,0.426,0.42875683
2010-11-25 15:45:00,2010-11-26 08:30:00,0.59386665,0.46344817
2010-11-25 15:45:00,2010-11-26 08:45:00,0.43626663,0.39611354
2010-11-25 15:45:00,2010-11-26 09:00:00,0.56,0.38443843
2010-11-25 15:45:00,2010-11-26 09:15:00,0.85319996,0.3918021
2010-11-25 15:45:00,2010-11-26 09:30:00,0.70519996,0.41348276
2010-11-25 15:45:00,2010-11-26 09:45:00,0.52853334,0.37257612
2010-11-25 15:45:00,2010-11-26 10:00:00,0.38986665,0.36441818
2010-11-25 15:45:00,2010-11-26 10:15:00,0.46799996,0.35401425
2010-11-25 15:45:00,2010-11-26 10:30:00,0.34866667,0.40042704
2010-11-25 15:45:00,2010-11-26 10:45:00,0.43186665,0.3767214
2010-11-25 15:45:00,2010-11-26 11:00:00,0.40586662,0.34857148
2010-11-25 15:45:00,2010-11-26 11:15:00,0.36413333,0.3661985
2010-11-25 15:45:00,2010-11-26 11:30:00,0.7066667,0.3775619
2010-11-25 15:45:00,2010-11-26 11:45:00,0.57226664,0.4021363
2010-11-25 15:45:00,2010-11-26 12:00:00,0.72360003,0.4407304
2010-11-25 15:45:00,2010-11-26 12:15:00,0.8501333,0.39968202
2010-11-25 15:45:00,2010-11-26 12:30:00,0.5904,0.38891178
2010-11-25 15:45:00,2010-11-26 12:45:00,0.6594667,0.42636794
2010-11-25 15:45:00,2010-11-26 13:00:00,0.5970667,0.385831
2010-11-25 15:45:00,2010-11-26 13:15:00,0.6545333,0.40111667
2010-11-25 15:45:00,2010-11-26 13:30:00,0.65999997,0.40263936
2010-11-25 15:45:00,2010-11-26 13:45:00,0.9477333,0.38868144
2010-11-25 15:45:00,2010-11-26 14:00:00,0.98506665,0.47259453
2010-11-25 15:45:00,2010-11-26 14:15:00,0.36786664,0.35445797
2010-11-25 15:45:00,2010-11-26 14:30:00,0.17626664,0.34729144
2010-11-25 15:45:00,2010-11-26 14:45:00,0.22373329,0.34403738
2010-11-25 15:45:00,2010-11-26 15:00:00,0.18986663,0.34196773
2010-11-25 15:45:00,2010-11-26 15:15:00,0.21493332,0.34523526
2010-11-25 15:45:00,2010-11-26 15:30:00,0.37093326,0.35661632
2010-11-25 16:00:00,2010-11-25 16:00:00,0.2068,0.29218954
2010-11-25 16:00:00,2010-11-25 16:15:00,0.19160001,0.2813741
2010-11-25 16:00:00,2010-11-25 16:30:00,0.21613333,0.3000042
2010-11-25 16:00:00,2010-11-25 16:45:00,0.13426666,0.32785264
2010-11-25 16:00:00,2010-11-25 17:00:00,0.26146665,0.3314698
2010-11-25 16:00:00,2010-11-25 17:15:00,0.29333332,0.32151484
2010-11-25 16:00:00,2010-11-25 17:30:00,0.41079998,0.33683094
2010-11-25 16:00:00,2010-11-25 17:45:00,0.54693335,0.35353145
2010-11-25 16:00:00,2010-11-25 18:00:00,0.45559996,0.37844735
2010-11-25 16:00:00,2010-11-25 18:15:00,0.5201333,0.45667654
2010-11-25 16:00:00,2010-11-25 18:30:00,0.5048,0.43548536
2010-11-25 16:00:00,2010-11-25 18:45:00,0.5197333,0.44895786
2010-11-25 16:00:00,2010-11-25 19:00:00,0.49173334,0.5212658
2010-11-25 16:00:00,2010-11-25 19:15:00,0.45293334,0.520667
2010-11-25 16:00:00,2010-11-25 19:30:00,0.9118666,0.5891543
2010-11-25 16:00:00,2010-11-25 19:45:00,0.8441333,0.5368176
2010-11-25 16:00:00,2010-11-25 20:00:00,0.998,0.62980133
2010-11-25 16:00:00,2010-11-25 20:15:00,0.68106663,0.5829236
2010-11-25 16:00:00,2010-11-25 20:30:00,1.4341334,0.51023
2010-11-25 16:00:00,2010-11-25 20:45:00,1.578,0.51629627
2010-11-25 16:00:00,2010-11-25 21:00:00,1.2,0.5098851
2010-11-25 16:00:00,2010-11-25 21:15:00,1.3104,0.56472397
2010-11-25 16:00:00,2010-11-25 21:30:00,1.3174667,0.5796007
2010-11-25 16:00:00,2010-11-25 21:45:00,1.2810667,0.54300034
2010-11-25 16:00:00,2010-11-25 22:00:00,1.2472,0.56351674
2010-11-25 16:00:00,2010-11-25 22:15:00,1.1254667,0.53198427
2010-11-25 16:00:00,2010-11-25 22:30:00,0.576,0.49871457
2010-11-25 16:00:00,2010-11-25 22:45:00,0.23026666,0.45584688
2010-11-25 16:00:00,2010-11-25 23:00:00,0.26066667,0.41867566
2010-11-25 16:00:00,2010-11-25 23:15:00,0.23133333,0.4219089
2010-11-25 16:00:00,2010-11-25 23:30:00,0.18306665,0.4136403
2010-11-25 16:00:00,2010-11-25 23:45:00,0.18919998,0.42229316
2010-11-25 16:00:00,2010-11-26 00:00:00,0.19199994,0.3177291
2010-11-25 16:00:00,2010-11-26 00:15:00,0.22466666,0.31450817
2010-11-25 16:00:00,2010-11-26 00:30:00,0.37253332,0.30871007
2010-11-25 16:00:00,2010-11-26 00:45:00,0.4332,0.30483422
2010-11-25 16:00:00,2010-11-26 01:00:00,0.364,0.29359484
2010-11-25 16:00:00,2010-11-26 01:15:00,0.29279998,0.28162646
2010-11-25 16:00:00,2010-11-26 01:30:00,0.23013332,0.2852738
2010-11-25 16:00:00,2010-11-26 01:45:00,0.15,0.2839642
2010-11-25 16:00:00,2010-11-26 02:00:00,0.218,0.27759534
2010-11-25 16:00:00,2010-11-26 02:15:00,0.16026667,0.27353302
2010-11-25 16:00:00,2010-11-26 02:30:00,0.21999998,0.27679154
2010-11-25 16:00:00,2010-11-26 02:45:00,0.16173334,0.26983494
2010-11-25 16:00:00,2010-11-26 03:00:00,0.19933334,0.26437214
2010-11-25 16:00:00,2010-11-26 03:15:00,0.25893334,0.27725378
2010-11-25 16:00:00,2010-11-26 03:30:00,0.152,0.25773534
2010-11-25 16:00:00,2010-11-26 03:45:00,0.24733332,0.27700868
2010-11-25 16:00:00,2010-11-26 04:00:00,0.17426665,0.27809885
2010-11-25 16:00:00,2010-11-26 04:15:00,0.19359998,0.27564874
2010-11-25 16:00:00,2010-11-26 04:30:00,0.16853333,0.2842281
2010-11-25 16:00:00,2010-11-26 04:45:00,0.20573333,0.30466092
2010-11-25 16:00:00,2010-11-26 05:00:00,0.18773334,0.2823248
2010-11-25 16:00:00,2010-11-26 05:15:00,0.12333333,0.2951453
2010-11-25 16:00:00,2010-11-26 05:30:00,0.2836,0.29657945
2010-11-25 16:00:00,2010-11-26 05:45:00,0.12146667,0.31277865
2010-11-25 16:00:00,2010-11-26 06:00:00,0.18853334,0.3202318
2010-11-25 16:00:00,2010-11-26 06:15:00,0.22426668,0.31508246
2010-11-25 16:00:00,2010-11-26 06:30:00,0.9669333,0.38192555
2010-11-25 16:00:00,2010-11-26 06:45:00,0.27733332,0.4567541
2010-11-25 16:00:00,2010-11-26 07:00:00,0.23053332,0.51716125
2010-11-25 16:00:00,2010-11-26 07:15:00,0.43213332,0.46125388
2010-11-25 16:00:00,2010-11-26 07:30:00,0.2782666,0.47881985
2010-11-25 16:00:00,2010-11-26 07:45:00,0.26866665,0.522513
2010-11-25 16:00:00,2010-11-26 08:00:00,0.29759997,0.50020635
2010-11-25 16:00:00,2010-11-26 08:15:00,0.426,0.4109701
2010-11-25 16:00:00,2010-11-26 08:30:00,0.59386665,0.4607355
2010-11-25 16:00:00,2010-11-26 08:45:00,0.43626663,0.41088787
2010-11-25 16:00:00,2010-11-26 09:00:00,0.56,0.38605055
2010-11-25 16:00:00,2010-11-26 09:15:00,0.85319996,0.36991313
2010-11-25 16:00:00,2010-11-26 09:30:00,0.70519996,0.4167635
2010-11-25 16:00:00,2010-11-26 09:45:00,0.52853334,0.38181838
2010-11-25 16:00:00,2010-11-26 10:00:00,0.38986665,0.3852713
2010-11-25 16:00:00,2010-11-26 10:15:00,0.46799996,0.36616227
2010-11-25 16:00:00,2010-11-26 10:30:00,0.34866667,0.3758761
2010-11-25 16:00:00,2010-11-26 10:45:00,0.43186665,0.34605214
2010-11-25 16:00:00,2010-11-26 11:00:00,0.40586662,0.3420767
2010-11-25 16:00:00,2010-11-26 11:15:00,0.36413333,0.35938805
2010-11-25 16:00:00,2010-11-26 11:30:00,0.7066667,0.39421052
2010-11-25 16:00:00,2010-11-26 11:45:00,0.57226664,0.4098806
2010-11-25 16:00:00,2010-11-26 12:00:00,0.72360003,0.42327416
2010-11-25 16:00:00,2010-11-26 12:15:00,0.8501333,0.42309552
2010-11-25 16:00:00,2010-11-26 12:30:00,0.5904,0.39963025
2010-11-25 16:00:00,2010-11-26 12:45:00,0.6594667,0.43781674
2010-11-25 16:00:00,2010-11-26 13:00:00,0.5970667,0.41159675
2010-11-25 16:00:00,2010-11-26 13:15:00,0.6545333,0.3999084
2010-11-25 16:00:00,2010-11-26 13:30:00,0.65999997,0.40087667
2010-11-25 16:00:00,2010-11-26 13:45:00,0.9477333,0.37327927
2010-11-25 16:00:00,2010-11-26 14:00:00,0.98506665,0.46014267
2010-11-25 16:00:00,2010-11-26 14:15:00,0.36786664,0.35891697
2010-11-25 16:00:00,2010-11-26 14:30:00,0.17626664,0.3337057
2010-11-25 16:00:00,2010-11-26 14:45:00,0.22373329,0.3319539
2010-11-25 16:00:00,2010-11-26 15:00:00,0.18986663,0.35357594
2010-11-25 16:00:00,2010-11-26 15:15:00,0.21493332,0.33857086
2010-11-25 16:00:00,2010-11-26 15:30:00,0.37093326,0.33270383
2010-11-25 16:00:00,2010-11-26 15:45:00,0.60226667,0.41822636
2010-11-25 16:15:00,2010-11-25 16:15:00,0.19160001,0.26195958
2010-11-25 16:15:00,2010-11-25 16:30:00,0.21613333,0.27208418
2010-11-25 16:15:00,2010-11-25 16:45:00,0.13426666,0.29932067
2010-11-25 16:15:00,2010-11-25 17:00:00,0.26146665,0.30774808
2010-11-25 16:15:00,2010-11-25 17:15:00,0.29333332,0.3086062
2010-11-25 16:15:00,2010-11-25 17:30:00,0.41079998,0.31814617
2010-11-25 16:15:00,2010-11-25 17:45:00,0.54693335,0.33746886
2010-11-25 16:15:00,2010-11-25 18:00:00,0.45559996,0.3795381
2010-11-25 16:15:00,2010-11-25 18:15:00,0.5201333,0.4665987
2010-11-25 16:15:00,2010-11-25 18:30:00,0.5048,0.43392232
2010-11-25 16:15:00,2010-11-25 18:45:00,0.5197333,0.43445235
2010-11-25 16:15:00,2010-11-25 19:00:00,0.49173334,0.49862397
2010-11-25 16:15:00,2010-11-25 19:15:00,0.45293334,0.49187714
2010-11-25 16:15:00,2010-11-25 19:30:00,0.9118666,0.6047668
2010-11-25 16:15:00,2010-11-25 19:45:00,0.8441333,0.5132709
2010-11-25 16:15:00,2010-11-25 20:00:00,0.998,0.6214619
2010-11-25 16:15:00,2010-11-25 20:15:00,0.68106663,0.57933545
2010-11-25 16:15:00,2010-11-25 20:30:00,1.4341334,0.538304
2010-11-25 16:15:00,2010-11-25 20:45:00,1.578,0.5493302
2010-11-25 16:15:00,2010-11-25 21:00:00,1.2,0.47114918
2010-11-25 16:15:00,2010-11-25 21:15:00,1.3104,0.56718886
2010-11-25 16:15:00,2010-11-25 21:30:00,1.3174667,0.5880502
2010-11-25 16:15:00,2010-11-25 21:45:00,1.2810667,0.5725789
2010-11-25 16:15:00,2010-11-25 22:00:00,1.2472,0.54314697
2010-11-25 16:15:00,2010-11-25 22:15:00,1.1254667,0.54074
2010-11-25 16:15:00,2010-11-25 22:30:00,0.576,0.5018403
2010-11-25 16:15:00,2010-11-25 22:45:00,0.23026666,0.4386069
2010-11-25 16:15:00,2010-11-25 23:00:00,0.26066667,0.41854045
2010-11-25 16:15:00,2010-11-25 23:15:00,0.23133333,0.41250554
2010-11-25 16:15:00,2010-11-25 23:30:00,0.18306665,0.40736958
2010-11-25 16:15:00,2010-11-25 23:45:00,0.18919998,0.418025
2010-11-25 16:15:00,2010-11-26 00:00:00,0.19199994,0.3242476
2010-11-25 16:15:00,2010-11-26 00:15:00,0.22466666,0.32270485
2010-11-25 16:15:00,2010-11-26 00:30:00,0.37253332,0.30216897
2010-11-25 16:15:00,2010-11-26 00:45:00,0.4332,0.31681302
2010-11-25 16:15:00,2010-11-26 01:00:00,0.364,0.30638808
2010-11-25 16:15:00,2010-11-26 01:15:00,0.29279998,0.29166174
2010-11-25 16:15:00,2010-11-26 01:30:00,0.23013332,0.27580088
2010-11-25 16:15:00,2010-11-26 01:45:00,0.15,0.27562088
2010-11-25 16:15:00,2010-11-26 02:00:00,0.218,0.2707675
2010-11-25 16:15:00,2010-11-26 02:15:00,0.16026667,0.2703287
2010-11-25 16:15:00,2010-11-26 02:30:00,0.21999998,0.28140438
2010-11-25 16:15:00,2010-11-26 02:45:00,0.16173334,0.26455086
2010-11-25 16:15:00,2010-11-26 03:00:00,0.19933334,0.27220786
2010-11-25 16:15:00,2010-11-26 03:15:00,0.25893334,0.27015212
2010-11-25 16:15:00,2010-11-26 03:30:00,0.152,0.26561219
2010-11-25 16:15:00,2010-11-26 03:45:00,0.24733332,0.27115187
2010-11-25 16:15:00,2010-11-26 04:00:00,0.17426665,0.2763042
2010-11-25 16:15:00,2010-11-26 04:15:00,0.19359998,0.28050837
2010-11-25 16:15:00,2010-11-26 04:30:00,0.16853333,0.29015416
2010-11-25 16:15:00,2010-11-26 04:45:00,0.20573333,0.28798926
2010-11-25 16:15:00,2010-11-26 05:00:00,0.18773334,0.28370473
2010-11-25 16:15:00,2010-11-26 05:15:00,0.12333333,0.28965268
2010-11-25 16:15:00,2010-11-26 05:30:00,0.2836,0.30111325
2010-11-25 16:15:00,2010-11-26 05:45:00,0.12146667,0.30099922
2010-11-25 16:15:00,2010-11-26 06:00:00,0.18853334,0.33313245
2010-11-25 16:15:00,2010-11-26 06:15:00,0.22426668,0.32298827
2010-11-25 16:15:00,2010-11-26 06:30:00,0.9669333,0.37301838
2010-11-25 16:15:00,2010-11-26 06:45:00,0.27733332,0.47476894
2010-11-25 16:15:00,2010-11-26 07:00:00,0.23053332,0.50027007
2010-11-25 16:15:00,2010-11-26 07:15:00,0.43213332,0.46957114
2010-11-25 16:15:00,2010-11-26 07:30:00,0.2782666,0.48166147
2010-11-25 16:15:00,2010-11-26 07:45:00,0.26866665,0.5407467
2010-11-25 16:15:00,2010-11-26 08:00:00,0.29759997,0.5134009
2010-11-25 16:15:00,2010-11-26 08:15:00,0.426,0.4208018
2010-11-25 16:15:00,2010-11-26 08:30:00,0.59386665,0.4620653
2010-11-25 16:15:00,2010-11-26 08:45:00,0.43626663,0.41075167
2010-11-25 16:15:00,2010-11-26 09:00:00,0.56,0.39313653
2010-11-25 16:15:00,2010-11-26 09:15:00,0.85319996,0.37387276
2010-11-25 16:15:00,2010-11-26 09:30:00,0.70519996,0.4094091
2010-11-25 16:15:00,2010-11-26 09:45:00,0.52853334,0.36678904
2010-11-25 16:15:00,2010-11-26 10:00:00,0.38986665,0.36373672
2010-11-25 16:15:00,2010-11-26 10:15:00,0.46799996,0.36271235
2010-11-25 16:15:00,2010-11-26 10:30:00,0.34866667,0.4006346
2010-11-25 16:15:00,2010-11-26 10:45:00,0.43186665,0.3555086
2010-11-25 16:15:00,2010-11-26 11:00:00,0.40586662,0.34805697
2010-11-25 16:15:00,2010-11-26 11:15:00,0.36413333,0.3729006
2010-11-25 16:15:00,2010-11-26 11:30:00,0.7066667,0.36690184
2010-11-25 16:15:00,2010-11-26 11:45:00,0.57226664,0.38807055
2010-11-25 16:15:00,2010-11-26 12:00:00,0.72360003,0.40208936
2010-11-25 16:15:00,2010-11-26 12:15:00,0.8501333,0.4023829
2010-11-25 16:15:00,2010-11-26 12:30:00,0.5904,0.39443037
2010-11-25 16:15:00,2010-11-26 12:45:00,0.6594667,0.44569814
2010-11-25 16:15:00,2010-11-26 13:00:00,0.5970667,0.41003764
2010-11-25 16:15:00,2010-11-26 13:15:00,0.6545333,0.3912433
2010-11-25 16:15:00,2010-11-26 13:30:00,0.65999997,0.3983731
2010-11-25 16:15:00,2010-11-26 13:45:00,0.9477333,0.38163218
2010-11-25 16:15:00,2010-11-26 14:00:00,0.98506665,0.45428237
2010-11-25 16:15:00,2010-11-26 14:15:00,0.36786664,0.3761998
2010-11-25 16:15:00,2010-11-26 14:30:00,0.17626664,0.32911062
2010-11-25 16:15:00,2010-11-26 14:45:00,0.22373329,0.33077925
2010-11-25 16:15:00,2010-11-26 15:00:00,0.18986663,0.33405662
2010-11-25 16:15:00,2010-11-26 15:15:00,0.21493332,0.33535895
2010-11-25 16:15:00,2010-11-26 15:30:00,0.37093326,0.3316501
2010-11-25 16:15:00,2010-11-26 15:45:00,0.60226667,0.44649693
2010-11-25 16:15:00,2010-11-26 16:00:00,0.29653326,0.3586422
2010-11-25 16:30:00,2010-11-25 16:30:00,0.21613333,0.2587152
2010-11-25 16:30:00,2010-11-25 16:45:00,0.13426666,0.28055248
2010-11-25 16:30:00,2010-11-25 17:00:00,0.26146665,0.2843479
2010-11-25 16:30:00,2010-11-25 17:15:00,0.29333332,0.30095777
2010-11-25 16:30:00,2010-11-25 17:30:00,0.41079998,0.3456007
2010-11-25 16:30:00,2010-11-25 17:45:00,0.54693335,0.33588457
2010-11-25 16:30:00,2010-11-25 18:00:00,0.45559996,0.358294
2010-11-25 16:30:00,2010-11-25 18:15:00,0.5201333,0.43423688
2010-11-25 16:30:00,2010-11-25 18:30:00,0.5048,0.4492695
2010-11-25 16:30:00,2010-11-25 18:45:00,0.5197333,0.42854515
2010-11-25 16:30:00,2010-11-25 19:00:00,0.49173334,0.4857187
2010-11-25 16:30:00,2010-11-25 19:15:00,0.45293334,0.48817715
2010-11-25 16:30:00,2010-11-25 19:30:00,0.9118666,0.5434898
2010-11-25 16:30:00,2010-11-25 19:45:00,0.8441333,0.5057771
2010-11-25 16:30:00,2010-11-25 20:00:00,0.998,0.5897392
2010-11-25 16:30:00,2010-11-25 20:15:00,0.68106663,0.58323383
2010-11-25 16:30:00,2010-11-25 20:30:00,1.4341334,0.532262
2010-11-25 16:30:00,2010-11-25 20:45:00,1.578,0.5351613
2010-11-25 16:30:00,2010-11-25 21:00:00,1.2,0.4929377
2010-11-25 16:30:00,2010-11-25 21:15:00,1.3104,0.5376266
2010-11-25 16:30:00,2010-11-25 21:30:00,1.3174667,0.603129
2010-11-25 16:30:00,2010-11-25 21:45:00,1.2810667,0.60918456
2010-11-25 16:30:00,2010-11-25 22:00:00,1.2472,0.5410157
2010-11-25 16:30:00,2010-11-25 22:15:00,1.1254667,0.53264296
2010-11-25 16:30:00,2010-11-25 22:30:00,0.576,0.5021809
2010-11-25 16:30:00,2010-11-25 22:45:00,0.23026666,0.4505834
2010-11-25 16:30:00,2010-11-25 23:00:00,0.26066667,0.3898169
2010-11-25 16:30:00,2010-11-25 23:15:00,0.23133333,0.39790362
2010-11-25 16:30:00,2010-11-25 23:30:00,0.18306665,0.4052067
2010-11-25 16:30:00,2010-11-25 23:45:00,0.18919998,0.4329529
2010-11-25 16:30:00,2010-11-26 00:00:00,0.19199994,0.30838448
2010-11-25 16:30:00,2010-11-26 00:15:00,0.22466666,0.31462505
2010-11-25 16:30:00,2010-11-26 00:30:00,0.37253332,0.30063698
2010-11-25 16:30:00,2010-11-26 00:45:00,0.4332,0.31272042
2010-11-25 16:30:00,2010-11-26 01:00:00,0.364,0.2882086
2010-11-25 16:30:00,2010-11-26 01:15:00,0.29279998,0.29375997
2010-11-25 16:30:00,2010-11-26 01:30:00,0.23013332,0.28148305
2010-11-25 16:30:00,2010-11-26 01:45:00,0.15,0.2822178
2010-11-25 16:30:00,2010-11-26 02:00:00,0.218,0.27343747
2010-11-25 16:30:00,2010-11-26 02:15:00,0.16026667,0.27198237
2010-11-25 16:30:00,2010-11-26 02:30:00,0.21999998,0.26316884
2010-11-25 16:30:00,2010-11-26 02:45:00,0.16173334,0.26262876
2010-11-25 16:30:00,2010-11-26 03:00:00,0.19933334,0.26499128
2010-11-25 16:30:00,2010-11-26 03:15:00,0.25893334,0.27107936
2010-11-25 16:30:00,2010-11-26 03:30:00,0.152,0.25777766
2010-11-25 16:30:00,2010-11-26 03:45:00,0.24733332,0.26725915
2010-11-25 16:30:00,2010-11-26 04:00:00,0.17426665,0.26598722
2010-11-25 16:30:00,2010-11-26 04:15:00,0.19359998,0.28533742
2010-11-25 16:30:00,2010-11-26 04:30:00,0.16853333,0.28476432
2010-11-25 16:30:00,2010-11-26 04:45:00,0.20573333,0.2879682
2010-11-25 16:30:00,2010-11-26 05:00:00,0.18773334,0.27532744
2010-11-25 16:30:00,2010-11-26 05:15:00,0.12333333,0.28662273
2010-11-25 16:30:00,2010-11-26 05:30:00,0.2836,0.3046992
2010-11-25 16:30:00,2010-11-26 05:45:00,0.12146667,0.2854474
2010-11-25 16:30:00,2010-11-26 06:00:00,0.18853334,0.31368053
2010-11-25 16:30:00,2010-11-26 06:15:00,0.22426668,0.33490196
2010-11-25 16:30:00,2010-11-26 06:30:00,0.9669333,0.39407828
2010-11-25 16:30:00,2010-11-26 06:45:00,0.27733332,0.4440218
2010-11-25 16:30:00,2010-11-26 07:00:00,0.23053332,0.5117213
2010-11-25 16:30:00,2010-11-26 07:15:00,0.43213332,0.46404135
2010-11-25 16:30:00,2010-11-26 07:30:00,0.2782666,0.47819242
2010-11-25 16:30:00,2010-11-26 07:45:00,0.26866665,0.5099213
2010-11-25 16:30:00,2010-11-26 08:00:00,0.29759997,0.49025318
2010-11-25 16:30:00,2010-11-26 08:15:00,0.426,0.4223041
2010-11-25 16:30:00,2010-11-26 08:30:00,0.59386665,0.438128
2010-11-25 16:30:00,2010-11-26 08:45:00,0.43626663,0.41027218
2010-11-25 16:30:00,2010-11-26 09:00:00,0.56,0.39139852
2010-11-25 16:30:00,2010-11-26 09:15:00,0.85319996,0.393754
2010-11-25 16:30:00,2010-11-26 09:30:00,0.70519996,0.41364053
2010-11-25 16:30:00,2010-11-26 09:45:00,0.52853334,0.3734603
2010-11-25 16:30:00,2010-11-26 10:00:00,0.38986665,0.34671584
2010-11-25 16:30:00,2010-11-26 10:15:00,0.46799996,0.36534125
2010-11-25 16:30:00,2010-11-26 10:30:00,0.34866667,0.40053022
2010-11-25 16:30:00,2010-11-26 10:45:00,0.43186665,0.34513128
2010-11-25 16:30:00,2010-11-26 11:00:00,0.40586662,0.33700708
2010-11-25 16:30:00,2010-11-26 11:15:00,0.36413333,0.35903746
2010-11-25 16:30:00,2010-11-26 11:30:00,0.7066667,0.3702005
2010-11-25 16:30:00,2010-11-26 11:45:00,0.57226664,0.4018508
2010-11-25 16:30:00,2010-11-26 12:00:00,0.72360003,0.38871303
2010-11-25 16:30:00,2010-11-26 12:15:00,0.8501333,0.3733419
2010-11-25 16:30:00,2010-11-26 12:30:00,0.5904,0.37954146
2010-11-25 16:30:00,2010-11-26 12:45:00,0.6594667,0.4543469
2010-11-25 16:30:00,2010-11-26 13:00:00,0.5970667,0.38741633
2010-11-25 16:30:00,2010-11-26 13:15:00,0.6545333,0.38207024
2010-11-25 16:30:00,2010-11-26 13:30:00,0.65999997,0.3996537
2010-11-25 16:30:00,2010-11-26 13:45:00,0.9477333,0.39588848
2010-11-25 16:30:00,2010-11-26 14:00:00,0.98506665,0.47506684
2010-11-25 16:30:00,2010-11-26 14:15:00,0.36786664,0.3605644
2010-11-25 16:30:00,2010-11-26 14:30:00,0.17626664,0.3393332
2010-11-25 16:30:00,2010-11-26 14:45:00,0.22373329,0.32411045
2010-11-25 16:30:00,2010-11-26 15:00:00,0.18986663,0.3247013
2010-11-25 16:30:00,2010-11-26 15:15:00,0.21493332,0.32228696
2010-11-25 16:30:00,2010-11-26 15:30:00,0.37093326,0.33967555
2010-11-25 16:30:00,2010-11-26 15:45:00,0.60226667,0.43128997
2010-11-25 16:30:00,2010-11-26 16:00:00,0.29653326,0.34188896
2010-11-25 16:30:00,2010-11-26 16:15:00,0.2717333,0.33761704
2010-11-25 16:45:00,2010-11-25 16:45:00,0.13426666,0.2713225
2010-11-25 16:45:00,2010-11-25 17:00:00,0.26146665,0.29630366
2010-11-25 16:45:00,2010-11-25 17:15:00,0.29333332,0.28941453
2010-11-25 16:45:00,2010-11-25 17:30:00,0.41079998,0.3281165
2010-11-25 16:45:00,2010-11-25 17:45:00,0.54693335,0.32352787
2010-11-25 16:45:00,2010-11-25 18:00:00,0.45559996,0.3616554
2010-11-25 16:45:00,2010-11-25 18:15:00,0.5201333,0.41551206
2010-11-25 16:45:00,2010-11-25 18:30:00,0.5048,0.43776128
2010-11-25 16:45:00,2010-11-25 18:45:00,0.5197333,0.44984716
2010-11-25 16:45:00,2010-11-25 19:00:00,0.49173334,0.52536154
2010-11-25 16:45:00,2010-11-25 19:15:00,0.45293334,0.49036032
2010-11-25 16:45:00,2010-11-25 19:30:00,0.9118666,0.5403204
2010-11-25 16:45:00,2010-11-25 19:45:00,0.8441333,0.49738225
2010-11-25 16:45:00,2010-11-25 20:00:00,0.998,0.60387295
2010-11-25 16:45:00,2010-11-25 20:15:00,0.68106663,0.57720375
2010-11-25 16:45:00,2010-11-25 20:30:00,1.4341334,0.52124554
2010-11-25 16:45:00,2010-11-25 20:45:00,1.578,0.53508234
2010-11-25 16:45:00,2010-11-25 21:00:00,1.2,0.5189488
2010-11-25 16:45:00,2010-11-25 21:15:00,1.3104,0.5338452
2010-11-25 16:45:00,2010-11-25 21:30:00,1.3174667,0.6077006
2010-11-25 16:45:00,2010-11-25 21:45:00,1.2810667,0.57234675
2010-11-25 16:45:00,2010-11-25 22:00:00,1.2472,0.5504272
2010-11-25 16:45:00,2010-11-25 22:15:00,1.1254667,0.5468483
2010-11-25 16:45:00,2010-11-25 22:30:00,0.576,0.48099715
2010-11-25 16:45:00,2010-11-25 22:45:00,0.23026666,0.44078794
2010-11-25 16:45:00,2010-11-25 23:00:00,0.26066667,0.38176462
2010-11-25 16:45:00,2010-11-25 23:15:00,0.23133333,0.400643
2010-11-25 16:45:00,2010-11-25 23:30:00,0.18306665,0.39051726
2010-11-25 16:45:00,2010-11-25 23:45:00,0.18919998,0.38688862
2010-11-25 16:45:00,2010-11-26 00:00:00,0.19199994,0.2989448
2010-11-25 16:45:00,2010-11-26 00:15:00,0.22466666,0.2970866
2010-11-25 16:45:00,2010-11-26 00:30:00,0.37253332,0.30035406
2010-11-25 16:45:00,2010-11-26 00:45:00,0.4332,0.30666375
2010-11-25 16:45:00,2010-11-26 01:00:00,0.364,0.30205777
2010-11-25 16:45:00,2010-11-26 01:15:00,0.29279998,0.2849621
2010-11-25 16:45:00,2010-11-26 01:30:00,0.23013332,0.2849531
2010-11-25 16:45:00,2010-11-26 01:45:00,0.15,0.26360902
2010-11-25 16:45:00,2010-11-26 02:00:00,0.218,0.26113966
2010-11-25 16:45:00,2010-11-26 02:15:00,0.16026667,0.2773192
2010-11-25 16:45:00,2010-11-26 02:30:00,0.21999998,0.26392442
2010-11-25 16:45:00,2010-11-26 02:45:00,0.16173334,0.25379133
2010-11-25 16:45:00,2010-11-26 03:00:00,0.19933334,0.269533
2010-11-25 16:45:00,2010-11-26 03:15:00,0.25893334,0.26417044
2010-11-25 16:45:00,2010-11-26 03:30:00,0.152,0.26437443
2010-11-25 16:45:00,2010-11-26 03:45:00,0.24733332,0.27394894
2010-11-25 16:45:00,2010-11-26 04:00:00,0.17426665,0.27842855
2010-11-25 16:45:00,2010-11-26 04:15:00,0.19359998,0.2759695
2010-11-25 16:45:00,2010-11-26 04:30:00,0.16853333,0.2820867
2010-11-25 16:45:00,2010-11-26 04:45:00,0.20573333,0.27659854
2010-11-25 16:45:00,2010-11-26 05:00:00,0.18773334,0.2709381
2010-11-25 16:45:00,2010-11-26 05:15:00,0.12333333,0.2781501
2010-11-25 16:45:00,2010-11-26 05:30:00,0.2836,0.30455062
2010-11-25 16:45:00,2010-11-26 05:45:00,0.12146667,0.283434
2010-11-25 16:45:00,2010-11-26 06:00:00,0.18853334,0.32607245
2010-11-25 16:45:00,2010-11-26 06:15:00,0.22426668,0.3273198
2010-11-25 16:45:00,2010-11-26 06:30:00,0.9669333,0.38919634
2010-11-25 16:45:00,2010-11-26 06:45:00,0.27733332,0.4515389
2010-11-25 16:45:00,2010-11-26 07:00:00,0.23053332,0.46349362
2010-11-25 16:45:00,2010-11-26 07:15:00,0.43213332,0.4607737
2010-11-25 16:45:00,2010-11-26 07:30:00,0.2782666,0.47981164
2010-11-25 16:45:00,2010-11-26 07:45:00,0.26866665,0.5469958
2010-11-25 16:45:00,2010-11-26 08:00:00,0.29759997,0.52163464
2010-11-25 16:45:00,2010-11-26 08:15:00,0.426,0.42107135
2010-11-25 16:45:00,2010-11-26 08:30:00,0.59386665,0.4523523
2010-11-25 16:45:00,2010-11-26 08:45:00,0.43626663,0.4100668
2010-11-25 16:45:00,2010-11-26 09:00:00,0.56,0.3804363
2010-11-25 16:45:00,2010-11-26 09:15:00,0.85319996,0.38205227
2010-11-25 16:45:00,2010-11-26 09:30:00,0.70519996,0.41588682
2010-11-25 16:45:00,2010-11-26 09:45:00,0.52853334,0.3709768
2010-11-25 16:45:00,2010-11-26 10:00:00,0.38986665,0.36066648
2010-11-25 16:45:00,2010-11-26 10:15:00,0.46799996,0.35886273
2010-11-25 16:45:00,2010-11-26 10:30:00,0.34866667,0.39456943
2010-11-25 16:45:00,2010-11-26 10:45:00,0.43186665,0.36434963
2010-11-25 16:45:00,2010-11-26 11:00:00,0.40586662,0.34215957
2010-11-25 16:45:00,2010-11-26 11:15:00,0.36413333,0.36793602
2010-11-25 16:45:00,2010-11-26 11:30:00,0.7066667,0.38399506
2010-11-25 16:45:00,2010-11-26 11:45:00,0.57226664,0.36150974
2010-11-25 16:45:00,2010-11-26 12:00:00,0.72360003,0.41937518
2010-11-25 16:45:00,2010-11-26 12:15:00,0.8501333,0.38528255
2010-11-25 16:45:00,2010-11-26 12:30:00,0.5904,0.38024104
2010-11-25 16:45:00,2010-11-26 12:45:00,0.6594667,0.43031025
2010-11-25 16:45:00,2010-11-26 13:00:00,0.5970667,0.39257717
2010-11-25 16:45:00,2010-11-26 13:15:00,0.6545333,0.3939175
2010-11-25 16:45:00,2010-11-26 13:30:00,0.65999997,0.3897881
2010-11-25 16:45:00,2010-11-26 13:45:00,0.9477333,0.377703
2010-11-25 16:45:00,2010-11-26 14:00:00,0.98506665,0.43927836
2010-11-25 16:45:00,2010-11-26 14:15:00,0.36786664,0.36585924
2010-11-25 16:45:00,2010-11-26 14:30:00,0.17626664,0.34802145
2010-11-25 16:45:00,2010-11-26 14:45:00,0.22373329,0.32741472
2010-11-25 16:45:00,2010-11-26 15:00:00,0.18986663,0.32887822
2010-11-25 16:45:00,2010-11-26 15:15:00,0.21493332,0.3218901
2010-11-25 16:45:00,2010-11-26 15:30:00,0.37093326,0.3212234
2010-11-25 16:45:00,2010-11-26 15:45:00,0.60226667,0.4091502
2010-11-25 16:45:00,2010-11-26 16:00:00,0.29653326,0.32869577
2010-11-25 16:45:00,2010-11-26 16:15:00,0.2717333,0.3467568
2010-11-25 16:45:00,2010-11-26 16:30:00,0.3396,0.38328433
2010-11-25 17:00:00,2010-11-25 17:00:00,0.26146665,0.2620843
2010-11-25 17:00:00,2010-11-25 17:15:00,0.29333332,0.27431595
2010-11-25 17:00:00,2010-11-25 17:30:00,0.41079998,0.28132403
2010-11-25 17:00:00,2010-11-25 17:45:00,0.54693335,0.31826136
2010-11-25 17:00:00,2010-11-25 18:00:00,0.45559996,0.34494123
2010-11-25 17:00:00,2010-11-25 18:15:00,0.5201333,0.4242554
2010-11-25 17:00:00,2010-11-25 18:30:00,0.5048,0.42838567
2010-11-25 17:00:00,2010-11-25 18:45:00,0.5197333,0.42455986
2010-11-25 17:00:00,2010-11-25 19:00:00,0.49173334,0.48275486
2010-11-25 17:00:00,2010-11-25 19:15:00,0.45293334,0.47744408
2010-11-25 17:00:00,2010-11-25 19:30:00,0.9118666,0.5471476
2010-11-25 17:00:00,2010-11-25 19:45:00,0.8441333,0.4869026
2010-11-25 17:00:00,2010-11-25 20:00:00,0.998,0.5744145
2010-11-25 17:00:00,2010-11-25 20:15:00,0.68106663,0.609796
2010-11-25 17:00:00,2010-11-25 20:30:00,1.4341334,0.51297426
2010-11-25 17:00:00,2010-11-25 20:45:00,1.578,0.52359694
2010-11-25 17:00:00,2010-11-25 21:00:00,1.2,0.5514121
2010-11-25 17:00:00,2010-11-25 21:15:00,1.3104,0.5553837
2010-11-25 17:00:00,2010-11-25 21:30:00,1.3174667,0.57238597
2010-11-25 17:00:00,2010-11-25 21:45:00,1.2810667,0.5761722
2010-11-25 17:00:00,2010-11-25 22:00:00,1.2472,0.5426921
2010-11-25 17:00:00,2010-11-25 22:15:00,1.1254667,0.5483584
2010-11-25 17:00:00,2010-11-25 22:30:00,0.576,0.48438329
2010-11-25 17:00:00,2010-11-25 22:45:00,0.23026666,0.4492403
2010-11-25 17:00:00,2010-11-25 23:00:00,0.26066667,0.39800173
2010-11-25 17:00:00,2010-11-25 23:15:00,0.23133333,0.4037942
2010-11-25 17:00:00,2010-11-25 23:30:00,0.18306665,0.36872375
2010-11-25 17:00:00,2010-11-25 23:45:00,0.18919998,0.4039221
2010-11-25 17:00:00,2010-11-26 00:00:00,0.19199994,0.31466267
2010-11-25 17:00:00,2010-11-26 00:15:00,0.22466666,0.30718473
2010-11-25 17:00:00,2010-11-26 00:30:00,0.37253332,0.29490408
2010-11-25 17:00:00,2010-11-26 00:45:00,0.4332,0.31177446
2010-11-25 17:00:00,2010-11-26 01:00:00,0.364,0.30334753
2010-11-25 17:00:00,2010-11-26 01:15:00,0.29279998,0.29441163
2010-11-25 17:00:00,2010-11-26 01:30:00,0.23013332,0.28078938
2010-11-25 17:00:00,2010-11-26 01:45:00,0.15,0.2829469
2010-11-25 17:00:00,2010-11-26 02:00:00,0.218,0.265951
2010-11-25 17:00:00,2010-11-26 02:15:00,0.16026667,0.25958496
2010-11-25 17:00:00,2010-11-26 02:30:00,0.21999998,0.26077065
2010-11-25 17:00:00,2010-11-26 02:45:00,0.16173334,0.25533602
2010-11-25 17:00:00,2010-11-26 03:00:00,0.19933334,0.2556767
2010-11-25 17:00:00,2010-11-26 03:15:00,0.25893334,0.25958595
2010-11-25 17:00:00,2010-11-26 03:30:00,0.152,0.26735923
2010-11-25 17:00:00,2010-11-26 03:45:00,0.24733332,0.2737176
2010-11-25 17:00:00,2010-11-26 04:00:00,0.17426665,0.28488973
2010-11-25 17:00:00,2010-11-26 04:15:00,0.19359998,0.27152178
2010-11-25 17:00:00,2010-11-26 04:30:00,0.16853333,0.2591383
2010-11-25 17:00:00,2010-11-26 04:45:00,0.20573333,0.2821983
2010-11-25 17:00:00,2010-11-26 05:00:00,0.18773334,0.27393124
2010-11-25 17:00:00,2010-11-26 05:15:00,0.12333333,0.28650415
2010-11-25 17:00:00,2010-11-26 05:30:00,0.2836,0.2890645
2010-11-25 17:00:00,2010-11-26 05:45:00,0.12146667,0.29090208
2010-11-25 17:00:00,2010-11-26 06:00:00,0.18853334,0.32241607
2010-11-25 17:00:00,2010-11-26 06:15:00,0.22426668,0.32944638
2010-11-25 17:00:00,2010-11-26 06:30:00,0.9669333,0.3765543
2010-11-25 17:00:00,2010-11-26 06:45:00,0.27733332,0.4437629
2010-11-25 17:00:00,2010-11-26 07:00:00,0.23053332,0.5095292
2010-11-25 17:00:00,2010-11-26 07:15:00,0.43213332,0.4633051
2010-11-25 17:00:00,2010-11-26 07:30:00,0.2782666,0.4809106
2010-11-25 17:00:00,2010-11-26 07:45:00,0.26866665,0.50032884
2010-11-25 17:00:00,2010-11-26 08:00:00,0.29759997,0.5088204
2010-11-25 17:00:00,2010-11-26 08:15:00,0.426,0.41742873
2010-11-25 17:00:00,2010-11-26 08:30:00,0.59386665,0.43750826
2010-11-25 17:00:00,2010-11-26 08:45:00,0.43626663,0.40913716
2010-11-25 17:00:00,2010-11-26 09:00:00,0.56,0.39359882
2010-11-25 17:00:00,2010-11-26 09:15:00,0.85319996,0.3776818
2010-11-25 17:00:00,2010-11-26 09:30:00,0.70519996,0.42423606
2010-11-25 17:00:00,2010-11-26 09:45:00,0.52853334,0.37316453
2010-11-25 17:00:00,2010-11-26 10:00:00,0.38986665,0.36157173
2010-11-25 17:00:00,2010-11-26 10:15:00,0.46799996,0.37110636
2010-11-25 17:00:00,2010-11-26 10:30:00,0.34866667,0.4092839
2010-11-25 17:00:00,2010-11-26 10:45:00,0.43186665,0.35726756
2010-11-25 17:00:00,2010-11-26 11:00:00,0.40586662,0.35440293
2010-11-25 17:00:00,2010-11-26 11:15:00,0.36413333,0.36979276
2010-11-25 17:00:00,2010-11-26 11:30:00,0.7066667,0.38193068
2010-11-25 17:00:00,2010-11-26 11:45:00,0.57226664,0.3968932
2010-11-25 17:00:00,2010-11-26 12:00:00,0.72360003,0.41621745
2010-11-25 17:00:00,2010-11-26 12:15:00,0.8501333,0.3961324
2010-11-25 17:00:00,2010-11-26 12:30:00,0.5904,0.40997207
2010-11-25 17:00:00,2010-11-26 12:45:00,0.6594667,0.43000597
2010-11-25 17:00:00,2010-11-26 13:00:00,0.5970667,0.40544933
2010-11-25 17:00:00,2010-11-26 13:15:00,0.6545333,0.39581645
2010-11-25 17:00:00,2010-11-26 13:30:00,0.65999997,0.40800804
2010-11-25 17:00:00,2010-11-26 13:45:00,0.9477333,0.38539678
2010-11-25 17:00:00,2010-11-26 14:00:00,0.98506665,0.46064913
2010-11-25 17:00:00,2010-11-26 14:15:00,0.36786664,0.3574081
2010-11-25 17:00:00,2010-11-26 14:30:00,0.17626664,0.3365968
2010-11-25 17:00:00,2010-11-26 14:45:00,0.22373329,0.32762444
2010-11-25 17:00:00,2010-11-26 15:00:00,0.18986663,0.33002403
2010-11-25 17:00:00,2010-11-26 15:15:00,0.21493332,0.32089663
2010-11-25 17:00:00,2010-11-26 15:30:00,0.37093326,0.3146134
2010-11-25 17:00:00,2010-11-26 15:45:00,0.60226667,0.3797374
2010-11-25 17:00:00,2010-11-26 16:00:00,0.29653326,0.32511675
2010-11-25 17:00:00,2010-11-26 16:15:00,0.2717333,0.32260153
2010-11-25 17:00:00,2010-11-26 16:30:00,0.3396,0.42089972
2010-11-25 17:00:00,2010-11-26 16:45:00,0.25666666,0.33719596
2010-11-25 17:15:00,2010-11-25 17:15:00,0.29333332,0.26641697
2010-11-25 17:15:00,2010-11-25 17:30:00,0.41079998,0.29836255
2010-11-25 17:15:00,2010-11-25 17:45:00,0.54693335,0.31112492
2010-11-25 17:15:00,2010-11-25 18:00:00,0.45559996,0.3456067
2010-11-25 17:15:00,2010-11-25 18:15:00,0.5201333,0.41208145
2010-11-25 17:15:00,2010-11-25 18:30:00,0.5048,0.42221117
2010-11-25 17:15:00,2010-11-25 18:45:00,0.5197333,0.40417182
2010-11-25 17:15:00,2010-11-25 19:00:00,0.49173334,0.52658737
2010-11-25 17:15:00,2010-11-25 19:15:00,0.45293334,0.50182086
2010-11-25 17:15:00,2010-11-25 19:30:00,0.9118666,0.51349014
2010-11-25 17:15:00,2010-11-25 19:45:00,0.8441333,0.4741034
2010-11-25 17:15:00,2010-11-25 20:00:00,0.998,0.57672876
2010-11-25 17:15:00,2010-11-25 20:15:00,0.68106663,0.5544335
2010-11-25 17:15:00,2010-11-25 20:30:00,1.4341334,0.53235185
2010-11-25 17:15:00,2010-11-25 20:45:00,1.578,0.5349382
2010-11-25 17:15:00,2010-11-25 21:00:00,1.2,0.5002127
2010-11-25 17:15:00,2010-11-25 21:15:00,1.3104,0.5486572
2010-11-25 17:15:00,2010-11-25 21:30:00,1.3174667,0.5673516
2010-11-25 17:15:00,2010-11-25 21:45:00,1.2810667,0.5547727
2010-11-25 17:15:00,2010-11-25 22:00:00,1.2472,0.564387
2010-11-25 17:15:00,2010-11-25 22:15:00,1.1254667,0.5218013
2010-11-25 17:15:00,2010-11-25 22:30:00,0.576,0.47969443
2010-11-25 17:15:00,2010-11-25 22:45:00,0.23026666,0.47277817
2010-11-25 17:15:00,2010-11-25 23:00:00,0.26066667,0.40690562
2010-11-25 17:15:00,2010-11-25 23:15:00,0.23133333,0.41669804
2010-11-25 17:15:00,2010-11-25 23:30:00,0.18306665,0.37949944
2010-11-25 17:15:00,2010-11-25 23:45:00,0.18919998,0.40626237
2010-11-25 17:15:00,2010-11-26 00:00:00,0.19199994,0.30539957
2010-11-25 17:15:00,2010-11-26 00:15:00,0.22466666,0.31035027
2010-11-25 17:15:00,2010-11-26 00:30:00,0.37253332,0.30799147
2010-11-25 17:15:00,2010-11-26 00:45:00,0.4332,0.30500388
2010-11-25 17:15:00,2010-11-26 01:00:00,0.364,0.3111784
2010-11-25 17:15:00,2010-11-26 01:15:00,0.29279998,0.28378007
2010-11-25 17:15:00,2010-11-26 01:30:00,0.23013332,0.2931273
2010-11-25 17:15:00,2010-11-26 01:45:00,0.15,0.27089372
2010-11-25 17:15:00,2010-11-26 02:00:00,0.218,0.26800457
2010-11-25 17:15:00,2010-11-26 02:15:00,0.16026667,0.27282417
2010-11-25 17:15:00,2010-11-26 02:30:00,0.21999998,0.2679359
2010-11-25 17:15:00,2010-11-26 02:45:00,0.16173334,0.26545438
2010-11-25 17:15:00,2010-11-26 03:00:00,0.19933334,0.26706478
2010-11-25 17:15:00,2010-11-26 03:15:00,0.25893334,0.2563533
2010-11-25 17:15:00,2010-11-26 03:30:00,0.152,0.2645755
2010-11-25 17:15:00,2010-11-26 03:45:00,0.24733332,0.27031046
2010-11-25 17:15:00,2010-11-26 04:00:00,0.17426665,0.2770542
2010-11-25 17:15:00,2010-11-26 04:15:00,0.19359998,0.28706828
2010-11-25 17:15:00,2010-11-26 04:30:00,0.16853333,0.2837463
2010-11-25 17:15:00,2010-11-26 04:45:00,0.20573333,0.28439146
2010-11-25 17:15:00,2010-11-26 05:00:00,0.18773334,0.2855064
2010-11-25 17:15:00,2010-11-26 05:15:00,0.12333333,0.2813165
2010-11-25 17:15:00,2010-11-26 05:30:00,0.2836,0.2990489
2010-11-25 17:15:00,2010-11-26 05:45:00,0.12146667,0.2850051
2010-11-25 17:15:00,2010-11-26 06:00:00,0.18853334,0.3224096
2010-11-25 17:15:00,2010-11-26 06:15:00,0.22426668,0.3368783
2010-11-25 17:15:00,2010-11-26 06:30:00,0.9669333,0.3770692
2010-11-25 17:15:00,2010-11-26 06:45:00,0.27733332,0.48932076
2010-11-25 17:15:00,2010-11-26 07:00:00,0.23053332,0.512467
2010-11-25 17:15:00,2010-11-26 07:15:00,0.43213332,0.45410553
2010-11-25 17:15:00,2010-11-26 07:30:00,0.2782666,0.48008978
2010-11-25 17:15:00,2010-11-26 07:45:00,0.26866665,0.54330456
2010-11-25 17:15:00,2010-11-26 08:00:00,0.29759997,0.5115671
2010-11-25 17:15:00,2010-11-26 08:15:00,0.426,0.4051662
2010-11-25 17:15:00,2010-11-26 08:30:00,0.59386665,0.44620153
2010-11-25 17:15:00,2010-11-26 08:45:00,0.43626663,0.411494
2010-11-25 17:15:00,2010-11-26 09:00:00,0.56,0.3861559
2010-11-25 17:15:00,2010-11-26 09:15:00,0.85319996,0.3984585
2010-11-25 17:15:00,2010-11-26 09:30:00,0.70519996,0.4031569
2010-11-25 17:15:00,2010-11-26 09:45:00,0.52853334,0.35419026
2010-11-25 17:15:00,2010-11-26 10:00:00,0.38986665,0.3742441
2010-11-25 17:15:00,2010-11-26 10:15:00,0.46799996,0.35942662
2010-11-25 17:15:00,2010-11-26 10:30:00,0.34866667,0.39883623
2010-11-25 17:15:00,2010-11-26 10:45:00,0.43186665,0.352923
2010-11-25 17:15:00,2010-11-26 11:00:00,0.40586662,0.35424113
2010-11-25 17:15:00,2010-11-26 11:15:00,0.36413333,0.36669958
2010-11-25 17:15:00,2010-11-26 11:30:00,0.7066667,0.3677135
2010-11-25 17:15:00,2010-11-26 11:45:00,0.57226664,0.40624586
2010-11-25 17:15:00,2010-11-26 12:00:00,0.72360003,0.4045178
2010-11-25 17:15:00,2010-11-26 12:15:00,0.8501333,0.39865404
2010-11-25 17:15:00,2010-11-26 12:30:00,0.5904,0.39211318
2010-11-25 17:15:00,2010-11-26 12:45:00,0.6594667,0.43547013
2010-11-25 17:15:00,2010-11-26 13:00:00,0.5970667,0.40670577
2010-11-25 17:15:00,2010-11-26 13:15:00,0.6545333,0.38786545
2010-11-25 17:15:00,2010-11-26 13:30:00,0.65999997,0.38042888
2010-11-25 17:15:00,2010-11-26 13:45:00,0.9477333,0.38424444
2010-11-25 17:15:00,2010-11-26 14:00:00,0.98506665,0.4532056
2010-11-25 17:15:00,2010-11-26 14:15:00,0.36786664,0.38222703
2010-11-25 17:15:00,2010-11-26 14:30:00,0.17626664,0.3483316
2010-11-25 17:15:00,2010-11-26 14:45:00,0.22373329,0.3279097
2010-11-25 17:15:00,2010-11-26 15:00:00,0.18986663,0.3180303
2010-11-25 17:15:00,2010-11-26 15:15:00,0.21493332,0.31382534
2010-11-25 17:15:00,2010-11-26 15:30:00,0.37093326,0.31878984
2010-11-25 17:15:00,2010-11-26 15:45:00,0.60226667,0.38444415
2010-11-25 17:15:00,2010-11-26 16:00:00,0.29653326,0.3342345
2010-11-25 17:15:00,2010-11-26 16:15:00,0.2717333,0.34170666
2010-11-25 17:15:00,2010-11-26 16:30:00,0.3396,0.39886656
2010-11-25 17:15:00,2010-11-26 16:45:00,0.25666666,0.36613542
2010-11-25 17:15:00,2010-11-26 17:00:00,0.192,0.3529839
2010-11-25 17:30:00,2010-11-25 17:30:00,0.41079998,0.27771914
2010-11-25 17:30:00,2010-11-25 17:45:00,0.54693335,0.3097208
2010-11-25 17:30:00,2010-11-25 18:00:00,0.45559996,0.34320432
2010-11-25 17:30:00,2010-11-25 18:15:00,0.5201333,0.41326228
2010-11-25 17:30:00,2010-11-25 18:30:00,0.5048,0.4034001
2010-11-25 17:30:00,2010-11-25 18:45:00,0.5197333,0.43611768
2010-11-25 17:30:00,2010-11-25 19:00:00,0.49173334,0.48808035
2010-11-25 17:30:00,2010-11-25 19:15:00,0.45293334,0.46829352
2010-11-25 17:30:00,2010-11-25 19:30:00,0.9118666,0.5089556
2010-11-25 17:30:00,2010-11-25 19:45:00,0.8441333,0.4821899
2010-11-25 17:30:00,2010-11-25 20:00:00,0.998,0.60725874
2010-11-25 17:30:00,2010-11-25 20:15:00,0.68106663,0.54178923
2010-11-25 17:30:00,2010-11-25 20:30:00,1.4341334,0.53188676
2010-11-25 17:30:00,2010-11-25 20:45:00,1.578,0.5537525
2010-11-25 17:30:00,2010-11-25 21:00:00,1.2,0.5346381
2010-11-25 17:30:00,2010-11-25 21:15:00,1.3104,0.52790123
2010-11-25 17:30:00,2010-11-25 21:30:00,1.3174667,0.57219857
2010-11-25 17:30:00,2010-11-25 21:45:00,1.2810667,0.54919577
2010-11-25 17:30:00,2010-11-25 22:00:00,1.2472,0.53629756
2010-11-25 17:30:00,2010-11-25 22:15:00,1.1254667,0.56289995
2010-11-25 17:30:00,2010-11-25 22:30:00,0.576,0.51250553
2010-11-25 17:30:00,2010-11-25 22:45:00,0.23026666,0.46862206
2010-11-25 17:30:00,2010-11-25 23:00:00,0.26066667,0.40175962
2010-11-25 17:30:00,2010-11-25 23:15:00,0.23133333,0.394062
2010-11-25 17:30:00,2010-11-25 23:30:00,0.18306665,0.40533647
2010-11-25 17:30:00,2010-11-25 23:45:00,0.18919998,0.41548094
2010-11-25 17:30:00,2010-11-26 00:00:00,0.19199994,0.3109334
2010-11-25 17:30:00,2010-11-26 00:15:00,0.22466666,0.3006027
2010-11-25 17:30:00,2010-11-26 00:30:00,0.37253332,0.29358426
2010-11-25 17:30:00,2010-11-26 00:45:00,0.4332,0.30893114
2010-11-25 17:30:00,2010-11-26 01:00:00,0.364,0.28560498
2010-11-25 17:30:00,2010-11-26 01:15:00,0.29279998,0.28829327
2010-11-25 17:30:00,2010-11-26 01:30:00,0.23013332,0.2890795
2010-11-25 17:30:00,2010-11-26 01:45:00,0.15,0.28103596
2010-11-25 17:30:00,2010-11-26 02:00:00,0.218,0.2544759
2010-11-25 17:30:00,2010-11-26 02:15:00,0.16026667,0.27313215
2010-11-25 17:30:00,2010-11-26 02:30:00,0.21999998,0.25720578
2010-11-25 17:30:00,2010-11-26 02:45:00,0.16173334,0.25811306
2010-11-25 17:30:00,2010-11-26 03:00:00,0.19933334,0.28246987
2010-11-25 17:30:00,2010-11-26 03:15:00,0.25893334,0.27076346
2010-11-25 17:30:00,2010-11-26 03:30:00,0.152,0.25670987
2010-11-25 17:30:00,2010-11-26 03:45:00,0.24733332,0.27077156
2010-11-25 17:30:00,2010-11-26 04:00:00,0.17426665,0.26693273
2010-11-25 17:30:00,2010-11-26 04:15:00,0.19359998,0.26384637
2010-11-25 17:30:00,2010-11-26 04:30:00,0.16853333,0.283417
2010-11-25 17:30:00,2010-11-26 04:45:00,0.20573333,0.28147385
2010-11-25 17:30:00,2010-11-26 05:00:00,0.18773334,0.28013995
2010-11-25 17:30:00,2010-11-26 05:15:00,0.12333333,0.3060063
2010-11-25 17:30:00,2010-11-26 05:30:00,0.2836,0.29753622
2010-11-25 17:30:00,2010-11-26 05:45:00,0.12146667,0.28039452
2010-11-25 17:30:00,2010-11-26 06:00:00,0.18853334,0.32553503
2010-11-25 17:30:00,2010-11-26 06:15:00,0.22426668,0.33235595
2010-11-25 17:30:00,2010-11-26 06:30:00,0.9669333,0.38475823
2010-11-25 17:30:00,2010-11-26 06:45:00,0.27733332,0.4650181
2010-11-25 17:30:00,2010-11-26 07:00:00,0.23053332,0.50467104
2010-11-25 17:30:00,2010-11-26 07:15:00,0.43213332,0.45713097
2010-11-25 17:30:00,2010-11-26 07:30:00,0.2782666,0.4780072
2010-11-25 17:30:00,2010-11-26 07:45:00,0.26866665,0.5161591
2010-11-25 17:30:00,2010-11-26 08:00:00,0.29759997,0.5078889
2010-11-25 17:30:00,2010-11-26 08:15:00,0.426,0.4201882
2010-11-25 17:30:00,2010-11-26 08:30:00,0.59386665,0.45446742
2010-11-25 17:30:00,2010-11-26 08:45:00,0.43626663,0.40284824
2010-11-25 17:30:00,2010-11-26 09:00:00,0.56,0.3903321
2010-11-25 17:30:00,2010-11-26 09:15:00,0.85319996,0.38331068
2010-11-25 17:30:00,2010-11-26 09:30:00,0.70519996,0.41438517
2010-11-25 17:30:00,2010-11-26 09:45:00,0.52853334,0.38338557
2010-11-25 17:30:00,2010-11-26 10:00:00,0.38986665,0.35225114
2010-11-25 17:30:00,2010-11-26 10:15:00,0.46799996,0.37877735
2010-11-25 17:30:00,2010-11-26 10:30:00,0.34866667,0.4059078
2010-11-25 17:30:00,2010-11-26 10:45:00,0.43186665,0.35579398
2010-11-25 17:30:00,2010-11-26 11:00:00,0.40586662,0.34705567
2010-11-25 17:30:00,2010-11-26 11:15:00,0.36413333,0.37191412
2010-11-25 17:30:00,2010-11-26 11:30:00,0.7066667,0.37134042
2010-11-25 17:30:00,2010-11-26 11:45:00,0.57226664,0.40254474
2010-11-25 17:30:00,2010-11-26 12:00:00,0.72360003,0.43550476
2010-11-25 17:30:00,2010-11-26 12:15:00,0.8501333,0.3859715
2010-11-25 17:30:00,2010-11-26 12:30:00,0.5904,0.39575014
2010-11-25 17:30:00,2010-11-26 12:45:00,0.6594667,0.4494086
2010-11-25 17:30:00,2010-11-26 13:00:00,0.5970667,0.3953196
2010-11-25 17:30:00,2010-11-26 13:15:00,0.6545333,0.39223713
2010-11-25 17:30:00,2010-11-26 13:30:00,0.65999997,0.3938303
2010-11-25 17:30:00,2010-11-26 13:45:00,0.9477333,0.36389074
2010-11-25 17:30:00,2010-11-26 14:00:00,0.98506665,0.45050314
2010-11-25 17:30:00,2010-11-26 14:15:00,0.36786664,0.36389542
2010-11-25 17:30:00,2010-11-26 14:30:00,0.17626664,0.3381866
2010-11-25 17:30:00,2010-11-26 14:45:00,0.22373329,0.34635317
2010-11-25 17:30:00,2010-11-26 15:00:00,0.18986663,0.327024
2010-11-25 17:30:00,2010-11-26 15:15:00,0.21493332,0.32636186
2010-11-25 17:30:00,2010-11-26 15:30:00,0.37093326,0.32782176
2010-11-25 17:30:00,2010-11-26 15:45:00,0.60226667,0.3916722
2010-11-25 17:30:00,2010-11-26 16:00:00,0.29653326,0.33183363
2010-11-25 17:30:00,2010-11-26 16:15:00,0.2717333,0.3488095
2010-11-25 17:30:00,2010-11-26 16:30:00,0.3396,0.4066822
2010-11-25 17:30:00,2010-11-26 16:45:00,0.25666666,0.36093494
2010-11-25 17:30:00,2010-11-26 17:00:00,0.192,0.37036392
2010-11-25 17:30:00,2010-11-26 17:15:00,0.2777333,0.37517902
2010-11-25 17:45:00,2010-11-25 17:45:00,0.54693335,0.3375969
2010-11-25 17:45:00,2010-11-25 18:00:00,0.45559996,0.35937175
2010-11-25 17:45:00,2010-11-25 18:15:00,0.5201333,0.4470686
2010-11-25 17:45:00,2010-11-25 18:30:00,0.5048,0.435939
2010-11-25 17:45:00,2010-11-25 18:45:00,0.5197333,0.44957313
2010-11-25 17:45:00,2010-11-25 19:00:00,0.49173334,0.48957348
2010-11-25 17:45:00,2010-11-25 19:15:00,0.45293334,0.5004149
2010-11-25 17:45:00,2010-11-25 19:30:00,0.9118666,0.56581503
2010-11-25 17:45:00,2010-11-25 19:45:00,0.8441333,0.5062003
2010-11-25 17:45:00,2010-11-25 20:00:00,0.998,0.59418815
2010-11-25 17:45:00,2010-11-25 20:15:00,0.68106663,0.58944565
2010-11-25 17:45:00,2010-11-25 20:30:00,1.4341334,0.52814823
2010-11-25 17:45:00,2010-11-25 20:45:00,1.578,0.52496237
2010-11-25 17:45:00,2010-11-25 21:00:00,1.2,0.50559896
2010-11-25 17:45:00,2010-11-25 21:15:00,1.3104,0.56013215
2010-11-25 17:45:00,2010-11-25 21:30:00,1.3174667,0.5720165
2010-11-25 17:45:00,2010-11-25 21:45:00,1.2810667,0.60088354
2010-11-25 17:45:00,2010-11-25 22:00:00,1.2472,0.5457042
2010-11-25 17:45:00,2010-11-25 22:15:00,1.1254667,0.5537775
2010-11-25 17:45:00,2010-11-25 22:30:00,0.576,0.49607384
2010-11-25 17:45:00,2010-11-25 22:45:00,0.23026666,0.4514482
2010-11-25 17:45:00,2010-11-25 23:00:00,0.26066667,0.40208638
2010-11-25 17:45:00,2010-11-25 23:15:00,0.23133333,0.40765104
2010-11-25 17:45:00,2010-11-25 23:30:00,0.18306665,0.39720216
2010-11-25 17:45:00,2010-11-25 23:45:00,0.18919998,0.41673845
2010-11-25 17:45:00,2010-11-26 00:00:00,0.19199994,0.32433426
2010-11-25 17:45:00,2010-11-26 00:15:00,0.22466666,0.31306747
2010-11-25 17:45:00,2010-11-26 00:30:00,0.37253332,0.29176742
2010-11-25 17:45:00,2010-11-26 00:45:00,0.4332,0.30361614
2010-11-25 17:45:00,2010-11-26 01:00:00,0.364,0.31017748
2010-11-25 17:45:00,2010-11-26 01:15:00,0.29279998,0.29174867
2010-11-25 17:45:00,2010-11-26 01:30:00,0.23013332,0.28703365
2010-11-25 17:45:00,2010-11-26 01:45:00,0.15,0.28115982
2010-11-25 17:45:00,2010-11-26 02:00:00,0.218,0.26204437
2010-11-25 17:45:00,2010-11-26 02:15:00,0.16026667,0.2713946
2010-11-25 17:45:00,2010-11-26 02:30:00,0.21999998,0.27131355
2010-11-25 17:45:00,2010-11-26 02:45:00,0.16173334,0.270431
2010-11-25 17:45:00,2010-11-26 03:00:00,0.19933334,0.26001102
2010-11-25 17:45:00,2010-11-26 03:15:00,0.25893334,0.28281546
2010-11-25 17:45:00,2010-11-26 03:30:00,0.152,0.2620385
2010-11-25 17:45:00,2010-11-26 03:45:00,0.24733332,0.26732472
2010-11-25 17:45:00,2010-11-26 04:00:00,0.17426665,0.28275612
2010-11-25 17:45:00,2010-11-26 04:15:00,0.19359998,0.27017337
2010-11-25 17:45:00,2010-11-26 04:30:00,0.16853333,0.28195694
2010-11-25 17:45:00,2010-11-26 04:45:00,0.20573333,0.29125687
2010-11-25 17:45:00,2010-11-26 05:00:00,0.18773334,0.29154834
2010-11-25 17:45:00,2010-11-26 05:15:00,0.12333333,0.27404276
2010-11-25 17:45:00,2010-11-26 05:30:00,0.2836,0.3057558
2010-11-25 17:45:00,2010-11-26 05:45:00,0.12146667,0.2920498
2010-11-25 17:45:00,2010-11-26 06:00:00,0.18853334,0.3230214
2010-11-25 17:45:00,2010-11-26 06:15:00,0.22426668,0.34066653
2010-11-25 17:45:00,2010-11-26 06:30:00,0.9669333,0.37491855
2010-11-25 17:45:00,2010-11-26 06:45:00,0.27733332,0.45789117
2010-11-25 17:45:00,2010-11-26 07:00:00,0.23053332,0.4968952
2010-11-25 17:45:00,2010-11-26 07:15:00,0.43213332,0.46051314
2010-11-25 17:45:00,2010-11-26 07:30:00,0.2782666,0.4841586
2010-11-25 17:45:00,2010-11-26 07:45:00,0.26866665,0.5269851
2010-11-25 17:45:00,2010-11-26 08:00:00,0.29759997,0.4896127
2010-11-25 17:45:00,2010-11-26 08:15:00,0.426,0.43004665
2010-11-25 17:45:00,2010-11-26 08:30:00,0.59386665,0.44558954
2010-11-25 17:45:00,2010-11-26 08:45:00,0.43626663,0.39586952
2010-11-25 17:45:00,2010-11-26 09:00:00,0.56,0.3926432
2010-11-25 17:45:00,2010-11-26 09:15:00,0.85319996,0.38368195
2010-11-25 17:45:00,2010-11-26 09:30:00,0.70519996,0.40325207
2010-11-25 17:45:00,2010-11-26 09:45:00,0.52853334,0.3870793
2010-11-25 17:45:00,2010-11-26 10:00:00,0.38986665,0.36100668
2010-11-25 17:45:00,2010-11-26 10:15:00,0.46799996,0.3633952
2010-11-25 17:45:00,2010-11-26 10:30:00,0.34866667,0.4221569
2010-11-25 17:45:00,2010-11-26 10:45:00,0.43186665,0.34965312
2010-11-25 17:45:00,2010-11-26 11:00:00,0.40586662,0.3638294
2010-11-25 17:45:00,2010-11-26 11:15:00,0.36413333,0.36120325
2010-11-25 17:45:00,2010-11-26 11:30:00,0.7066667,0.3688881
2010-11-25 17:45:00,2010-11-26 11:45:00,0.57226664,0.39049682
2010-11-25 17:45:00,2010-11-26 12:00:00,0.72360003,0.4366945
2010-11-25 17:45:00,2010-11-26 12:15:00,0.8501333,0.38183653
2010-11-25 17:45:00,2010-11-26 12:30:00,0.5904,0.39682218
2010-11-25 17:45:00,2010-11-26 12:45:00,0.6594667,0.43015
2010-11-25 17:45:00,2010-11-26 13:00:00,0.5970667,0.3938188
2010-11-25 17:45:00,2010-11-26 13:15:00,0.6545333,0.37702313
2010-11-25 17:45:00,2010-11-26 13:30:00,0.65999997,0.38125697
2010-11-25 17:45:00,2010-11-26 13:45:00,0.9477333,0.37207884
2010-11-25 17:45:00,2010-11-26 14:00:00,0.98506665,0.43704575
2010-11-25 17:45:00,2010-11-26 14:15:00,0.36786664,0.36334538
2010-11-25 17:45:00,2010-11-26 14:30:00,0.17626664,0.34616706
2010-11-25 17:45:00,2010-11-26 14:45:00,0.22373329,0.33389658
2010-11-25 17:45:00,2010-11-26 15:00:00,0.18986663,0.32458794
2010-11-25 17:45:00,2010-11-26 15:15:00,0.21493332,0.32267836
2010-11-25 17:45:00,2010-11-26 15:30:00,0.37093326,0.32471958
2010-11-25 17:45:00,2010-11-26 15:45:00,0.60226667,0.38510957
2010-11-25 17:45:00,2010-11-26 16:00:00,0.29653326,0.33852082
2010-11-25 17:45:00,2010-11-26 16:15:00,0.2717333,0.33494225
2010-11-25 17:45:00,2010-11-26 16:30:00,0.3396,0.41410214
2010-11-25 17:45:00,2010-11-26 16:45:00,0.25666666,0.3647005
2010-11-25 17:45:00,2010-11-26 17:00:00,0.192,0.3881574
2010-11-25 17:45:00,2010-11-26 17:15:00,0.2777333,0.39666885
2010-11-25 17:45:00,2010-11-26 17:30:00,0.1689333,0.43019855
2010-11-25 18:00:00,2010-11-25 18:00:00,0.45559996,0.4584978
2010-11-25 18:00:00,2010-11-25 18:15:00,0.5201333,0.5029394
2010-11-25 18:00:00,2010-11-25 18:30:00,0.5048,0.505462
2010-11-25 18:00:00,2010-11-25 18:45:00,0.5197333,0.49094883
2010-11-25 18:00:00,2010-11-25 19:00:00,0.49173334,0.53953785
2010-11-25 18:00:00,2010-11-25 19:15:00,0.45293334,0.52733546
2010-11-25 18:00:00,2010-11-25 19:30:00,0.9118666,0.57055634
2010-11-25 18:00:00,2010-11-25 19:45:00,0.8441333,0.52484643
2010-11-25 18:00:00,2010-11-25 20:00:00,0.998,0.5995238
2010-11-25 18:00:00,2010-11-25 20:15:00,0.68106663,0.5801644
2010-11-25 18:00:00,2010-11-25 20:30:00,1.4341334,0.5385462
2010-11-25 18:00:00,2010-11-25 20:45:00,1.578,0.5240774
2010-11-25 18:00:00,2010-11-25 21:00:00,1.2,0.5148329
2010-11-25 18:00:00,2010-11-25 21:15:00,1.3104,0.55044556
2010-11-25 18:00:00,2010-11-25 21:30:00,1.3174667,0.61973196
2010-11-25 18:00:00,2010-11-25 21:45:00,1.2810667,0.5855416
2010-11-25 18:00:00,2010-11-25 22:00:00,1.2472,0.5616976
2010-11-25 18:00:00,2010-11-25 22:15:00,1.1254667,0.5051406
2010-11-25 18:00:00,2010-11-25 22:30:00,0.576,0.49829337
2010-11-25 18:00:00,2010-11-25 22:45:00,0.23026666,0.4548287
2010-11-25 18:00:00,2010-11-25 23:00:00,0.26066667,0.40731
2010-11-25 18:00:00,2010-11-25 23:15:00,0.23133333,0.3903466
2010-11-25 18:00:00,2010-11-25 23:30:00,0.18306665,0.3964552
2010-11-25 18:00:00,2010-11-25 23:45:00,0.18919998,0.42795473
2010-11-25 18:00:00,2010-11-26 00:00:00,0.19199994,0.32494426
2010-11-25 18:00:00,2010-11-26 00:15:00,0.22466666,0.3080542
2010-11-25 18:00:00,2010-11-26 00:30:00,0.37253332,0.29544857
2010-11-25 18:00:00,2010-11-26 00:45:00,0.4332,0.30740976
2010-11-25 18:00:00,2010-11-26 01:00:00,0.364,0.29951894
2010-11-25 18:00:00,2010-11-26 01:15:00,0.29279998,0.2930797
2010-11-25 18:00:00,2010-11-26 01:30:00,0.23013332,0.27277675
2010-11-25 18:00:00,2010-11-26 01:45:00,0.15,0.2908431
2010-11-25 18:00:00,2010-11-26 02:00:00,0.218,0.27680558
2010-11-25 18:00:00,2010-11-26 02:15:00,0.16026667,0.27258933
2010-11-25 18:00:00,2010-11-26 02:30:00,0.21999998,0.25824627
2010-11-25 18:00:00,2010-11-26 02:45:00,0.16173334,0.26401028
2010-11-25 18:00:00,2010-11-26 03:00:00,0.19933334,0.2705359
2010-11-25 18:00:00,2010-11-26 03:15:00,0.25893334,0.26540935
2010-11-25 18:00:00,2010-11-26 03:30:00,0.152,0.26973012
2010-11-25 18:00:00,2010-11-26 03:45:00,0.24733332,0.2724924
2010-11-25 18:00:00,2010-11-26 04:00:00,0.17426665,0.28115496
2010-11-25 18:00:00,2010-11-26 04:15:00,0.19359998,0.27715927
2010-11-25 18:00:00,2010-11-26 04:30:00,0.16853333,0.27437568
2010-11-25 18:00:00,2010-11-26 04:45:00,0.20573333,0.28326568
2010-11-25 18:00:00,2010-11-26 05:00:00,0.18773334,0.27849492
2010-11-25 18:00:00,2010-11-26 05:15:00,0.12333333,0.2827937
2010-11-25 18:00:00,2010-11-26 05:30:00,0.2836,0.28993925
2010-11-25 18:00:00,2010-11-26 05:45:00,0.12146667,0.2929232
2010-11-25 18:00:00,2010-11-26 06:00:00,0.18853334,0.32956803
2010-11-25 18:00:00,2010-11-26 06:15:00,0.22426668,0.34438124
2010-11-25 18:00:00,2010-11-26 06:30:00,0.9669333,0.38290405
2010-11-25 18:00:00,2010-11-26 06:45:00,0.27733332,0.48064497
2010-11-25 18:00:00,2010-11-26 07:00:00,0.23053332,0.5153492
2010-11-25 18:00:00,2010-11-26 07:15:00,0.43213332,0.46688858
2010-11-25 18:00:00,2010-11-26 07:30:00,0.2782666,0.4886905
2010-11-25 18:00:00,2010-11-26 07:45:00,0.26866665,0.5282929
2010-11-25 18:00:00,2010-11-26 08:00:00,0.29759997,0.506571
2010-11-25 18:00:00,2010-11-26 08:15:00,0.426,0.4191516
2010-11-25 18:00:00,2010-11-26 08:30:00,0.59386665,0.44824985
2010-11-25 18:00:00,2010-11-26 08:45:00,0.43626663,0.40636072
2010-11-25 18:00:00,2010-11-26 09:00:00,0.56,0.38194072
2010-11-25 18:00:00,2010-11-26 09:15:00,0.85319996,0.3797429
2010-11-25 18:00:00,2010-11-26 09:30:00,0.70519996,0.40544462
2010-11-25 18:00:00,2010-11-26 09:45:00,0.52853334,0.36919817
2010-11-25 18:00:00,2010-11-26 10:00:00,0.38986665,0.36639947
2010-11-25 18:00:00,2010-11-26 10:15:00,0.46799996,0.3608503
2010-11-25 18:00:00,2010-11-26 10:30:00,0.34866667,0.38203216
2010-11-25 18:00:00,2010-11-26 10:45:00,0.43186665,0.37079856
2010-11-25 18:00:00,2010-11-26 11:00:00,0.40586662,0.34534356
2010-11-25 18:00:00,2010-11-26 11:15:00,0.36413333,0.3831516
2010-11-25 18:00:00,2010-11-26 11:30:00,0.7066667,0.36823085
2010-11-25 18:00:00,2010-11-26 11:45:00,0.57226664,0.38122234
2010-11-25 18:00:00,2010-11-26 12:00:00,0.72360003,0.40138
2010-11-25 18:00:00,2010-11-26 12:15:00,0.8501333,0.40758032
2010-11-25 18:00:00,2010-11-26 12:30:00,0.5904,0.40614086
2010-11-25 18:00:00,2010-11-26 12:45:00,0.6594667,0.43612203
2010-11-25 18:00:00,2010-11-26 13:00:00,0.5970667,0.39703298
2010-11-25 18:00:00,2010-11-26 13:15:00,0.6545333,0.39094323
2010-11-25 18:00:00,2010-11-26 13:30:00,0.65999997,0.38362637
2010-11-25 18:00:00,2010-11-26 13:45:00,0.9477333,0.35477725
2010-11-25 18:00:00,2010-11-26 14:00:00,0.98506665,0.4536969
2010-11-25 18:00:00,2010-11-26 14:15:00,0.36786664,0.35925657
2010-11-25 18:00:00,2010-11-26 14:30:00,0.17626664,0.34709144
2010-11-25 18:00:00,2010-11-26 14:45:00,0.22373329,0.3214546
2010-11-25 18:00:00,2010-11-26 15:00:00,0.18986663,0.3255269
2010-11-25 18:00:00,2010-11-26 15:15:00,0.21493332,0.31231812
2010-11-25 18:00:00,2010-11-26 15:30:00,0.37093326,0.31378546
2010-11-25 18:00:00,2010-11-26 15:45:00,0.60226667,0.38703904
2010-11-25 18:00:00,2010-11-26 16:00:00,0.29653326,0.3410333
2010-11-25 18:00:00,2010-11-26 16:15:00,0.2717333,0.3329049
2010-11-25 18:00:00,2010-11-26 16:30:00,0.3396,0.41805592
2010-11-25 18:00:00,2010-11-26 16:45:00,0.25666666,0.37104645
2010-11-25 18:00:00,2010-11-26 17:00:00,0.192,0.3760762
2010-11-25 18:00:00,2010-11-26 17:15:00,0.2777333,0.41310525
2010-11-25 18:00:00,2010-11-26 17:30:00,0.1689333,0.42052287
2010-11-25 18:00:00,2010-11-26 17:45:00,0.21999998,0.4196533
2010-11-25 18:15:00,2010-11-25 18:15:00,0.5201333,0.4938896
2010-11-25 18:15:00,2010-11-25 18:30:00,0.5048,0.47695023
2010-11-25 18:15:00,2010-11-25 18:45:00,0.5197333,0.47656336
2010-11-25 18:15:00,2010-11-25 19:00:00,0.49173334,0.50288063
2010-11-25 18:15:00,2010-11-25 19:15:00,0.45293334,0.52991956
2010-11-25 18:15:00,2010-11-25 19:30:00,0.9118666,0.5752367
2010-11-25 18:15:00,2010-11-25 19:45:00,0.8441333,0.51650727
2010-11-25 18:15:00,2010-11-25 20:00:00,0.998,0.6417772
2010-11-25 18:15:00,2010-11-25 20:15:00,0.68106663,0.59422094
2010-11-25 18:15:00,2010-11-25 20:30:00,1.4341334,0.5396683
2010-11-25 18:15:00,2010-11-25 20:45:00,1.578,0.5519491
2010-11-25 18:15:00,2010-11-25 21:00:00,1.2,0.5151588
2010-11-25 18:15:00,2010-11-25 21:15:00,1.3104,0.5594849
2010-11-25 18:15:00,2010-11-25 21:30:00,1.3174667,0.5583562
2010-11-25 18:15:00,2010-11-25 21:45:00,1.2810667,0.5134855
2010-11-25 18:15:00,2010-11-25 22:00:00,1.2472,0.5863502
2010-11-25 18:15:00,2010-11-25 22:15:00,1.1254667,0.5166543
2010-11-25 18:15:00,2010-11-25 22:30:00,0.576,0.4857834
2010-11-25 18:15:00,2010-11-25 22:45:00,0.23026666,0.47987378
2010-11-25 18:15:00,2010-11-25 23:00:00,0.26066667,0.41928795
2010-11-25 18:15:00,2010-11-25 23:15:00,0.23133333,0.38962063
2010-11-25 18:15:00,2010-11-25 23:30:00,0.18306665,0.39633378
2010-11-25 18:15:00,2010-11-25 23:45:00,0.18919998,0.41150278
2010-11-25 18:15:00,2010-11-26 00:00:00,0.19199994,0.329454
2010-11-25 18:15:00,2010-11-26 00:15:00,0.22466666,0.3184899
2010-11-25 18:15:00,2010-11-26 00:30:00,0.37253332,0.29430196
2010-11-25 18:15:00,2010-11-26 00:45:00,0.4332,0.31424823
2010-11-25 18:15:00,2010-11-26 01:00:00,0.364,0.2987626
2010-11-25 18:15:00,2010-11-26 01:15:00,0.29279998,0.28921634
2010-11-25 18:15:00,2010-11-26 01:30:00,0.23013332,0.30084178
2010-11-25 18:15:00,2010-11-26 01:45:00,0.15,0.2720737
2010-11-25 18:15:00,2010-11-26 02:00:00,0.218,0.27191728
2010-11-25 18:15:00,2010-11-26 02:15:00,0.16026667,0.270056
2010-11-25 18:15:00,2010-11-26 02:30:00,0.21999998,0.26510122
2010-11-25 18:15:00,2010-11-26 02:45:00,0.16173334,0.25657827
2010-11-25 18:15:00,2010-11-26 03:00:00,0.19933334,0.2685968
2010-11-25 18:15:00,2010-11-26 03:15:00,0.25893334,0.2613958
2010-11-25 18:15:00,2010-11-26 03:30:00,0.152,0.2618612
2010-11-25 18:15:00,2010-11-26 03:45:00,0.24733332,0.2707279
2010-11-25 18:15:00,2010-11-26 04:00:00,0.17426665,0.2652072
2010-11-25 18:15:00,2010-11-26 04:15:00,0.19359998,0.2747746
2010-11-25 18:15:00,2010-11-26 04:30:00,0.16853333,0.28527963
2010-11-25 18:15:00,2010-11-26 04:45:00,0.20573333,0.29650688
2010-11-25 18:15:00,2010-11-26 05:00:00,0.18773334,0.2847411
2010-11-25 18:15:00,2010-11-26 05:15:00,0.12333333,0.28997746
2010-11-25 18:15:00,2010-11-26 05:30:00,0.2836,0.3060985
2010-11-25 18:15:00,2010-11-26 05:45:00,0.12146667,0.28201336
2010-11-25 18:15:00,2010-11-26 06:00:00,0.18853334,0.34153926
2010-11-25 18:15:00,2010-11-26 06:15:00,0.22426668,0.33996147
2010-11-25 18:15:00,2010-11-26 06:30:00,0.9669333,0.38205826
2010-11-25 18:15:00,2010-11-26 06:45:00,0.27733332,0.47958744
2010-11-25 18:15:00,2010-11-26 07:00:00,0.23053332,0.48747087
2010-11-25 18:15:00,2010-11-26 07:15:00,0.43213332,0.48029938
2010-11-25 18:15:00,2010-11-26 07:30:00,0.2782666,0.4889534
2010-11-25 18:15:00,2010-11-26 07:45:00,0.26866665,0.53721464
2010-11-25 18:15:00,2010-11-26 08:00:00,0.29759997,0.5165119
2010-11-25 18:15:00,2010-11-26 08:15:00,0.426,0.4338561
2010-11-25 18:15:00,2010-11-26 08:30:00,0.59386665,0.4477115
2010-11-25 18:15:00,2010-11-26 08:45:00,0.43626663,0.41845137
2010-11-25 18:15:00,2010-11-26 09:00:00,0.56,0.3855352
2010-11-25 18:15:00,2010-11-26 09:15:00,0.85319996,0.36948115
2010-11-25 18:15:00,2010-11-26 09:30:00,0.70519996,0.41256693
2010-11-25 18:15:00,2010-11-26 09:45:00,0.52853334,0.37527227
2010-11-25 18:15:00,2010-11-26 10:00:00,0.38986665,0.36669844
2010-11-25 18:15:00,2010-11-26 10:15:00,0.46799996,0.37335044
2010-11-25 18:15:00,2010-11-26 10:30:00,0.34866667,0.39126137
2010-11-25 18:15:00,2010-11-26 10:45:00,0.43186665,0.33889973
2010-11-25 18:15:00,2010-11-26 11:00:00,0.40586662,0.36130574
2010-11-25 18:15:00,2010-11-26 11:15:00,0.36413333,0.38559866
2010-11-25 18:15:00,2010-11-26 11:30:00,0.7066667,0.34868217
2010-11-25 18:15:00,2010-11-26 11:45:00,0.57226664,0.38484663
2010-11-25 18:15:00,2010-11-26 12:00:00,0.72360003,0.4135876
2010-11-25 18:15:00,2010-11-26 12:15:00,0.8501333,0.3654542
2010-11-25 18:15:00,2010-11-26 12:30:00,0.5904,0.39670134
2010-11-25 18:15:00,2010-11-26 12:45:00,0.6594667,0.447307
2010-11-25 18:15:00,2010-11-26 13:00:00,0.5970667,0.39972237
2010-11-25 18:15:00,2010-11-26 13:15:00,0.6545333,0.39826185
2010-11-25 18:15:00,2010-11-26 13:30:00,0.65999997,0.392694
2010-11-25 18:15:00,2010-11-26 13:45:00,0.9477333,0.37258646
2010-11-25 18:15:00,2010-11-26 14:00:00,0.98506665,0.43564767
2010-11-25 18:15:00,2010-11-26 14:15:00,0.36786664,0.36314565
2010-11-25 18:15:00,2010-11-26 14:30:00,0.17626664,0.34050813
2010-11-25 18:15:00,2010-11-26 14:45:00,0.22373329,0.32627213
2010-11-25 18:15:00,2010-11-26 15:00:00,0.18986663,0.32337484
2010-11-25 18:15:00,2010-11-26 15:15:00,0.21493332,0.31949252
2010-11-25 18:15:00,2010-11-26 15:30:00,0.37093326,0.32139507
2010-11-25 18:15:00,2010-11-26 15:45:00,0.60226667,0.38875818
2010-11-25 18:15:00,2010-11-26 16:00:00,0.29653326,0.34909174
2010-11-25 18:15:00,2010-11-26 16:15:00,0.2717333,0.34210306
2010-11-25 18:15:00,2010-11-26 16:30:00,0.3396,0.40698335
2010-11-25 18:15:00,2010-11-26 16:45:00,0.25666666,0.3672325
2010-11-25 18:15:00,2010-11-26 17:00:00,0.192,0.41290933
2010-11-25 18:15:00,2010-11-26 17:15:00,0.2777333,0.40408385
2010-11-25 18:15:00,2010-11-26 17:30:00,0.1689333,0.44689345
2010-11-25 18:15:00,2010-11-26 17:45:00,0.21999998,0.42505223
2010-11-25 18:15:00,2010-11-26 18:00:00,0.15799999,0.4763386
2010-11-25 18:30:00,2010-11-25 18:30:00,0.5048,0.50382084
2010-11-25 18:30:00,2010-11-25 18:45:00,0.5197333,0.5255479
2010-11-25 18:30:00,2010-11-25 19:00:00,0.49173334,0.54500735
2010-11-25 18:30:00,2010-11-25 19:15:00,0.45293334,0.56043607
2010-11-25 18:30:00,2010-11-25 19:30:00,0.9118666,0.599726
2010-11-25 18:30:00,2010-11-25 19:45:00,0.8441333,0.53478545
2010-11-25 18:30:00,2010-11-25 20:00:00,0.998,0.647112
2010-11-25 18:30:00,2010-11-25 20:15:00,0.68106663,0.6183251
2010-11-25 18:30:00,2010-11-25 20:30:00,1.4341334,0.53838676
2010-11-25 18:30:00,2010-11-25 20:45:00,1.578,0.5442968
2010-11-25 18:30:00,2010-11-25 21:00:00,1.2,0.5290649
2010-11-25 18:30:00,2010-11-25 21:15:00,1.3104,0.5495923
2010-11-25 18:30:00,2010-11-25 21:30:00,1.3174667,0.5918265
2010-11-25 18:30:00,2010-11-25 21:45:00,1.2810667,0.5886041
2010-11-25 18:30:00,2010-11-25 22:00:00,1.2472,0.5168875
2010-11-25 18:30:00,2010-11-25 22:15:00,1.1254667,0.5644898
2010-11-25 18:30:00,2010-11-25 22:30:00,0.576,0.5391932
2010-11-25 18:30:00,2010-11-25 22:45:00,0.23026666,0.4406645
2010-11-25 18:30:00,2010-11-25 23:00:00,0.26066667,0.45297575
2010-11-25 18:30:00,2010-11-25 23:15:00,0.23133333,0.44783628
2010-11-25 18:30:00,2010-11-25 23:30:00,0.18306665,0.39967772
2010-11-25 18:30:00,2010-11-25 23:45:00,0.18919998,0.40241843
2010-11-25 18:30:00,2010-11-26 00:00:00,0.19199994,0.32308576
2010-11-25 18:30:00,2010-11-26 00:15:00,0.22466666,0.31447127
2010-11-25 18:30:00,2010-11-26 00:30:00,0.37253332,0.29932728
2010-11-25 18:30:00,2010-11-26 00:45:00,0.4332,0.30494133
2010-11-25 18:30:00,2010-11-26 01:00:00,0.364,0.30419844
2010-11-25 18:30:00,2010-11-26 01:15:00,0.29279998,0.28688732
2010-11-25 18:30:00,2010-11-26 01:30:00,0.23013332,0.29373404
2010-11-25 18:30:00,2010-11-26 01:45:00,0.15,0.28643546
2010-11-25 18:30:00,2010-11-26 02:00:00,0.218,0.2729766
2010-11-25 18:30:00,2010-11-26 02:15:00,0.16026667,0.27384746
2010-11-25 18:30:00,2010-11-26 02:30:00,0.21999998,0.26196095
2010-11-25 18:30:00,2010-11-26 02:45:00,0.16173334,0.2640952
2010-11-25 18:30:00,2010-11-26 03:00:00,0.19933334,0.2578558
2010-11-25 18:30:00,2010-11-26 03:15:00,0.25893334,0.2663784
2010-11-25 18:30:00,2010-11-26 03:30:00,0.152,0.26826164
2010-11-25 18:30:00,2010-11-26 03:45:00,0.24733332,0.27513784
2010-11-25 18:30:00,2010-11-26 04:00:00,0.17426665,0.28175712
2010-11-25 18:30:00,2010-11-26 04:15:00,0.19359998,0.27845493
2010-11-25 18:30:00,2010-11-26 04:30:00,0.16853333,0.2906251
2010-11-25 18:30:00,2010-11-26 04:45:00,0.20573333,0.29900134
2010-11-25 18:30:00,2010-11-26 05:00:00,0.18773334,0.2929183
2010-11-25 18:30:00,2010-11-26 05:15:00,0.12333333,0.28642365
2010-11-25 18:30:00,2010-11-26 05:30:00,0.2836,0.31059274
2010-11-25 18:30:00,2010-11-26 05:45:00,0.12146667,0.29215834
2010-11-25 18:30:00,2010-11-26 06:00:00,0.18853334,0.31258452
2010-11-25 18:30:00,2010-11-26 06:15:00,0.22426668,0.3323142
2010-11-25 18:30:00,2010-11-26 06:30:00,0.9669333,0.36883277
2010-11-25 18:30:00,2010-11-26 06:45:00,0.27733332,0.46328875
2010-11-25 18:30:00,2010-11-26 07:00:00,0.23053332,0.5087708
2010-11-25 18:30:00,2010-11-26 07:15:00,0.43213332,0.46334025
2010-11-25 18:30:00,2010-11-26 07:30:00,0.2782666,0.4784436
2010-11-25 18:30:00,2010-11-26 07:45:00,0.26866665,0.53371775
2010-11-25 18:30:00,2010-11-26 08:00:00,0.29759997,0.5476409
2010-11-25 18:30:00,2010-11-26 08:15:00,0.426,0.42658877
2010-11-25 18:30:00,2010-11-26 08:30:00,0.59386665,0.46918333
2010-11-25 18:30:00,2010-11-26 08:45:00,0.43626663,0.40981206
2010-11-25 18:30:00,2010-11-26 09:00:00,0.56,0.40327394
2010-11-25 18:30:00,2010-11-26 09:15:00,0.85319996,0.38197163
2010-11-25 18:30:00,2010-11-26 09:30:00,0.70519996,0.41776818
2010-11-25 18:30:00,2010-11-26 09:45:00,0.52853334,0.3918269
2010-11-25 18:30:00,2010-11-26 10:00:00,0.38986665,0.37034217
2010-11-25 18:30:00,2010-11-26 10:15:00,0.46799996,0.3918198
2010-11-25 18:30:00,2010-11-26 10:30:00,0.34866667,0.4035229
2010-11-25 18:30:00,2010-11-26 10:45:00,0.43186665,0.35048
2010-11-25 18:30:00,2010-11-26 11:00:00,0.40586662,0.35787764
2010-11-25 18:30:00,2010-11-26 11:15:00,0.36413333,0.38237903
2010-11-25 18:30:00,2010-11-26 11:30:00,0.7066667,0.36593407
2010-11-25 18:30:00,2010-11-26 11:45:00,0.57226664,0.40305263
2010-11-25 18:30:00,2010-11-26 12:00:00,0.72360003,0.40894735
2010-11-25 18:30:00,2010-11-26 12:15:00,0.8501333,0.38737187
2010-11-25 18:30:00,2010-11-26 12:30:00,0.5904,0.39899322
2010-11-25 18:30:00,2010-11-26 12:45:00,0.6594667,0.42829692
2010-11-25 18:30:00,2010-11-26 13:00:00,0.5970667,0.40467304
2010-11-25 18:30:00,2010-11-26 13:15:00,0.6545333,0.4043861
2010-11-25 18:30:00,2010-11-26 13:30:00,0.65999997,0.39220777
2010-11-25 18:30:00,2010-11-26 13:45:00,0.9477333,0.3812432
2010-11-25 18:30:00,2010-11-26 14:00:00,0.98506665,0.42609563
2010-11-25 18:30:00,2010-11-26 14:15:00,0.36786664,0.36448327
2010-11-25 18:30:00,2010-11-26 14:30:00,0.17626664,0.3387165
2010-11-25 18:30:00,2010-11-26 14:45:00,0.22373329,0.3463014
2010-11-25 18:30:00,2010-11-26 15:00:00,0.18986663,0.3182114
2010-11-25 18:30:00,2010-11-26 15:15:00,0.21493332,0.32472658
2010-11-25 18:30:00,2010-11-26 15:30:00,0.37093326,0.3195283
2010-11-25 18:30:00,2010-11-26 15:45:00,0.60226667,0.37673536
2010-11-25 18:30:00,2010-11-26 16:00:00,0.29653326,0.34279665
2010-11-25 18:30:00,2010-11-26 16:15:00,0.2717333,0.33773372
2010-11-25 18:30:00,2010-11-26 16:30:00,0.3396,0.40718
2010-11-25 18:30:00,2010-11-26 16:45:00,0.25666666,0.36343825
2010-11-25 18:30:00,2010-11-26 17:00:00,0.192,0.39620402
2010-11-25 18:30:00,2010-11-26 17:15:00,0.2777333,0.42231876
2010-11-25 18:30:00,2010-11-26 17:30:00,0.1689333,0.41349027
2010-11-25 18:30:00,2010-11-26 17:45:00,0.21999998,0.44545767
2010-11-25 18:30:00,2010-11-26 18:00:00,0.15799999,0.48881704
2010-11-25 18:30:00,2010-11-26 18:15:00,0.6208,0.48806068
2010-11-25 18:45:00,2010-11-25 18:45:00,0.5197333,0.4998227
2010-11-25 18:45:00,2010-11-25 19:00:00,0.49173334,0.5565169
2010-11-25 18:45:00,2010-11-25 19:15:00,0.45293334,0.53060645
2010-11-25 18:45:00,2010-11-25 19:30:00,0.9118666,0.6002426
2010-11-25 18:45:00,2010-11-25 19:45:00,0.8441333,0.55030257
2010-11-25 18:45:00,2010-11-25 20:00:00,0.998,0.5831488
2010-11-25 18:45:00,2010-11-25 20:15:00,0.68106663,0.57781696
2010-11-25 18:45:00,2010-11-25 20:30:00,1.4341334,0.5554606
2010-11-25 18:45:00,2010-11-25 20:45:00,1.578,0.55062634
2010-11-25 18:45:00,2010-11-25 21:00:00,1.2,0.54820603
2010-11-25 18:45:00,2010-11-25 21:15:00,1.3104,0.53965414
2010-11-25 18:45:00,2010-11-25 21:30:00,1.3174667,0.5741845
2010-11-25 18:45:00,2010-11-25 21:45:00,1.2810667,0.5592748
2010-11-25 18:45:00,2010-11-25 22:00:00,1.2472,0.5582437
2010-11-25 18:45:00,2010-11-25 22:15:00,1.1254667,0.5188624
2010-11-25 18:45:00,2010-11-25 22:30:00,0.576,0.5102837
2010-11-25 18:45:00,2010-11-25 22:45:00,0.23026666,0.48183548
2010-11-25 18:45:00,2010-11-25 23:00:00,0.26066667,0.39601627
2010-11-25 18:45:00,2010-11-25 23:15:00,0.23133333,0.42526278
2010-11-25 18:45:00,2010-11-25 23:30:00,0.18306665,0.42558563
2010-11-25 18:45:00,2010-11-25 23:45:00,0.18919998,0.40341917
2010-11-25 18:45:00,2010-11-26 00:00:00,0.19199994,0.318259
2010-11-25 18:45:00,2010-11-26 00:15:00,0.22466666,0.31990156
2010-11-25 18:45:00,2010-11-26 00:30:00,0.37253332,0.30549884
2010-11-25 18:45:00,2010-11-26 00:45:00,0.4332,0.319021
2010-11-25 18:45:00,2010-11-26 01:00:00,0.364,0.29770997
2010-11-25 18:45:00,2010-11-26 01:15:00,0.29279998,0.28039292
2010-11-25 18:45:00,2010-11-26 01:30:00,0.23013332,0.2832735
2010-11-25 18:45:00,2010-11-26 01:45:00,0.15,0.28974313
2010-11-25 18:45:00,2010-11-26 02:00:00,0.218,0.2775325
2010-11-25 18:45:00,2010-11-26 02:15:00,0.16026667,0.26319855
2010-11-25 18:45:00,2010-11-26 02:30:00,0.21999998,0.2700027
2010-11-25 18:45:00,2010-11-26 02:45:00,0.16173334,0.26822546
2010-11-25 18:45:00,2010-11-26 03:00:00,0.19933334,0.2775924
2010-11-25 18:45:00,2010-11-26 03:15:00,0.25893334,0.2685545
2010-11-25 18:45:00,2010-11-26 03:30:00,0.152,0.26663414
2010-11-25 18:45:00,2010-11-26 03:45:00,0.24733332,0.2804144
2010-11-25 18:45:00,2010-11-26 04:00:00,0.17426665,0.28159586
2010-11-25 18:45:00,2010-11-26 04:15:00,0.19359998,0.2716364
2010-11-25 18:45:00,2010-11-26 04:30:00,0.16853333,0.2891416
2010-11-25 18:45:00,2010-11-26 04:45:00,0.20573333,0.29386383
2010-11-25 18:45:00,2010-11-26 05:00:00,0.18773334,0.30379102
2010-11-25 18:45:00,2010-11-26 05:15:00,0.12333333,0.3022596
2010-11-25 18:45:00,2010-11-26 05:30:00,0.2836,0.30512556
2010-11-25 18:45:00,2010-11-26 05:45:00,0.12146667,0.2984196
2010-11-25 18:45:00,2010-11-26 06:00:00,0.18853334,0.32040054
2010-11-25 18:45:00,2010-11-26 06:15:00,0.22426668,0.34804276
2010-11-25 18:45:00,2010-11-26 06:30:00,0.9669333,0.39014423
2010-11-25 18:45:00,2010-11-26 06:45:00,0.27733332,0.46502188
2010-11-25 18:45:00,2010-11-26 07:00:00,0.23053332,0.51687455
2010-11-25 18:45:00,2010-11-26 07:15:00,0.43213332,0.47971812
2010-11-25 18:45:00,2010-11-26 07:30:00,0.2782666,0.4811968
2010-11-25 18:45:00,2010-11-26 07:45:00,0.26866665,0.5378136
2010-11-25 18:45:00,2010-11-26 08:00:00,0.29759997,0.50332767
2010-11-25 18:45:00,2010-11-26 08:15:00,0.426,0.44471046
2010-11-25 18:45:00,2010-11-26 08:30:00,0.59386665,0.46035
2010-11-25 18:45:00,2010-11-26 08:45:00,0.43626663,0.40760016
2010-11-25 18:45:00,2010-11-26 09:00:00,0.56,0.3885428
2010-11-25 18:45:00,2010-11-26 09:15:00,0.85319996,0.3837424
2010-11-25 18:45:00,2010-11-26 09:30:00,0.70519996,0.40877745
2010-11-25 18:45:00,2010-11-26 09:45:00,0.52853334,0.3579905
2010-11-25 18:45:00,2010-11-26 10:00:00,0.38986665,0.38041762
2010-11-25 18:45:00,2010-11-26 10:15:00,0.46799996,0.37869143
2010-11-25 18:45:00,2010-11-26 10:30:00,0.34866667,0.41109547
2010-11-25 18:45:00,2010-11-26 10:45:00,0.43186665,0.3671825
2010-11-25 18:45:00,2010-11-26 11:00:00,0.40586662,0.36666545
2010-11-25 18:45:00,2010-11-26 11:15:00,0.36413333,0.36460286
2010-11-25 18:45:00,2010-11-26 11:30:00,0.7066667,0.37877655
2010-11-25 18:45:00,2010-11-26 11:45:00,0.57226664,0.38479856
2010-11-25 18:45:00,2010-11-26 12:00:00,0.72360003,0.41851717
2010-11-25 18:45:00,2010-11-26 12:15:00,0.8501333,0.38042074
2010-11-25 18:45:00,2010-11-26 12:30:00,0.5904,0.39357215
2010-11-25 18:45:00,2010-11-26 12:45:00,0.6594667,0.43156642
2010-11-25 18:45:00,2010-11-26 13:00:00,0.5970667,0.40270376
2010-11-25 18:45:00,2010-11-26 13:15:00,0.6545333,0.3942488
2010-11-25 18:45:00,2010-11-26 13:30:00,0.65999997,0.40104455
2010-11-25 18:45:00,2010-11-26 13:45:00,0.9477333,0.39014202
2010-11-25 18:45:00,2010-11-26 14:00:00,0.98506665,0.44018355
2010-11-25 18:45:00,2010-11-26 14:15:00,0.36786664,0.3598659
2010-11-25 18:45:00,2010-11-26 14:30:00,0.17626664,0.32744962
2010-11-25 18:45:00,2010-11-26 14:45:00,0.22373329,0.3360733
2010-11-25 18:45:00,2010-11-26 15:00:00,0.18986663,0.32700354
2010-11-25 18:45:00,2010-11-26 15:15:00,0.21493332,0.3135713
2010-11-25 18:45:00,2010-11-26 15:30:00,0.37093326,0.31770432
2010-11-25 18:45:00,2010-11-26 15:45:00,0.60226667,0.408781
2010-11-25 18:45:00,2010-11-26 16:00:00,0.29653326,0.341768
2010-11-25 18:45:00,2010-11-26 16:15:00,0.2717333,0.34377524
2010-11-25 18:45:00,2010-11-26 16:30:00,0.3396,0.41711977
2010-11-25 18:45:00,2010-11-26 16:45:00,0.25666666,0.37504256
2010-11-25 18:45:00,2010-11-26 17:00:00,0.192,0.4014189
2010-11-25 18:45:00,2010-11-26 17:15:00,0.2777333,0.40928057
2010-11-25 18:45:00,2010-11-26 17:30:00,0.1689333,0.43883762
2010-11-25 18:45:00,2010-11-26 17:45:00,0.21999998,0.43262273
2010-11-25 18:45:00,2010-11-26 18:00:00,0.15799999,0.48241535
2010-11-25 18:45:00,2010-11-26 18:15:00,0.6208,0.5138863
2010-11-25 18:45:00,2010-11-26 18:30:00,0.60573334,0.5192089
2010-11-25 19:00:00,2010-11-25 19:00:00,0.49173334,0.5677241
2010-11-25 19:00:00,2010-11-25 19:15:00,0.45293334,0.5515181
2010-11-25 19:00:00,2010-11-25 19:30:00,0.9118666,0.5643868
2010-11-25 19:00:00,2010-11-25 19:45:00,0.8441333,0.5392901
2010-11-25 19:00:00,2010-11-25 20:00:00,0.998,0.5945751
2010-11-25 19:00:00,2010-11-25 20:15:00,0.68106663,0.5881374
2010-11-25 19:00:00,2010-11-25 20:30:00,1.4341334,0.5396885
2010-11-25 19:00:00,2010-11-25 20:45:00,1.578,0.569064
2010-11-25 19:00:00,2010-11-25 21:00:00,1.2,0.5486878
2010-11-25 19:00:00,2010-11-25 21:15:00,1.3104,0.57481694
2010-11-25 19:00:00,2010-11-25 21:30:00,1.3174667,0.61301976
2010-11-25 19:00:00,2010-11-25 21:45:00,1.2810667,0.5647358
2010-11-25 19:00:00,2010-11-25 22:00:00,1.2472,0.547262
2010-11-25 19:00:00,2010-11-25 22:15:00,1.1254667,0.5355729
2010-11-25 19:00:00,2010-11-25 22:30:00,0.576,0.49298134
2010-11-25 19:00:00,2010-11-25 22:45:00,0.23026666,0.46498248
2010-11-25 19:00:00,2010-11-25 23:00:00,0.26066667,0.43743825
2010-11-25 19:00:00,2010-11-25 23:15:00,0.23133333,0.38594866
2010-11-25 19:00:00,2010-11-25 23:30:00,0.18306665,0.4170631
2010-11-25 19:00:00,2010-11-25 23:45:00,0.18919998,0.421322
2010-11-25 19:00:00,2010-11-26 00:00:00,0.19199994,0.31944144
2010-11-25 19:00:00,2010-11-26 00:15:00,0.22466666,0.31253722
2010-11-25 19:00:00,2010-11-26 00:30:00,0.37253332,0.29137114
2010-11-25 19:00:00,2010-11-26 00:45:00,0.4332,0.31114843
2010-11-25 19:00:00,2010-11-26 01:00:00,0.364,0.296879
2010-11-25 19:00:00,2010-11-26 01:15:00,0.29279998,0.29336283
2010-11-25 19:00:00,2010-11-26 01:30:00,0.23013332,0.28472397
2010-11-25 19:00:00,2010-11-26 01:45:00,0.15,0.28882214
2010-11-25 19:00:00,2010-11-26 02:00:00,0.218,0.27290395
2010-11-25 19:00:00,2010-11-26 02:15:00,0.16026667,0.27453247
2010-11-25 19:00:00,2010-11-26 02:30:00,0.21999998,0.27803683
2010-11-25 19:00:00,2010-11-26 02:45:00,0.16173334,0.26728222
2010-11-25 19:00:00,2010-11-26 03:00:00,0.19933334,0.2706991
2010-11-25 19:00:00,2010-11-26 03:15:00,0.25893334,0.2779663
2010-11-25 19:00:00,2010-11-26 03:30:00,0.152,0.26830837
2010-11-25 19:00:00,2010-11-26 03:45:00,0.24733332,0.27400407
2010-11-25 19:00:00,2010-11-26 04:00:00,0.17426665,0.27918574
2010-11-25 19:00:00,2010-11-26 04:15:00,0.19359998,0.27324775
2010-11-25 19:00:00,2010-11-26 04:30:00,0.16853333,0.2777857
2010-11-25 19:00:00,2010-11-26 04:45:00,0.20573333,0.29694587
2010-11-25 19:00:00,2010-11-26 05:00:00,0.18773334,0.28063214
2010-11-25 19:00:00,2010-11-26 05:15:00,0.12333333,0.30439836
2010-11-25 19:00:00,2010-11-26 05:30:00,0.2836,0.3145978
2010-11-25 19:00:00,2010-11-26 05:45:00,0.12146667,0.2918926
2010-11-25 19:00:00,2010-11-26 06:00:00,0.18853334,0.32499638
2010-11-25 19:00:00,2010-11-26 06:15:00,0.22426668,0.33507475
2010-11-25 19:00:00,2010-11-26 06:30:00,0.9669333,0.39163774
2010-11-25 19:00:00,2010-11-26 06:45:00,0.27733332,0.46583906
2010-11-25 19:00:00,2010-11-26 07:00:00,0.23053332,0.5326517
2010-11-25 19:00:00,2010-11-26 07:15:00,0.43213332,0.45549238
2010-11-25 19:00:00,2010-11-26 07:30:00,0.2782666,0.4966426
2010-11-25 19:00:00,2010-11-26 07:45:00,0.26866665,0.5264319
2010-11-25 19:00:00,2010-11-26 08:00:00,0.29759997,0.5350881
2010-11-25 19:00:00,2010-11-26 08:15:00,0.426,0.42890644
2010-11-25 19:00:00,2010-11-26 08:30:00,0.59386665,0.47701997
2010-11-25 19:00:00,2010-11-26 08:45:00,0.43626663,0.41081145
2010-11-25 19:00:00,2010-11-26 09:00:00,0.56,0.40051565
2010-11-25 19:00:00,2010-11-26 09:15:00,0.85319996,0.3827805
2010-11-25 19:00:00,2010-11-26 09:30:00,0.70519996,0.40433532
2010-11-25 19:00:00,2010-11-26 09:45:00,0.52853334,0.370651
2010-11-25 19:00:00,2010-11-26 10:00:00,0.38986665,0.3552471
2010-11-25 19:00:00,2010-11-26 10:15:00,0.46799996,0.3796879
2010-11-25 19:00:00,2010-11-26 10:30:00,0.34866667,0.39399582
2010-11-25 19:00:00,2010-11-26 10:45:00,0.43186665,0.3575568
2010-11-25 19:00:00,2010-11-26 11:00:00,0.40586662,0.34863588
2010-11-25 19:00:00,2010-11-26 11:15:00,0.36413333,0.36916465
2010-11-25 19:00:00,2010-11-26 11:30:00,0.7066667,0.3862542
2010-11-25 19:00:00,2010-11-26 11:45:00,0.57226664,0.3808246
2010-11-25 19:00:00,2010-11-26 12:00:00,0.72360003,0.40167984
2010-11-25 19:00:00,2010-11-26 12:15:00,0.8501333,0.39231947
2010-11-25 19:00:00,2010-11-26 12:30:00,0.5904,0.37403274
2010-11-25 19:00:00,2010-11-26 12:45:00,0.6594667,0.46255225
2010-11-25 19:00:00,2010-11-26 13:00:00,0.5970667,0.39163053
2010-11-25 19:00:00,2010-11-26 13:15:00,0.6545333,0.3970978
2010-11-25 19:00:00,2010-11-26 13:30:00,0.65999997,0.3877806
2010-11-25 19:00:00,2010-11-26 13:45:00,0.9477333,0.3742508
2010-11-25 19:00:00,2010-11-26 14:00:00,0.98506665,0.46738872
2010-11-25 19:00:00,2010-11-26 14:15:00,0.36786664,0.35832098
2010-11-25 19:00:00,2010-11-26 14:30:00,0.17626664,0.3371628
2010-11-25 19:00:00,2010-11-26 14:45:00,0.22373329,0.33535033
2010-11-25 19:00:00,2010-11-26 15:00:00,0.18986663,0.33901104
2010-11-25 19:00:00,2010-11-26 15:15:00,0.21493332,0.33223206
2010-11-25 19:00:00,2010-11-26 15:30:00,0.37093326,0.33202943
2010-11-25 19:00:00,2010-11-26 15:45:00,0.60226667,0.39418533
2010-11-25 19:00:00,2010-11-26 16:00:00,0.29653326,0.34410286
2010-11-25 19:00:00,2010-11-26 16:15:00,0.2717333,0.33460814
2010-11-25 19:00:00,2010-11-26 16:30:00,0.3396,0.4152522
2010-11-25 19:00:00,2010-11-26 16:45:00,0.25666666,0.37940282
2010-11-25 19:00:00,2010-11-26 17:00:00,0.192,0.40361392
2010-11-25 19:00:00,2010-11-26 17:15:00,0.2777333,0.41582325
2010-11-25 19:00:00,2010-11-26 17:30:00,0.1689333,0.44305894
2010-11-25 19:00:00,2010-11-26 17:45:00,0.21999998,0.4576883
2010-11-25 19:00:00,2010-11-26 18:00:00,0.15799999,0.47077668
2010-11-25 19:00:00,2010-11-26 18:15:00,0.6208,0.48553845
2010-11-25 19:00:00,2010-11-26 18:30:00,0.60573334,0.5168755
2010-11-25 19:00:00,2010-11-26 18:45:00,0.5449333,0.5146454
2010-11-25 19:15:00,2010-11-25 19:15:00,0.45293334,0.50552326
2010-11-25 19:15:00,2010-11-25 19:30:00,0.9118666,0.57195073
2010-11-25 19:15:00,2010-11-25 19:45:00,0.8441333,0.53940743
2010-11-25 19:15:00,2010-11-25 20:00:00,0.998,0.61605465
2010-11-25 19:15:00,2010-11-25 20:15:00,0.68106663,0.5880541
2010-11-25 19:15:00,2010-11-25 20:30:00,1.4341334,0.5387926
2010-11-25 19:15:00,2010-11-25 20:45:00,1.578,0.5512535
2010-11-25 19:15:00,2010-11-25 21:00:00,1.2,0.56379193
2010-11-25 19:15:00,2010-11-25 21:15:00,1.3104,0.5344194
2010-11-25 19:15:00,2010-11-25 21:30:00,1.3174667,0.6280029
2010-11-25 19:15:00,2010-11-25 21:45:00,1.2810667,0.6043946
2010-11-25 19:15:00,2010-11-25 22:00:00,1.2472,0.5390764
2010-11-25 19:15:00,2010-11-25 22:15:00,1.1254667,0.53448623
2010-11-25 19:15:00,2010-11-25 22:30:00,0.576,0.49865508
2010-11-25 19:15:00,2010-11-25 22:45:00,0.23026666,0.48647803
2010-11-25 19:15:00,2010-11-25 23:00:00,0.26066667,0.4507053
2010-11-25 19:15:00,2010-11-25 23:15:00,0.23133333,0.42966112
2010-11-25 19:15:00,2010-11-25 23:30:00,0.18306665,0.39858735
2010-11-25 19:15:00,2010-11-25 23:45:00,0.18919998,0.44182548
2010-11-25 19:15:00,2010-11-26 00:00:00,0.19199994,0.30995393
2010-11-25 19:15:00,2010-11-26 00:15:00,0.22466666,0.2994883
2010-11-25 19:15:00,2010-11-26 00:30:00,0.37253332,0.2884711
2010-11-25 19:15:00,2010-11-26 00:45:00,0.4332,0.31749773
2010-11-25 19:15:00,2010-11-26 01:00:00,0.364,0.31154153
2010-11-25 19:15:00,2010-11-26 01:15:00,0.29279998,0.29819158
2010-11-25 19:15:00,2010-11-26 01:30:00,0.23013332,0.29489282
2010-11-25 19:15:00,2010-11-26 01:45:00,0.15,0.28135592
2010-11-25 19:15:00,2010-11-26 02:00:00,0.218,0.2715996
2010-11-25 19:15:00,2010-11-26 02:15:00,0.16026667,0.2826955
2010-11-25 19:15:00,2010-11-26 02:30:00,0.21999998,0.25679848
2010-11-25 19:15:00,2010-11-26 02:45:00,0.16173334,0.2600556
2010-11-25 19:15:00,2010-11-26 03:00:00,0.19933334,0.27509636
2010-11-25 19:15:00,2010-11-26 03:15:00,0.25893334,0.2661773
2010-11-25 19:15:00,2010-11-26 03:30:00,0.152,0.2722301
2010-11-25 19:15:00,2010-11-26 03:45:00,0.24733332,0.26644397
2010-11-25 19:15:00,2010-11-26 04:00:00,0.17426665,0.2831711
2010-11-25 19:15:00,2010-11-26 04:15:00,0.19359998,0.27634186
2010-11-25 19:15:00,2010-11-26 04:30:00,0.16853333,0.2874631
2010-11-25 19:15:00,2010-11-26 04:45:00,0.20573333,0.28475168
2010-11-25 19:15:00,2010-11-26 05:00:00,0.18773334,0.29111433
2010-11-25 19:15:00,2010-11-26 05:15:00,0.12333333,0.29467258
2010-11-25 19:15:00,2010-11-26 05:30:00,0.2836,0.32610032
2010-11-25 19:15:00,2010-11-26 05:45:00,0.12146667,0.29728505
2010-11-25 19:15:00,2010-11-26 06:00:00,0.18853334,0.3202836
2010-11-25 19:15:00,2010-11-26 06:15:00,0.22426668,0.34199518
2010-11-25 19:15:00,2010-11-26 06:30:00,0.9669333,0.395542
2010-11-25 19:15:00,2010-11-26 06:45:00,0.27733332,0.47793734
2010-11-25 19:15:00,2010-11-26 07:00:00,0.23053332,0.5154981
2010-11-25 19:15:00,2010-11-26 07:15:00,0.43213332,0.45031065
2010-11-25 19:15:00,2010-11-26 07:30:00,0.2782666,0.48181638
2010-11-25 19:15:00,2010-11-26 07:45:00,0.26866665,0.5529779
2010-11-25 19:15:00,2010-11-26 08:00:00,0.29759997,0.5006739
2010-11-25 19:15:00,2010-11-26 08:15:00,0.426,0.43194884
2010-11-25 19:15:00,2010-11-26 08:30:00,0.59386665,0.46465254
2010-11-25 19:15:00,2010-11-26 08:45:00,0.43626663,0.42618385
2010-11-25 19:15:00,2010-11-26 09:00:00,0.56,0.38540816
2010-11-25 19:15:00,2010-11-26 09:15:00,0.85319996,0.3832969
2010-11-25 19:15:00,2010-11-26 09:30:00,0.70519996,0.41873455
2010-11-25 19:15:00,2010-11-26 09:45:00,0.52853334,0.37941685
2010-11-25 19:15:00,2010-11-26 10:00:00,0.38986665,0.36778393
2010-11-25 19:15:00,2010-11-26 10:15:00,0.46799996,0.36843234
2010-11-25 19:15:00,2010-11-26 10:30:00,0.34866667,0.38798186
2010-11-25 19:15:00,2010-11-26 10:45:00,0.43186665,0.36934146
2010-11-25 19:15:00,2010-11-26 11:00:00,0.40586662,0.366773
2010-11-25 19:15:00,2010-11-26 11:15:00,0.36413333,0.38399336
2010-11-25 19:15:00,2010-11-26 11:30:00,0.7066667,0.3838717
2010-11-25 19:15:00,2010-11-26 11:45:00,0.57226664,0.38112256
2010-11-25 19:15:00,2010-11-26 12:00:00,0.72360003,0.40353426
2010-11-25 19:15:00,2010-11-26 12:15:00,0.8501333,0.38326582
2010-11-25 19:15:00,2010-11-26 12:30:00,0.5904,0.4055571
2010-11-25 19:15:00,2010-11-26 12:45:00,0.6594667,0.41957572
2010-11-25 19:15:00,2010-11-26 13:00:00,0.5970667,0.3969802
2010-11-25 19:15:00,2010-11-26 13:15:00,0.6545333,0.40133095
2010-11-25 19:15:00,2010-11-26 13:30:00,0.65999997,0.3936454
2010-11-25 19:15:00,2010-11-26 13:45:00,0.9477333,0.37557748
2010-11-25 19:15:00,2010-11-26 14:00:00,0.98506665,0.4815508
2010-11-25 19:15:00,2010-11-26 14:15:00,0.36786664,0.3639798
2010-11-25 19:15:00,2010-11-26 14:30:00,0.17626664,0.33418447
2010-11-25 19:15:00,2010-11-26 14:45:00,0.22373329,0.32861865
2010-11-25 19:15:00,2010-11-26 15:00:00,0.18986663,0.33859873
2010-11-25 19:15:00,2010-11-26 15:15:00,0.21493332,0.3292861
2010-11-25 19:15:00,2010-11-26 15:30:00,0.37093326,0.33313638
2010-11-25 19:15:00,2010-11-26 15:45:00,0.60226667,0.40340972
2010-11-25 19:15:00,2010-11-26 16:00:00,0.29653326,0.33117512
2010-11-25 19:15:00,2010-11-26 16:15:00,0.2717333,0.34315458
2010-11-25 19:15:00,2010-11-26 16:30:00,0.3396,0.3926154
2010-11-25 19:15:00,2010-11-26 16:45:00,0.25666666,0.38797203
2010-11-25 19:15:00,2010-11-26 17:00:00,0.192,0.39326373
2010-11-25 19:15:00,2010-11-26 17:15:00,0.2777333,0.4230567
2010-11-25 19:15:00,2010-11-26 17:30:00,0.1689333,0.43456197
2010-11-25 19:15:00,2010-11-26 17:45:00,0.21999998,0.43217424
2010-11-25 19:15:00,2010-11-26 18:00:00,0.15799999,0.45481053
2010-11-25 19:15:00,2010-11-26 18:15:00,0.6208,0.4850629
2010-11-25 19:15:00,2010-11-26 18:30:00,0.60573334,0.45540014
2010-11-25 19:15:00,2010-11-26 18:45:00,0.5449333,0.50800085
2010-11-25 19:15:00,2010-11-26 19:00:00,0.6788,0.5578003
2010-11-25 19:30:00,2010-11-25 19:30:00,0.9118666,0.5131265
2010-11-25 19:30:00,2010-11-25 19:45:00,0.8441333,0.52533126
2010-11-25 19:30:00,2010-11-25 20:00:00,0.998,0.5677715
2010-11-25 19:30:00,2010-11-25 20:15:00,0.68106663,0.5593274
2010-11-25 19:30:00,2010-11-25 20:30:00,1.4341334,0.521337
2010-11-25 19:30:00,2010-11-25 20:45:00,1.578,0.5400844
2010-11-25 19:30:00,2010-11-25 21:00:00,1.2,0.53177524
2010-11-25 19:30:00,2010-11-25 21:15:00,1.3104,0.59810334
2010-11-25 19:30:00,2010-11-25 21:30:00,1.3174667,0.63804615
2010-11-25 19:30:00,2010-11-25 21:45:00,1.2810667,0.6177223
2010-11-25 19:30:00,2010-11-25 22:00:00,1.2472,0.5747402
2010-11-25 19:30:00,2010-11-25 22:15:00,1.1254667,0.5503409
2010-11-25 19:30:00,2010-11-25 22:30:00,0.576,0.53099316
2010-11-25 19:30:00,2010-11-25 22:45:00,0.23026666,0.4413522
2010-11-25 19:30:00,2010-11-25 23:00:00,0.26066667,0.44046336
2010-11-25 19:30:00,2010-11-25 23:15:00,0.23133333,0.42303354
2010-11-25 19:30:00,2010-11-25 23:30:00,0.18306665,0.41024232
2010-11-25 19:30:00,2010-11-25 23:45:00,0.18919998,0.41084507
2010-11-25 19:30:00,2010-11-26 00:00:00,0.19199994,0.315776
2010-11-25 19:30:00,2010-11-26 00:15:00,0.22466666,0.30463406
2010-11-25 19:30:00,2010-11-26 00:30:00,0.37253332,0.28453362
2010-11-25 19:30:00,2010-11-26 00:45:00,0.4332,0.3106685
2010-11-25 19:30:00,2010-11-26 01:00:00,0.364,0.31161144
2010-11-25 19:30:00,2010-11-26 01:15:00,0.29279998,0.28772354
2010-11-25 19:30:00,2010-11-26 01:30:00,0.23013332,0.2868469
2010-11-25 19:30:00,2010-11-26 01:45:00,0.15,0.2848437
2010-11-25 19:30:00,2010-11-26 02:00:00,0.218,0.2792244
2010-11-25 19:30:00,2010-11-26 02:15:00,0.16026667,0.2732828
2010-11-25 19:30:00,2010-11-26 02:30:00,0.21999998,0.27410245
2010-11-25 19:30:00,2010-11-26 02:45:00,0.16173334,0.26430252
2010-11-25 19:30:00,2010-11-26 03:00:00,0.19933334,0.26088038
2010-11-25 19:30:00,2010-11-26 03:15:00,0.25893334,0.2622485
2010-11-25 19:30:00,2010-11-26 03:30:00,0.152,0.28401464
2010-11-25 19:30:00,2010-11-26 03:45:00,0.24733332,0.28431353
2010-11-25 19:30:00,2010-11-26 04:00:00,0.17426665,0.2808571
2010-11-25 19:30:00,2010-11-26 04:15:00,0.19359998,0.28710583
2010-11-25 19:30:00,2010-11-26 04:30:00,0.16853333,0.28639528
2010-11-25 19:30:00,2010-11-26 04:45:00,0.20573333,0.29135334
2010-11-25 19:30:00,2010-11-26 05:00:00,0.18773334,0.29146713
2010-11-25 19:30:00,2010-11-26 05:15:00,0.12333333,0.3051203
2010-11-25 19:30:00,2010-11-26 05:30:00,0.2836,0.29780802
2010-11-25 19:30:00,2010-11-26 05:45:00,0.12146667,0.3182468
2010-11-25 19:30:00,2010-11-26 06:00:00,0.18853334,0.33839774
2010-11-25 19:30:00,2010-11-26 06:15:00,0.22426668,0.32898498
2010-11-25 19:30:00,2010-11-26 06:30:00,0.9669333,0.3886598
2010-11-25 19:30:00,2010-11-26 06:45:00,0.27733332,0.47362238
2010-11-25 19:30:00,2010-11-26 07:00:00,0.23053332,0.51580495
2010-11-25 19:30:00,2010-11-26 07:15:00,0.43213332,0.47126853
2010-11-25 19:30:00,2010-11-26 07:30:00,0.2782666,0.47168368
2010-11-25 19:30:00,2010-11-26 07:45:00,0.26866665,0.5370304
2010-11-25 19:30:00,2010-11-26 08:00:00,0.29759997,0.49940467
2010-11-25 19:30:00,2010-11-26 08:15:00,0.426,0.43866915
2010-11-25 19:30:00,2010-11-26 08:30:00,0.59386665,0.4522326
2010-11-25 19:30:00,2010-11-26 08:45:00,0.43626663,0.424506
2010-11-25 19:30:00,2010-11-26 09:00:00,0.56,0.39683688
2010-11-25 19:30:00,2010-11-26 09:15:00,0.85319996,0.4001295
2010-11-25 19:30:00,2010-11-26 09:30:00,0.70519996,0.4130152
2010-11-25 19:30:00,2010-11-26 09:45:00,0.52853334,0.37115088
2010-11-25 19:30:00,2010-11-26 10:00:00,0.38986665,0.3698336
2010-11-25 19:30:00,2010-11-26 10:15:00,0.46799996,0.36787584
2010-11-25 19:30:00,2010-11-26 10:30:00,0.34866667,0.4054724
2010-11-25 19:30:00,2010-11-26 10:45:00,0.43186665,0.36285594
2010-11-25 19:30:00,2010-11-26 11:00:00,0.40586662,0.358437
2010-11-25 19:30:00,2010-11-26 11:15:00,0.36413333,0.3739512
2010-11-25 19:30:00,2010-11-26 11:30:00,0.7066667,0.3746258
2010-11-25 19:30:00,2010-11-26 11:45:00,0.57226664,0.39328393
2010-11-25 19:30:00,2010-11-26 12:00:00,0.72360003,0.40824902
2010-11-25 19:30:00,2010-11-26 12:15:00,0.8501333,0.3757915
2010-11-25 19:30:00,2010-11-26 12:30:00,0.5904,0.39941546
2010-11-25 19:30:00,2010-11-26 12:45:00,0.6594667,0.45858285
2010-11-25 19:30:00,2010-11-26 13:00:00,0.5970667,0.41337016
2010-11-25 19:30:00,2010-11-26 13:15:00,0.6545333,0.4064511
2010-11-25 19:30:00,2010-11-26 13:30:00,0.65999997,0.37751114
2010-11-25 19:30:00,2010-11-26 13:45:00,0.9477333,0.39397132
2010-11-25 19:30:00,2010-11-26 14:00:00,0.98506665,0.47185078
2010-11-25 19:30:00,2010-11-26 14:15:00,0.36786664,0.3653703
2010-11-25 19:30:00,2010-11-26 14:30:00,0.17626664,0.3538732
2010-11-25 19:30:00,2010-11-26 14:45:00,0.22373329,0.33722165
2010-11-25 19:30:00,2010-11-26 15:00:00,0.18986663,0.33021933
2010-11-25 19:30:00,2010-11-26 15:15:00,0.21493332,0.3282823
2010-11-25 19:30:00,2010-11-26 15:30:00,0.37093326,0.33070108
2010-11-25 19:30:00,2010-11-26 15:45:00,0.60226667,0.4069412
2010-11-25 19:30:00,2010-11-26 16:00:00,0.29653326,0.34015188
2010-11-25 19:30:00,2010-11-26 16:15:00,0.2717333,0.34417418
2010-11-25 19:30:00,2010-11-26 16:30:00,0.3396,0.4229813
2010-11-25 19:30:00,2010-11-26 16:45:00,0.25666666,0.37960717
2010-11-25 19:30:00,2010-11-26 17:00:00,0.192,0.41104978
2010-11-25 19:30:00,2010-11-26 17:15:00,0.2777333,0.41619006
2010-11-25 19:30:00,2010-11-26 17:30:00,0.1689333,0.42572987
2010-11-25 19:30:00,2010-11-26 17:45:00,0.21999998,0.42202848
2010-11-25 19:30:00,2010-11-26 18:00:00,0.15799999,0.47725043
2010-11-25 19:30:00,2010-11-26 18:15:00,0.6208,0.4566182
2010-11-25 19:30:00,2010-11-26 18:30:00,0.60573334,0.48709893
2010-11-25 19:30:00,2010-11-26 18:45:00,0.5449333,0.4833283
2010-11-25 19:30:00,2010-11-26 19:00:00,0.6788,0.55000263
2010-11-25 19:30:00,2010-11-26 19:15:00,0.89813334,0.53421456
2010-11-25 19:45:00,2010-11-25 19:45:00,0.8441333,0.6567777
2010-11-25 19:45:00,2010-11-25 20:00:00,0.998,0.6630996
2010-11-25 19:45:00,2010-11-25 20:15:00,0.68106663,0.6336951
2010-11-25 19:45:00,2010-11-25 20:30:00,1.4341334,0.609828
2010-11-25 19:45:00,2010-11-25 20:45:00,1.578,0.6059006
2010-11-25 19:45:00,2010-11-25 21:00:00,1.2,0.58993536
2010-11-25 19:45:00,2010-11-25 21:15:00,1.3104,0.6009977
2010-11-25 19:45:00,2010-11-25 21:30:00,1.3174667,0.65987164
2010-11-25 19:45:00,2010-11-25 21:45:00,1.2810667,0.6355606
2010-11-25 19:45:00,2010-11-25 22:00:00,1.2472,0.63789356
2010-11-25 19:45:00,2010-11-25 22:15:00,1.1254667,0.603047
2010-11-25 19:45:00,2010-11-25 22:30:00,0.576,0.5290334
2010-11-25 19:45:00,2010-11-25 22:45:00,0.23026666,0.49523336
2010-11-25 19:45:00,2010-11-25 23:00:00,0.26066667,0.4076344
2010-11-25 19:45:00,2010-11-25 23:15:00,0.23133333,0.411903
2010-11-25 19:45:00,2010-11-25 23:30:00,0.18306665,0.43518844
2010-11-25 19:45:00,2010-11-25 23:45:00,0.18919998,0.42758918
2010-11-25 19:45:00,2010-11-26 00:00:00,0.19199994,0.32496935
2010-11-25 19:45:00,2010-11-26 00:15:00,0.22466666,0.3172137
2010-11-25 19:45:00,2010-11-26 00:30:00,0.37253332,0.30163947
2010-11-25 19:45:00,2010-11-26 00:45:00,0.4332,0.3058671
2010-11-25 19:45:00,2010-11-26 01:00:00,0.364,0.30852085
2010-11-25 19:45:00,2010-11-26 01:15:00,0.29279998,0.2938664
2010-11-25 19:45:00,2010-11-26 01:30:00,0.23013332,0.2959009
2010-11-25 19:45:00,2010-11-26 01:45:00,0.15,0.2817947
2010-11-25 19:45:00,2010-11-26 02:00:00,0.218,0.2808117
2010-11-25 19:45:00,2010-11-26 02:15:00,0.16026667,0.27076116
2010-11-25 19:45:00,2010-11-26 02:30:00,0.21999998,0.27639133
2010-11-25 19:45:00,2010-11-26 02:45:00,0.16173334,0.26954368
2010-11-25 19:45:00,2010-11-26 03:00:00,0.19933334,0.27431652
2010-11-25 19:45:00,2010-11-26 03:15:00,0.25893334,0.26876035
2010-11-25 19:45:00,2010-11-26 03:30:00,0.152,0.2788622
2010-11-25 19:45:00,2010-11-26 03:45:00,0.24733332,0.28536123
2010-11-25 19:45:00,2010-11-26 04:00:00,0.17426665,0.2835695
2010-11-25 19:45:00,2010-11-26 04:15:00,0.19359998,0.28011858
2010-11-25 19:45:00,2010-11-26 04:30:00,0.16853333,0.27117473
2010-11-25 19:45:00,2010-11-26 04:45:00,0.20573333,0.30086866
2010-11-25 19:45:00,2010-11-26 05:00:00,0.18773334,0.28795367
2010-11-25 19:45:00,2010-11-26 05:15:00,0.12333333,0.30231696
2010-11-25 19:45:00,2010-11-26 05:30:00,0.2836,0.31259286
2010-11-25 19:45:00,2010-11-26 05:45:00,0.12146667,0.30022103
2010-11-25 19:45:00,2010-11-26 06:00:00,0.18853334,0.33594525
2010-11-25 19:45:00,2010-11-26 06:15:00,0.22426668,0.31194824
2010-11-25 19:45:00,2010-11-26 06:30:00,0.9669333,0.38387558
2010-11-25 19:45:00,2010-11-26 06:45:00,0.27733332,0.47666144
2010-11-25 19:45:00,2010-11-26 07:00:00,0.23053332,0.5170985
2010-11-25 19:45:00,2010-11-26 07:15:00,0.43213332,0.47024378
2010-11-25 19:45:00,2010-11-26 07:30:00,0.2782666,0.48446578
2010-11-25 19:45:00,2010-11-26 07:45:00,0.26866665,0.49638313
2010-11-25 19:45:00,2010-11-26 08:00:00,0.29759997,0.48342502
2010-11-25 19:45:00,2010-11-26 08:15:00,0.426,0.42470297
2010-11-25 19:45:00,2010-11-26 08:30:00,0.59386665,0.44315293
2010-11-25 19:45:00,2010-11-26 08:45:00,0.43626663,0.42758605
2010-11-25 19:45:00,2010-11-26 09:00:00,0.56,0.40815526
2010-11-25 19:45:00,2010-11-26 09:15:00,0.85319996,0.39150694
2010-11-25 19:45:00,2010-11-26 09:30:00,0.70519996,0.40151492
2010-11-25 19:45:00,2010-11-26 09:45:00,0.52853334,0.37489808
2010-11-25 19:45:00,2010-11-26 10:00:00,0.38986665,0.37252584
2010-11-25 19:45:00,2010-11-26 10:15:00,0.46799996,0.37530473
2010-11-25 19:45:00,2010-11-26 10:30:00,0.34866667,0.3997334
2010-11-25 19:45:00,2010-11-26 10:45:00,0.43186665,0.3639788
2010-11-25 19:45:00,2010-11-26 11:00:00,0.40586662,0.36115506
2010-11-25 19:45:00,2010-11-26 11:15:00,0.36413333,0.37683395
2010-11-25 19:45:00,2010-11-26 11:30:00,0.7066667,0.3650926
2010-11-25 19:45:00,2010-11-26 11:45:00,0.57226664,0.38785383
2010-11-25 19:45:00,2010-11-26 12:00:00,0.72360003,0.42486787
2010-11-25 19:45:00,2010-11-26 12:15:00,0.8501333,0.4124701
2010-11-25 19:45:00,2010-11-26 12:30:00,0.5904,0.39875245
2010-11-25 19:45:00,2010-11-26 12:45:00,0.6594667,0.4507966
2010-11-25 19:45:00,2010-11-26 13:00:00,0.5970667,0.4074987
2010-11-25 19:45:00,2010-11-26 13:15:00,0.6545333,0.39033645
2010-11-25 19:45:00,2010-11-26 13:30:00,0.65999997,0.39301738
2010-11-25 19:45:00,2010-11-26 13:45:00,0.9477333,0.37996826
2010-11-25 19:45:00,2010-11-26 14:00:00,0.98506665,0.4596697
2010-11-25 19:45:00,2010-11-26 14:15:00,0.36786664,0.36715665
2010-11-25 19:45:00,2010-11-26 14:30:00,0.17626664,0.33827806
2010-11-25 19:45:00,2010-11-26 14:45:00,0.22373329,0.33889377
2010-11-25 19:45:00,2010-11-26 15:00:00,0.18986663,0.32212803
2010-11-25 19:45:00,2010-11-26 15:15:00,0.21493332,0.3234083
2010-11-25 19:45:00,2010-11-26 15:30:00,0.37093326,0.3278699
2010-11-25 19:45:00,2010-11-26 15:45:00,0.60226667,0.38985598
2010-11-25 19:45:00,2010-11-26 16:00:00,0.29653326,0.35360187
2010-11-25 19:45:00,2010-11-26 16:15:00,0.2717333,0.34342661
2010-11-25 19:45:00,2010-11-26 16:30:00,0.3396,0.4232053
2010-11-25 19:45:00,2010-11-26 16:45:00,0.25666666,0.37311742
2010-11-25 19:45:00,2010-11-26 17:00:00,0.192,0.4078531
2010-11-25 19:45:00,2010-11-26 17:15:00,0.2777333,0.4195598
2010-11-25 19:45:00,2010-11-26 17:30:00,0.1689333,0.424399
2010-11-25 19:45:00,2010-11-26 17:45:00,0.21999998,0.42751843
2010-11-25 19:45:00,2010-11-26 18:00:00,0.15799999,0.45021722
2010-11-25 19:45:00,2010-11-26 18:15:00,0.6208,0.46352154
2010-11-25 19:45:00,2010-11-26 18:30:00,0.60573334,0.46273917
2010-11-25 19:45:00,2010-11-26 18:45:00,0.5449333,0.51989853
2010-11-25 19:45:00,2010-11-26 19:00:00,0.6788,0.54426455
2010-11-25 19:45:00,2010-11-26 19:15:00,0.89813334,0.53910476
2010-11-25 19:45:00,2010-11-26 19:30:00,0.6602667,0.6979099
2010-11-25 20:00:00,2010-11-25 20:00:00,0.998,0.6842272
2010-11-25 20:00:00,2010-11-25 20:15:00,0.68106663,0.6887906
2010-11-25 20:00:00,2010-11-25 20:30:00,1.4341334,0.6927014
2010-11-25 20:00:00,2010-11-25 20:45:00,1.578,0.62664145
2010-11-25 20:00:00,2010-11-25 21:00:00,1.2,0.5888858
2010-11-25 20:00:00,2010-11-25 21:15:00,1.3104,0.6581243
2010-11-25 20:00:00,2010-11-25 21:30:00,1.3174667,0.65801376
2010-11-25 20:00:00,2010-11-25 21:45:00,1.2810667,0.67284256
2010-11-25 20:00:00,2010-11-25 22:00:00,1.2472,0.616571
2010-11-25 20:00:00,2010-11-25 22:15:00,1.1254667,0.616538
2010-11-25 20:00:00,2010-11-25 22:30:00,0.576,0.5433035
2010-11-25 20:00:00,2010-11-25 22:45:00,0.23026666,0.48873755
2010-11-25 20:00:00,2010-11-25 23:00:00,0.26066667,0.44667047
2010-11-25 20:00:00,2010-11-25 23:15:00,0.23133333,0.4386249
2010-11-25 20:00:00,2010-11-25 23:30:00,0.18306665,0.44686374
2010-11-25 20:00:00,2010-11-25 23:45:00,0.18919998,0.44264793
2010-11-25 20:00:00,2010-11-26 00:00:00,0.19199994,0.31493166
2010-11-25 20:00:00,2010-11-26 00:15:00,0.22466666,0.31201285
2010-11-25 20:00:00,2010-11-26 00:30:00,0.37253332,0.2942226
2010-11-25 20:00:00,2010-11-26 00:45:00,0.4332,0.30620077
2010-11-25 20:00:00,2010-11-26 01:00:00,0.364,0.29474738
2010-11-25 20:00:00,2010-11-26 01:15:00,0.29279998,0.29744163
2010-11-25 20:00:00,2010-11-26 01:30:00,0.23013332,0.28773445
2010-11-25 20:00:00,2010-11-26 01:45:00,0.15,0.29600373
2010-11-25 20:00:00,2010-11-26 02:00:00,0.218,0.2869122
2010-11-25 20:00:00,2010-11-26 02:15:00,0.16026667,0.27984968
2010-11-25 20:00:00,2010-11-26 02:30:00,0.21999998,0.26888385
2010-11-25 20:00:00,2010-11-26 02:45:00,0.16173334,0.2729248
2010-11-25 20:00:00,2010-11-26 03:00:00,0.19933334,0.26443586
2010-11-25 20:00:00,2010-11-26 03:15:00,0.25893334,0.2611995
2010-11-25 20:00:00,2010-11-26 03:30:00,0.152,0.27242607
2010-11-25 20:00:00,2010-11-26 03:45:00,0.24733332,0.2749487
2010-11-25 20:00:00,2010-11-26 04:00:00,0.17426665,0.2846329
2010-11-25 20:00:00,2010-11-26 04:15:00,0.19359998,0.2799415
2010-11-25 20:00:00,2010-11-26 04:30:00,0.16853333,0.29529983
2010-11-25 20:00:00,2010-11-26 04:45:00,0.20573333,0.29415938
2010-11-25 20:00:00,2010-11-26 05:00:00,0.18773334,0.28891197
2010-11-25 20:00:00,2010-11-26 05:15:00,0.12333333,0.30429944
2010-11-25 20:00:00,2010-11-26 05:30:00,0.2836,0.31318933
2010-11-25 20:00:00,2010-11-26 05:45:00,0.12146667,0.30455163
2010-11-25 20:00:00,2010-11-26 06:00:00,0.18853334,0.34289953
2010-11-25 20:00:00,2010-11-26 06:15:00,0.22426668,0.35545117
2010-11-25 20:00:00,2010-11-26 06:30:00,0.9669333,0.37682772
2010-11-25 20:00:00,2010-11-26 06:45:00,0.27733332,0.43550792
2010-11-25 20:00:00,2010-11-26 07:00:00,0.23053332,0.5341117
2010-11-25 20:00:00,2010-11-26 07:15:00,0.43213332,0.45991883
2010-11-25 20:00:00,2010-11-26 07:30:00,0.2782666,0.47579533
2010-11-25 20:00:00,2010-11-26 07:45:00,0.26866665,0.54774725
2010-11-25 20:00:00,2010-11-26 08:00:00,0.29759997,0.50013787
2010-11-25 20:00:00,2010-11-26 08:15:00,0.426,0.43160343
2010-11-25 20:00:00,2010-11-26 08:30:00,0.59386665,0.44990298
2010-11-25 20:00:00,2010-11-26 08:45:00,0.43626663,0.40857422
2010-11-25 20:00:00,2010-11-26 09:00:00,0.56,0.40814883
2010-11-25 20:00:00,2010-11-26 09:15:00,0.85319996,0.40482146
2010-11-25 20:00:00,2010-11-26 09:30:00,0.70519996,0.42698616
2010-11-25 20:00:00,2010-11-26 09:45:00,0.52853334,0.3818753
2010-11-25 20:00:00,2010-11-26 10:00:00,0.38986665,0.3671509
2010-11-25 20:00:00,2010-11-26 10:15:00,0.46799996,0.37965998
2010-11-25 20:00:00,2010-11-26 10:30:00,0.34866667,0.40203506
2010-11-25 20:00:00,2010-11-26 10:45:00,0.43186665,0.37746528
2010-11-25 20:00:00,2010-11-26 11:00:00,0.40586662,0.34251833
2010-11-25 20:00:00,2010-11-26 11:15:00,0.36413333,0.3755905
2010-11-25 20:00:00,2010-11-26 11:30:00,0.7066667,0.38899955
2010-11-25 20:00:00,2010-11-26 11:45:00,0.57226664,0.3885256
2010-11-25 20:00:00,2010-11-26 12:00:00,0.72360003,0.4062065
2010-11-25 20:00:00,2010-11-26 12:15:00,0.8501333,0.39530435
2010-11-25 20:00:00,2010-11-26 12:30:00,0.5904,0.4041088
2010-11-25 20:00:00,2010-11-26 12:45:00,0.6594667,0.43348426
2010-11-25 20:00:00,2010-11-26 13:00:00,0.5970667,0.39972898
2010-11-25 20:00:00,2010-11-26 13:15:00,0.6545333,0.38901153
2010-11-25 20:00:00,2010-11-26 13:30:00,0.65999997,0.38100412
2010-11-25 20:00:00,2010-11-26 13:45:00,0.9477333,0.38643762
2010-11-25 20:00:00,2010-11-26 14:00:00,0.98506665,0.4310518
2010-11-25 20:00:00,2010-11-26 14:15:00,0.36786664,0.36013374
2010-11-25 20:00:00,2010-11-26 14:30:00,0.17626664,0.33288163
2010-11-25 20:00:00,2010-11-26 14:45:00,0.22373329,0.32655868
2010-11-25 20:00:00,2010-11-26 15:00:00,0.18986663,0.3316249
2010-11-25 20:00:00,2010-11-26 15:15:00,0.21493332,0.33205286
2010-11-25 20:00:00,2010-11-26 15:30:00,0.37093326,0.34421074
2010-11-25 20:00:00,2010-11-26 15:45:00,0.60226667,0.41162172
2010-11-25 20:00:00,2010-11-26 16:00:00,0.29653326,0.33107203
2010-11-25 20:00:00,2010-11-26 16:15:00,0.2717333,0.36487693
2010-11-25 20:00:00,2010-11-26 16:30:00,0.3396,0.41381344
2010-11-25 20:00:00,2010-11-26 16:45:00,0.25666666,0.38124907
2010-11-25 20:00:00,2010-11-26 17:00:00,0.192,0.4037274
2010-11-25 20:00:00,2010-11-26 17:15:00,0.2777333,0.41944316
2010-11-25 20:00:00,2010-11-26 17:30:00,0.1689333,0.44243386
2010-11-25 20:00:00,2010-11-26 17:45:00,0.21999998,0.4408605
2010-11-25 20:00:00,2010-11-26 18:00:00,0.15799999,0.47294083
2010-11-25 20:00:00,2010-11-26 18:15:00,0.6208,0.47038883
2010-11-25 20:00:00,2010-11-26 18:30:00,0.60573334,0.4713203
2010-11-25 20:00:00,2010-11-26 18:45:00,0.5449333,0.4925705
2010-11-25 20:00:00,2010-11-26 19:00:00,0.6788,0.5961625
2010-11-25 20:00:00,2010-11-26 19:15:00,0.89813334,0.5719146
2010-11-25 20:00:00,2010-11-26 19:30:00,0.6602667,0.71612006
2010-11-25 20:00:00,2010-11-26 19:45:00,0.30453333,0.57307184
2010-11-25 20:15:00,2010-11-25 20:15:00,0.68106663,0.8476844
2010-11-25 20:15:00,2010-11-25 20:30:00,1.4341334,0.7370992
2010-11-25 20:15:00,2010-11-25 20:45:00,1.578,0.73524183
2010-11-25 20:15:00,2010-11-25 21:00:00,1.2,0.66236275
2010-11-25 20:15:00,2010-11-25 21:15:00,1.3104,0.6815906
2010-11-25 20:15:00,2010-11-25 21:30:00,1.3174667,0.72718006
2010-11-25 20:15:00,2010-11-25 21:45:00,1.2810667,0.6428555
2010-11-25 20:15:00,2010-11-25 22:00:00,1.2472,0.6729241
2010-11-25 20:15:00,2010-11-25 22:15:00,1.1254667,0.6088022
2010-11-25 20:15:00,2010-11-25 22:30:00,0.576,0.57519495
2010-11-25 20:15:00,2010-11-25 22:45:00,0.23026666,0.50949943
2010-11-25 20:15:00,2010-11-25 23:00:00,0.26066667,0.4579911
2010-11-25 20:15:00,2010-11-25 23:15:00,0.23133333,0.42583528
2010-11-25 20:15:00,2010-11-25 23:30:00,0.18306665,0.46271664
2010-11-25 20:15:00,2010-11-25 23:45:00,0.18919998,0.4673538
2010-11-25 20:15:00,2010-11-26 00:00:00,0.19199994,0.31846488
2010-11-25 20:15:00,2010-11-26 00:15:00,0.22466666,0.32513112
2010-11-25 20:15:00,2010-11-26 00:30:00,0.37253332,0.3069647
2010-11-25 20:15:00,2010-11-26 00:45:00,0.4332,0.30257806
2010-11-25 20:15:00,2010-11-26 01:00:00,0.364,0.3052556
2010-11-25 20:15:00,2010-11-26 01:15:00,0.29279998,0.29228142
2010-11-25 20:15:00,2010-11-26 01:30:00,0.23013332,0.29038697
2010-11-25 20:15:00,2010-11-26 01:45:00,0.15,0.2833676
2010-11-25 20:15:00,2010-11-26 02:00:00,0.218,0.28408325
2010-11-25 20:15:00,2010-11-26 02:15:00,0.16026667,0.28796792
2010-11-25 20:15:00,2010-11-26 02:30:00,0.21999998,0.27637646
2010-11-25 20:15:00,2010-11-26 02:45:00,0.16173334,0.2794714
2010-11-25 20:15:00,2010-11-26 03:00:00,0.19933334,0.27459645
2010-11-25 20:15:00,2010-11-26 03:15:00,0.25893334,0.26358074
2010-11-25 20:15:00,2010-11-26 03:30:00,0.152,0.28108954
2010-11-25 20:15:00,2010-11-26 03:45:00,0.24733332,0.2795497
2010-11-25 20:15:00,2010-11-26 04:00:00,0.17426665,0.27941567
2010-11-25 20:15:00,2010-11-26 04:15:00,0.19359998,0.28955132
2010-11-25 20:15:00,2010-11-26 04:30:00,0.16853333,0.285529
2010-11-25 20:15:00,2010-11-26 04:45:00,0.20573333,0.28682783
2010-11-25 20:15:00,2010-11-26 05:00:00,0.18773334,0.28518385
2010-11-25 20:15:00,2010-11-26 05:15:00,0.12333333,0.28420824
2010-11-25 20:15:00,2010-11-26 05:30:00,0.2836,0.3073203
2010-11-25 20:15:00,2010-11-26 05:45:00,0.12146667,0.29423288
2010-11-25 20:15:00,2010-11-26 06:00:00,0.18853334,0.3348998
2010-11-25 20:15:00,2010-11-26 06:15:00,0.22426668,0.34785593
2010-11-25 20:15:00,2010-11-26 06:30:00,0.9669333,0.39654884
2010-11-25 20:15:00,2010-11-26 06:45:00,0.27733332,0.4626712
2010-11-25 20:15:00,2010-11-26 07:00:00,0.23053332,0.528559
2010-11-25 20:15:00,2010-11-26 07:15:00,0.43213332,0.462296
2010-11-25 20:15:00,2010-11-26 07:30:00,0.2782666,0.47464615
2010-11-25 20:15:00,2010-11-26 07:45:00,0.26866665,0.5420091
2010-11-25 20:15:00,2010-11-26 08:00:00,0.29759997,0.5005626
2010-11-25 20:15:00,2010-11-26 08:15:00,0.426,0.41161045
2010-11-25 20:15:00,2010-11-26 08:30:00,0.59386665,0.44757038
2010-11-25 20:15:00,2010-11-26 08:45:00,0.43626663,0.42115435
2010-11-25 20:15:00,2010-11-26 09:00:00,0.56,0.40170714
2010-11-25 20:15:00,2010-11-26 09:15:00,0.85319996,0.39045706
2010-11-25 20:15:00,2010-11-26 09:30:00,0.70519996,0.41278386
2010-11-25 20:15:00,2010-11-26 09:45:00,0.52853334,0.38440624
2010-11-25 20:15:00,2010-11-26 10:00:00,0.38986665,0.36442378
2010-11-25 20:15:00,2010-11-26 10:15:00,0.46799996,0.37593576
2010-11-25 20:15:00,2010-11-26 10:30:00,0.34866667,0.40222234
2010-11-25 20:15:00,2010-11-26 10:45:00,0.43186665,0.38022307
2010-11-25 20:15:00,2010-11-26 11:00:00,0.40586662,0.3478147
2010-11-25 20:15:00,2010-11-26 11:15:00,0.36413333,0.3637122
2010-11-25 20:15:00,2010-11-26 11:30:00,0.7066667,0.37272835
2010-11-25 20:15:00,2010-11-26 11:45:00,0.57226664,0.39312547
2010-11-25 20:15:00,2010-11-26 12:00:00,0.72360003,0.40583906
2010-11-25 20:15:00,2010-11-26 12:15:00,0.8501333,0.39206472
2010-11-25 20:15:00,2010-11-26 12:30:00,0.5904,0.40525404
2010-11-25 20:15:00,2010-11-26 12:45:00,0.6594667,0.4689235
2010-11-25 20:15:00,2010-11-26 13:00:00,0.5970667,0.4307465
2010-11-25 20:15:00,2010-11-26 13:15:00,0.6545333,0.38774544
2010-11-25 20:15:00,2010-11-26 13:30:00,0.65999997,0.37115833
2010-11-25 20:15:00,2010-11-26 13:45:00,0.9477333,0.36615267
2010-11-25 20:15:00,2010-11-26 14:00:00,0.98506665,0.44274876
2010-11-25 20:15:00,2010-11-26 14:15:00,0.36786664,0.37776133
2010-11-25 20:15:00,2010-11-26 14:30:00,0.17626664,0.33970907
2010-11-25 20:15:00,2010-11-26 14:45:00,0.22373329,0.33501998
2010-11-25 20:15:00,2010-11-26 15:00:00,0.18986663,0.33509597
2010-11-25 20:15:00,2010-11-26 15:15:00,0.21493332,0.31767142
2010-11-25 20:15:00,2010-11-26 15:30:00,0.37093326,0.32445768
2010-11-25 20:15:00,2010-11-26 15:45:00,0.60226667,0.42262766
2010-11-25 20:15:00,2010-11-26 16:00:00,0.29653326,0.3452162
2010-11-25 20:15:00,2010-11-26 16:15:00,0.2717333,0.34923998
2010-11-25 20:15:00,2010-11-26 16:30:00,0.3396,0.40734598
2010-11-25 20:15:00,2010-11-26 16:45:00,0.25666666,0.3950037
2010-11-25 20:15:00,2010-11-26 17:00:00,0.192,0.391432
2010-11-25 20:15:00,2010-11-26 17:15:00,0.2777333,0.41341946
2010-11-25 20:15:00,2010-11-26 17:30:00,0.1689333,0.45477507
2010-11-25 20:15:00,2010-11-26 17:45:00,0.21999998,0.44268033
2010-11-25 20:15:00,2010-11-26 18:00:00,0.15799999,0.48662245
2010-11-25 20:15:00,2010-11-26 18:15:00,0.6208,0.47428006
2010-11-25 20:15:00,2010-11-26 18:30:00,0.60573334,0.47356138
2010-11-25 20:15:00,2010-11-26 18:45:00,0.5449333,0.4844509
2010-11-25 20:15:00,2010-11-26 19:00:00,0.6788,0.59002674
2010-11-25 20:15:00,2010-11-26 19:15:00,0.89813334,0.5866162
2010-11-25 20:15:00,2010-11-26 19:30:00,0.6602667,0.71640944
2010-11-25 20:15:00,2010-11-26 19:45:00,0.30453333,0.59383196
2010-11-25 20:15:00,2010-11-26 20:00:00,0.31746668,0.79568994
2010-11-25 20:30:00,2010-11-25 20:30:00,1.4341334,0.7180531
2010-11-25 20:30:00,2010-11-25 20:45:00,1.578,0.7224785
2010-11-25 20:30:00,2010-11-25 21:00:00,1.2,0.69140834
2010-11-25 20:30:00,2010-11-25 21:15:00,1.3104,0.6324202
2010-11-25 20:30:00,2010-11-25 21:30:00,1.3174667,0.70588803
2010-11-25 20:30:00,2010-11-25 21:45:00,1.2810667,0.6895086
2010-11-25 20:30:00,2010-11-25 22:00:00,1.2472,0.64186275
2010-11-25 20:30:00,2010-11-25 22:15:00,1.1254667,0.66718894
2010-11-25 20:30:00,2010-11-25 22:30:00,0.576,0.5777459
2010-11-25 20:30:00,2010-11-25 22:45:00,0.23026666,0.5432453
2010-11-25 20:30:00,2010-11-25 23:00:00,0.26066667,0.4501553
2010-11-25 20:30:00,2010-11-25 23:15:00,0.23133333,0.42893717
2010-11-25 20:30:00,2010-11-25 23:30:00,0.18306665,0.42424494
2010-11-25 20:30:00,2010-11-25 23:45:00,0.18919998,0.47475883
2010-11-25 20:30:00,2010-11-26 00:00:00,0.19199994,0.31688365
2010-11-25 20:30:00,2010-11-26 00:15:00,0.22466666,0.3382703
2010-11-25 20:30:00,2010-11-26 00:30:00,0.37253332,0.30450696
2010-11-25 20:30:00,2010-11-26 00:45:00,0.4332,0.319278
2010-11-25 20:30:00,2010-11-26 01:00:00,0.364,0.28535777
2010-11-25 20:30:00,2010-11-26 01:15:00,0.29279998,0.29101062
2010-11-25 20:30:00,2010-11-26 01:30:00,0.23013332,0.29194775
2010-11-25 20:30:00,2010-11-26 01:45:00,0.15,0.2874332
2010-11-25 20:30:00,2010-11-26 02:00:00,0.218,0.27340597
2010-11-25 20:30:00,2010-11-26 02:15:00,0.16026667,0.28335965
2010-11-25 20:30:00,2010-11-26 02:30:00,0.21999998,0.2713346
2010-11-25 20:30:00,2010-11-26 02:45:00,0.16173334,0.27060243
2010-11-25 20:30:00,2010-11-26 03:00:00,0.19933334,0.27019408
2010-11-25 20:30:00,2010-11-26 03:15:00,0.25893334,0.26128286
2010-11-25 20:30:00,2010-11-26 03:30:00,0.152,0.2732138
2010-11-25 20:30:00,2010-11-26 03:45:00,0.24733332,0.28859532
2010-11-25 20:30:00,2010-11-26 04:00:00,0.17426665,0.28261054
2010-11-25 20:30:00,2010-11-26 04:15:00,0.19359998,0.28015763
2010-11-25 20:30:00,2010-11-26 04:30:00,0.16853333,0.287134
2010-11-25 20:30:00,2010-11-26 04:45:00,0.20573333,0.2873661
2010-11-25 20:30:00,2010-11-26 05:00:00,0.18773334,0.2819073
2010-11-25 20:30:00,2010-11-26 05:15:00,0.12333333,0.30793092
2010-11-25 20:30:00,2010-11-26 05:30:00,0.2836,0.30931893
2010-11-25 20:30:00,2010-11-26 05:45:00,0.12146667,0.2930661
2010-11-25 20:30:00,2010-11-26 06:00:00,0.18853334,0.3331683
2010-11-25 20:30:00,2010-11-26 06:15:00,0.22426668,0.33503416
2010-11-25 20:30:00,2010-11-26 06:30:00,0.9669333,0.3975414
2010-11-25 20:30:00,2010-11-26 06:45:00,0.27733332,0.4959304
2010-11-25 20:30:00,2010-11-26 07:00:00,0.23053332,0.5209277
2010-11-25 20:30:00,2010-11-26 07:15:00,0.43213332,0.4665966
2010-11-25 20:30:00,2010-11-26 07:30:00,0.2782666,0.50034654
2010-11-25 20:30:00,2010-11-26 07:45:00,0.26866665,0.54231095
2010-11-25 20:30:00,2010-11-26 08:00:00,0.29759997,0.51470035
2010-11-25 20:30:00,2010-11-26 08:15:00,0.426,0.4172508
2010-11-25 20:30:00,2010-11-26 08:30:00,0.59386665,0.45079085
2010-11-25 20:30:00,2010-11-26 08:45:00,0.43626663,0.4240956
2010-11-25 20:30:00,2010-11-26 09:00:00,0.56,0.39020708
2010-11-25 20:30:00,2010-11-26 09:15:00,0.85319996,0.39789885
2010-11-25 20:30:00,2010-11-26 09:30:00,0.70519996,0.4009713
2010-11-25 20:30:00,2010-11-26 09:45:00,0.52853334,0.3756232
2010-11-25 20:30:00,2010-11-26 10:00:00,0.38986665,0.3719397
2010-11-25 20:30:00,2010-11-26 10:15:00,0.46799996,0.3812529
2010-11-25 20:30:00,2010-11-26 10:30:00,0.34866667,0.43088272
2010-11-25 20:30:00,2010-11-26 10:45:00,0.43186665,0.34808016
2010-11-25 20:30:00,2010-11-26 11:00:00,0.40586662,0.35822842
2010-11-25 20:30:00,2010-11-26 11:15:00,0.36413333,0.3804489
2010-11-25 20:30:00,2010-11-26 11:30:00,0.7066667,0.3708763
2010-11-25 20:30:00,2010-11-26 11:45:00,0.57226664,0.4100799
2010-11-25 20:30:00,2010-11-26 12:00:00,0.72360003,0.4273033
2010-11-25 20:30:00,2010-11-26 12:15:00,0.8501333,0.39437118
2010-11-25 20:30:00,2010-11-26 12:30:00,0.5904,0.3803967
2010-11-25 20:30:00,2010-11-26 12:45:00,0.6594667,0.44226658
2010-11-25 20:30:00,2010-11-26 13:00:00,0.5970667,0.40575254
2010-11-25 20:30:00,2010-11-26 13:15:00,0.6545333,0.39912176
2010-11-25 20:30:00,2010-11-26 13:30:00,0.65999997,0.39328274
2010-11-25 20:30:00,2010-11-26 13:45:00,0.9477333,0.379421
2010-11-25 20:30:00,2010-11-26 14:00:00,0.98506665,0.44096684
2010-11-25 20:30:00,2010-11-26 14:15:00,0.36786664,0.3574701
2010-11-25 20:30:00,2010-11-26 14:30:00,0.17626664,0.34875885
2010-11-25 20:30:00,2010-11-26 14:45:00,0.22373329,0.33756766
2010-11-25 20:30:00,2010-11-26 15:00:00,0.18986663,0.33109906
2010-11-25 20:30:00,2010-11-26 15:15:00,0.21493332,0.3349792
2010-11-25 20:30:00,2010-11-26 15:30:00,0.37093326,0.32251784
2010-11-25 20:30:00,2010-11-26 15:45:00,0.60226667,0.38997987
2010-11-25 20:30:00,2010-11-26 16:00:00,0.29653326,0.34449357
2010-11-25 20:30:00,2010-11-26 16:15:00,0.2717333,0.343415
2010-11-25 20:30:00,2010-11-26 16:30:00,0.3396,0.41340083
2010-11-25 20:30:00,2010-11-26 16:45:00,0.25666666,0.37067962
2010-11-25 20:30:00,2010-11-26 17:00:00,0.192,0.3978545
2010-11-25 20:30:00,2010-11-26 17:15:00,0.2777333,0.42281696
2010-11-25 20:30:00,2010-11-26 17:30:00,0.1689333,0.44028974
2010-11-25 20:30:00,2010-11-26 17:45:00,0.21999998,0.44985548
2010-11-25 20:30:00,2010-11-26 18:00:00,0.15799999,0.4626046
2010-11-25 20:30:00,2010-11-26 18:15:00,0.6208,0.4878678
2010-11-25 20:30:00,2010-11-26 18:30:00,0.60573334,0.47826722
2010-11-25 20:30:00,2010-11-26 18:45:00,0.5449333,0.4873893
2010-11-25 20:30:00,2010-11-26 19:00:00,0.6788,0.56844735
2010-11-25 20:30:00,2010-11-26 19:15:00,0.89813334,0.567115
2010-11-25 20:30:00,2010-11-26 19:30:00,0.6602667,0.70162845
2010-11-25 20:30:00,2010-11-26 19:45:00,0.30453333,0.61306655
2010-11-25 20:30:00,2010-11-26 20:00:00,0.31746668,0.782644
2010-11-25 20:30:00,2010-11-26 20:15:00,0.5254667,0.7167892
2010-11-25 20:45:00,2010-11-25 20:45:00,1.578,0.9320129
2010-11-25 20:45:00,2010-11-25 21:00:00,1.2,0.83228856
2010-11-25 20:45:00,2010-11-25 21:15:00,1.3104,0.8313843
2010-11-25 20:45:00,2010-11-25 21:30:00,1.3174667,0.8301951
2010-11-25 20:45:00,2010-11-25 21:45:00,1.2810667,0.8224126
2010-11-25 20:45:00,2010-11-25 22:00:00,1.2472,0.74117625
2010-11-25 20:45:00,2010-11-25 22:15:00,1.1254667,0.707571
2010-11-25 20:45:00,2010-11-25 22:30:00,0.576,0.64530826
2010-11-25 20:45:00,2010-11-25 22:45:00,0.23026666,0.5785328
2010-11-25 20:45:00,2010-11-25 23:00:00,0.26066667,0.47623935
2010-11-25 20:45:00,2010-11-25 23:15:00,0.23133333,0.45319316
2010-11-25 20:45:00,2010-11-25 23:30:00,0.18306665,0.44652858
2010-11-25 20:45:00,2010-11-25 23:45:00,0.18919998,0.49827385
2010-11-25 20:45:00,2010-11-26 00:00:00,0.19199994,0.3316332
2010-11-25 20:45:00,2010-11-26 00:15:00,0.22466666,0.3170673
2010-11-25 20:45:00,2010-11-26 00:30:00,0.37253332,0.3188041
2010-11-25 20:45:00,2010-11-26 00:45:00,0.4332,0.32812744
2010-11-25 20:45:00,2010-11-26 01:00:00,0.364,0.30402684
2010-11-25 20:45:00,2010-11-26 01:15:00,0.29279998,0.28782085
2010-11-25 20:45:00,2010-11-26 01:30:00,0.23013332,0.28971037
2010-11-25 20:45:00,2010-11-26 01:45:00,0.15,0.28161222
2010-11-25 20:45:00,2010-11-26 02:00:00,0.218,0.27986255
2010-11-25 20:45:00,2010-11-26 02:15:00,0.16026667,0.28483623
2010-11-25 20:45:00,2010-11-26 02:30:00,0.21999998,0.28115228
2010-11-25 20:45:00,2010-11-26 02:45:00,0.16173334,0.2800252
2010-11-25 20:45:00,2010-11-26 03:00:00,0.19933334,0.27486616
2010-11-25 20:45:00,2010-11-26 03:15:00,0.25893334,0.2726977
2010-11-25 20:45:00,2010-11-26 03:30:00,0.152,0.26104265
2010-11-25 20:45:00,2010-11-26 03:45:00,0.24733332,0.26459944
2010-11-25 20:45:00,2010-11-26 04:00:00,0.17426665,0.27846995
2010-11-25 20:45:00,2010-11-26 04:15:00,0.19359998,0.27091354
2010-11-25 20:45:00,2010-11-26 04:30:00,0.16853333,0.27549192
2010-11-25 20:45:00,2010-11-26 04:45:00,0.20573333,0.29581672
2010-11-25 20:45:00,2010-11-26 05:00:00,0.18773334,0.2789311
2010-11-25 20:45:00,2010-11-26 05:15:00,0.12333333,0.29681534
2010-11-25 20:45:00,2010-11-26 05:30:00,0.2836,0.30976132
2010-11-25 20:45:00,2010-11-26 05:45:00,0.12146667,0.28206244
2010-11-25 20:45:00,2010-11-26 06:00:00,0.18853334,0.316124
2010-11-25 20:45:00,2010-11-26 06:15:00,0.22426668,0.34758002
2010-11-25 20:45:00,2010-11-26 06:30:00,0.9669333,0.38219732
2010-11-25 20:45:00,2010-11-26 06:45:00,0.27733332,0.47524944
2010-11-25 20:45:00,2010-11-26 07:00:00,0.23053332,0.54353684
2010-11-25 20:45:00,2010-11-26 07:15:00,0.43213332,0.4960089
2010-11-25 20:45:00,2010-11-26 07:30:00,0.2782666,0.5035049
2010-11-25 20:45:00,2010-11-26 07:45:00,0.26866665,0.5977358
2010-11-25 20:45:00,2010-11-26 08:00:00,0.29759997,0.49508643
2010-11-25 20:45:00,2010-11-26 08:15:00,0.426,0.43284854
2010-11-25 20:45:00,2010-11-26 08:30:00,0.59386665,0.4438265
2010-11-25 20:45:00,2010-11-26 08:45:00,0.43626663,0.412978
2010-11-25 20:45:00,2010-11-26 09:00:00,0.56,0.4036666
2010-11-25 20:45:00,2010-11-26 09:15:00,0.85319996,0.3873449
2010-11-25 20:45:00,2010-11-26 09:30:00,0.70519996,0.43726945
2010-11-25 20:45:00,2010-11-26 09:45:00,0.52853334,0.37922636
2010-11-25 20:45:00,2010-11-26 10:00:00,0.38986665,0.37700135
2010-11-25 20:45:00,2010-11-26 10:15:00,0.46799996,0.37633514
2010-11-25 20:45:00,2010-11-26 10:30:00,0.34866667,0.41787633
2010-11-25 20:45:00,2010-11-26 10:45:00,0.43186665,0.3720115
2010-11-25 20:45:00,2010-11-26 11:00:00,0.40586662,0.35379383
2010-11-25 20:45:00,2010-11-26 11:15:00,0.36413333,0.38009652
2010-11-25 20:45:00,2010-11-26 11:30:00,0.7066667,0.36203504
2010-11-25 20:45:00,2010-11-26 11:45:00,0.57226664,0.38696626
2010-11-25 20:45:00,2010-11-26 12:00:00,0.72360003,0.42096692
2010-11-25 20:45:00,2010-11-26 12:15:00,0.8501333,0.40091273
2010-11-25 20:45:00,2010-11-26 12:30:00,0.5904,0.40446022
2010-11-25 20:45:00,2010-11-26 12:45:00,0.6594667,0.43033296
2010-11-25 20:45:00,2010-11-26 13:00:00,0.5970667,0.42875656
2010-11-25 20:45:00,2010-11-26 13:15:00,0.6545333,0.3940512
2010-11-25 20:45:00,2010-11-26 13:30:00,0.65999997,0.408757
2010-11-25 20:45:00,2010-11-26 13:45:00,0.9477333,0.39919123
2010-11-25 20:45:00,2010-11-26 14:00:00,0.98506665,0.43459937
2010-11-25 20:45:00,2010-11-26 14:15:00,0.36786664,0.3656953
2010-11-25 20:45:00,2010-11-26 14:30:00,0.17626664,0.34512076
2010-11-25 20:45:00,2010-11-26 14:45:00,0.22373329,0.3308278
2010-11-25 20:45:00,2010-11-26 15:00:00,0.18986663,0.33289337
2010-11-25 20:45:00,2010-11-26 15:15:00,0.21493332,0.325124
2010-11-25 20:45:00,2010-11-26 15:30:00,0.37093326,0.33795518
2010-11-25 20:45:00,2010-11-26 15:45:00,0.60226667,0.4135357
2010-11-25 20:45:00,2010-11-26 16:00:00,0.29653326,0.34550685
2010-11-25 20:45:00,2010-11-26 16:15:00,0.2717333,0.35781166
2010-11-25 20:45:00,2010-11-26 16:30:00,0.3396,0.4258948
2010-11-25 20:45:00,2010-11-26 16:45:00,0.25666666,0.38351688
2010-11-25 20:45:00,2010-11-26 17:00:00,0.192,0.39248332
2010-11-25 20:45:00,2010-11-26 17:15:00,0.2777333,0.43117028
2010-11-25 20:45:00,2010-11-26 17:30:00,0.1689333,0.43133816
2010-11-25 20:45:00,2010-11-26 17:45:00,0.21999998,0.44621977
2010-11-25 20:45:00,2010-11-26 18:00:00,0.15799999,0.47680113
2010-11-25 20:45:00,2010-11-26 18:15:00,0.6208,0.47127634
2010-11-25 20:45:00,2010-11-26 18:30:00,0.60573334,0.48349142
2010-11-25 20:45:00,2010-11-26 18:45:00,0.5449333,0.5029038
2010-11-25 20:45:00,2010-11-26 19:00:00,0.6788,0.59939843
2010-11-25 20:45:00,2010-11-26 19:15:00,0.89813334,0.54539996
2010-11-25 20:45:00,2010-11-26 19:30:00,0.6602667,0.71261823
2010-11-25 20:45:00,2010-11-26 19:45:00,0.30453333,0.6571228
2010-11-25 20:45:00,2010-11-26 20:00:00,0.31746668,0.8125699
2010-11-25 20:45:00,2010-11-26 20:15:00,0.5254667,0.78248036
2010-11-25 20:45:00,2010-11-26 20:30:00,0.51199996,0.801032
2010-11-25 21:00:00,2010-11-25 21:00:00,1.2,1.077208
2010-11-25 21:00:00,2010-11-25 21:15:00,1.3104,1.0075251
2010-11-25 21:00:00,2010-11-25 21:30:00,1.3174667,1.0012401
2010-11-25 21:00:00,2010-11-25 21:45:00,1.2810667,0.9058391
2010-11-25 21:00:00,2010-11-25 22:00:00,1.2472,0.82988405
2010-11-25 21:00:00,2010-11-25 22:15:00,1.1254667,0.7639639
2010-11-25 21:00:00,2010-11-25 22:30:00,0.576,0.6745235
2010-11-25 21:00:00,2010-11-25 22:45:00,0.23026666,0.59462094
2010-11-25 21:00:00,2010-11-25 23:00:00,0.26066667,0.52615696
2010-11-25 21:00:00,2010-11-25 23:15:00,0.23133333,0.4428737
2010-11-25 21:00:00,2010-11-25 23:30:00,0.18306665,0.4633874
2010-11-25 21:00:00,2010-11-25 23:45:00,0.18919998,0.4859933
2010-11-25 21:00:00,2010-11-26 00:00:00,0.19199994,0.33006704
2010-11-25 21:00:00,2010-11-26 00:15:00,0.22466666,0.32899624
2010-11-25 21:00:00,2010-11-26 00:30:00,0.37253332,0.30875996
2010-11-25 21:00:00,2010-11-26 00:45:00,0.4332,0.33278385
2010-11-25 21:00:00,2010-11-26 01:00:00,0.364,0.3214196
2010-11-25 21:00:00,2010-11-26 01:15:00,0.29279998,0.30644068
2010-11-25 21:00:00,2010-11-26 01:30:00,0.23013332,0.2945119
2010-11-25 21:00:00,2010-11-26 01:45:00,0.15,0.28453377
2010-11-25 21:00:00,2010-11-26 02:00:00,0.218,0.28190607
2010-11-25 21:00:00,2010-11-26 02:15:00,0.16026667,0.2773788
2010-11-25 21:00:00,2010-11-26 02:30:00,0.21999998,0.27310237
2010-11-25 21:00:00,2010-11-26 02:45:00,0.16173334,0.2823407
2010-11-25 21:00:00,2010-11-26 03:00:00,0.19933334,0.2828271
2010-11-25 21:00:00,2010-11-26 03:15:00,0.25893334,0.27806017
2010-11-25 21:00:00,2010-11-26 03:30:00,0.152,0.28001013
2010-11-25 21:00:00,2010-11-26 03:45:00,0.24733332,0.2735105
2010-11-25 21:00:00,2010-11-26 04:00:00,0.17426665,0.28145608
2010-11-25 21:00:00,2010-11-26 04:15:00,0.19359998,0.28754666
2010-11-25 21:00:00,2010-11-26 04:30:00,0.16853333,0.27899343
2010-11-25 21:00:00,2010-11-26 04:45:00,0.20573333,0.28891534
2010-11-25 21:00:00,2010-11-26 05:00:00,0.18773334,0.28435093
2010-11-25 21:00:00,2010-11-26 05:15:00,0.12333333,0.30240735
2010-11-25 21:00:00,2010-11-26 05:30:00,0.2836,0.29791102
2010-11-25 21:00:00,2010-11-26 05:45:00,0.12146667,0.29675797
2010-11-25 21:00:00,2010-11-26 06:00:00,0.18853334,0.33336404
2010-11-25 21:00:00,2010-11-26 06:15:00,0.22426668,0.33159325
2010-11-25 21:00:00,2010-11-26 06:30:00,0.9669333,0.39419478
2010-11-25 21:00:00,2010-11-26 06:45:00,0.27733332,0.48400858
2010-11-25 21:00:00,2010-11-26 07:00:00,0.23053332,0.5757896
2010-11-25 21:00:00,2010-11-26 07:15:00,0.43213332,0.51006883
2010-11-25 21:00:00,2010-11-26 07:30:00,0.2782666,0.49600664
2010-11-25 21:00:00,2010-11-26 07:45:00,0.26866665,0.56959796
2010-11-25 21:00:00,2010-11-26 08:00:00,0.29759997,0.5376556
2010-11-25 21:00:00,2010-11-26 08:15:00,0.426,0.43290776
2010-11-25 21:00:00,2010-11-26 08:30:00,0.59386665,0.45920762
2010-11-25 21:00:00,2010-11-26 08:45:00,0.43626663,0.41197416
2010-11-25 21:00:00,2010-11-26 09:00:00,0.56,0.39624026
2010-11-25 21:00:00,2010-11-26 09:15:00,0.85319996,0.3944918
2010-11-25 21:00:00,2010-11-26 09:30:00,0.70519996,0.4099974
2010-11-25 21:00:00,2010-11-26 09:45:00,0.52853334,0.40771472
2010-11-25 21:00:00,2010-11-26 10:00:00,0.38986665,0.3748057
2010-11-25 21:00:00,2010-11-26 10:15:00,0.46799996,0.37550563
2010-11-25 21:00:00,2010-11-26 10:30:00,0.34866667,0.39176643
2010-11-25 21:00:00,2010-11-26 10:45:00,0.43186665,0.3641242
2010-11-25 21:00:00,2010-11-26 11:00:00,0.40586662,0.37204632
2010-11-25 21:00:00,2010-11-26 11:15:00,0.36413333,0.37898856
2010-11-25 21:00:00,2010-11-26 11:30:00,0.7066667,0.37375
2010-11-25 21:00:00,2010-11-26 11:45:00,0.57226664,0.40741983
2010-11-25 21:00:00,2010-11-26 12:00:00,0.72360003,0.41511807
2010-11-25 21:00:00,2010-11-26 12:15:00,0.8501333,0.38857558
2010-11-25 21:00:00,2010-11-26 12:30:00,0.5904,0.39424437
2010-11-25 21:00:00,2010-11-26 12:45:00,0.6594667,0.43403462
2010-11-25 21:00:00,2010-11-26 13:00:00,0.5970667,0.39690167
2010-11-25 21:00:00,2010-11-26 13:15:00,0.6545333,0.39489967
2010-11-25 21:00:00,2010-11-26 13:30:00,0.65999997,0.3907783
2010-11-25 21:00:00,2010-11-26 13:45:00,0.9477333,0.38646385
2010-11-25 21:00:00,2010-11-26 14:00:00,0.98506665,0.4388036
2010-11-25 21:00:00,2010-11-26 14:15:00,0.36786664,0.3683883
2010-11-25 21:00:00,2010-11-26 14:30:00,0.17626664,0.3387004
2010-11-25 21:00:00,2010-11-26 14:45:00,0.22373329,0.3373402
2010-11-25 21:00:00,2010-11-26 15:00:00,0.18986663,0.32992014
2010-11-25 21:00:00,2010-11-26 15:15:00,0.21493332,0.3191452
2010-11-25 21:00:00,2010-11-26 15:30:00,0.37093326,0.33338526
2010-11-25 21:00:00,2010-11-26 15:45:00,0.60226667,0.40427068
2010-11-25 21:00:00,2010-11-26 16:00:00,0.29653326,0.34379944
2010-11-25 21:00:00,2010-11-26 16:15:00,0.2717333,0.3613832
2010-11-25 21:00:00,2010-11-26 16:30:00,0.3396,0.41099963
2010-11-25 21:00:00,2010-11-26 16:45:00,0.25666666,0.39325207
2010-11-25 21:00:00,2010-11-26 17:00:00,0.192,0.39430475
2010-11-25 21:00:00,2010-11-26 17:15:00,0.2777333,0.41023314
2010-11-25 21:00:00,2010-11-26 17:30:00,0.1689333,0.43868154
2010-11-25 21:00:00,2010-11-26 17:45:00,0.21999998,0.4298104
2010-11-25 21:00:00,2010-11-26 18:00:00,0.15799999,0.45637167
2010-11-25 21:00:00,2010-11-26 18:15:00,0.6208,0.48091322
2010-11-25 21:00:00,2010-11-26 18:30:00,0.60573334,0.46813115
2010-11-25 21:00:00,2010-11-26 18:45:00,0.5449333,0.48804206
2010-11-25 21:00:00,2010-11-26 19:00:00,0.6788,0.6031722
2010-11-25 21:00:00,2010-11-26 19:15:00,0.89813334,0.5889454
2010-11-25 21:00:00,2010-11-26 19:30:00,0.6602667,0.73946
2010-11-25 21:00:00,2010-11-26 19:45:00,0.30453333,0.6461958
2010-11-25 21:00:00,2010-11-26 20:00:00,0.31746668,0.84940505
2010-11-25 21:00:00,2010-11-26 20:15:00,0.5254667,0.75924474
2010-11-25 21:00:00,2010-11-26 20:30:00,0.51199996,0.78515
2010-11-25 21:00:00,2010-11-26 20:45:00,0.5721333,0.8100616
